# Blender 5.0.1
# www.blender.org
mtllib slime5.mtl
o Skin_2
v 0.000000 1.336492 0.000000
v 0.000000 1.182756 -0.555570
v 0.000000 0.944590 -0.831470
v 0.000000 0.660874 -0.980785
v 0.000000 0.521676 -1.000000
v 0.000000 0.393736 -0.980785
v 0.000000 0.191784 -0.831470
v 0.000000 0.032804 0.000000
v 0.038060 1.318660 -0.191342
v 0.074658 1.266304 -0.375330
v 0.108386 1.182756 -0.544895
v 0.137950 1.073267 -0.693520
v 0.162212 0.944590 -0.815493
v 0.180240 0.804438 -0.906127
v 0.191342 0.660874 -0.961940
v 0.195090 0.521676 -0.980785
v 0.191342 0.393736 -0.961940
v 0.180240 0.282542 -0.906127
v 0.162212 0.191784 -0.815493
v 0.137950 0.123119 -0.693520
v 0.108386 0.076107 -0.544895
v 0.074658 0.048331 -0.375330
v 0.038060 0.035685 -0.191342
v 0.074658 1.318660 -0.180240
v 0.146447 1.266304 -0.353553
v 0.212608 1.182756 -0.513280
v 0.270598 1.073267 -0.653281
v 0.318190 0.944590 -0.768178
v 0.353553 0.804438 -0.853553
v 0.375330 0.660874 -0.906127
v 0.382683 0.521676 -0.923879
v 0.375330 0.393736 -0.906127
v 0.353553 0.282542 -0.853553
v 0.318190 0.191784 -0.768178
v 0.270598 0.123119 -0.653281
v 0.212608 0.076107 -0.513280
v 0.146447 0.048331 -0.353553
v 0.074658 0.035685 -0.180240
v 0.108386 1.318660 -0.162212
v 0.212608 1.266304 -0.318190
v 0.308658 1.182756 -0.461940
v 0.392847 1.073267 -0.587938
v 0.461940 0.944590 -0.691342
v 0.513280 0.804438 -0.768178
v 0.544895 0.660874 -0.815493
v 0.555570 0.521676 -0.831469
v 0.544895 0.393736 -0.815493
v 0.513280 0.282542 -0.768178
v 0.461940 0.191784 -0.691342
v 0.392847 0.123119 -0.587938
v 0.308658 0.076107 -0.461940
v 0.212608 0.048331 -0.318190
v 0.108386 0.035685 -0.162212
v 0.137950 1.318660 -0.137950
v 0.270598 1.266304 -0.270598
v 0.392847 1.182756 -0.392847
v 0.500000 1.073267 -0.500000
v 0.587938 0.944590 -0.587938
v 0.653281 0.804438 -0.653281
v 0.693520 0.660874 -0.693520
v 0.707107 0.521676 -0.707107
v 0.693520 0.393736 -0.693520
v 0.653281 0.282542 -0.653281
v 0.587938 0.191784 -0.587938
v 0.500000 0.123119 -0.500000
v 0.392847 0.076107 -0.392847
v 0.270598 0.048331 -0.270598
v 0.137950 0.035685 -0.137950
v 0.162212 1.318660 -0.108386
v 0.318190 1.266304 -0.212608
v 0.461940 1.182756 -0.308658
v 0.587938 1.073267 -0.392847
v 0.691342 0.944590 -0.461940
v 0.768178 0.804438 -0.513280
v 0.815493 0.660874 -0.544895
v 0.831470 0.521676 -0.555570
v 0.815493 0.393736 -0.544895
v 0.768178 0.282542 -0.513280
v 0.691342 0.191784 -0.461940
v 0.587938 0.123119 -0.392847
v 0.461940 0.076107 -0.308658
v 0.318190 0.048331 -0.212608
v 0.162212 0.035685 -0.108386
v 0.180240 1.318660 -0.074658
v 0.353553 1.266304 -0.146447
v 0.513280 1.182756 -0.212607
v 0.653281 1.073267 -0.270598
v 0.768178 0.944590 -0.318190
v 0.853553 0.804438 -0.353553
v 0.906127 0.660874 -0.375330
v 0.923879 0.521676 -0.382683
v 0.906127 0.393736 -0.375330
v 0.853553 0.282542 -0.353553
v 0.768178 0.191784 -0.318190
v 0.653281 0.123119 -0.270598
v 0.513280 0.076107 -0.212607
v 0.353553 0.048331 -0.146447
v 0.180240 0.035685 -0.074658
v 0.191342 1.318660 -0.038060
v 0.375330 1.266304 -0.074658
v 0.544895 1.182756 -0.108386
v 0.693520 1.073267 -0.137950
v 0.815493 0.944590 -0.162212
v 0.906127 0.804438 -0.180240
v 0.961940 0.660874 -0.191342
v 0.980785 0.521676 -0.195090
v 0.961940 0.393736 -0.191342
v 0.906127 0.282542 -0.180240
v 0.815493 0.191784 -0.162212
v 0.693520 0.123119 -0.137950
v 0.544895 0.076107 -0.108386
v 0.375330 0.048331 -0.074658
v 0.191342 0.035685 -0.038060
v 0.195090 1.318660 0.000000
v 0.382683 1.266304 0.000000
v 0.555570 1.182756 0.000000
v 0.707107 1.073267 -0.000000
v 0.831469 0.944590 0.000000
v 0.923879 0.804438 -0.000000
v 0.980785 0.660874 0.000000
v 1.000000 0.521676 0.000000
v 0.980785 0.393736 0.000000
v 0.923879 0.282542 -0.000000
v 0.831469 0.191784 0.000000
v 0.707107 0.123119 -0.000000
v 0.555570 0.076107 0.000000
v 0.382683 0.048331 0.000000
v 0.195090 0.035685 0.000000
v 0.191342 1.318660 0.038060
v 0.375330 1.266304 0.074658
v 0.544895 1.182756 0.108386
v 0.693520 1.073267 0.137950
v 0.815493 0.944590 0.162212
v 0.906127 0.804438 0.180240
v 0.961940 0.660874 0.191342
v 0.980785 0.521676 0.195090
v 0.961940 0.393736 0.191342
v 0.906127 0.282542 0.180240
v 0.815493 0.191784 0.162212
v 0.693520 0.123119 0.137950
v 0.544895 0.076107 0.108386
v 0.375330 0.048331 0.074658
v 0.191342 0.035685 0.038060
v 0.180240 1.318660 0.074658
v 0.353553 1.266304 0.146447
v 0.513280 1.182756 0.212608
v 0.653281 1.073267 0.270598
v 0.768178 0.944590 0.318190
v 0.853553 0.804438 0.353553
v 0.906127 0.660874 0.375330
v 0.923879 0.521676 0.382683
v 0.906127 0.393736 0.375330
v 0.853553 0.282542 0.353553
v 0.768178 0.191784 0.318190
v 0.653281 0.123119 0.270598
v 0.513280 0.076107 0.212608
v 0.353553 0.048331 0.146447
v 0.180240 0.035685 0.074658
v 0.162212 1.318660 0.108386
v 0.318190 1.266304 0.212608
v 0.461940 1.182756 0.308658
v 0.587938 1.073267 0.392847
v 0.691341 0.944590 0.461940
v 0.768178 0.804438 0.513280
v 0.815493 0.660874 0.544895
v 0.831469 0.521676 0.555570
v 0.815493 0.393736 0.544895
v 0.768178 0.282542 0.513280
v 0.691341 0.191784 0.461940
v 0.587938 0.123119 0.392847
v 0.461940 0.076107 0.308658
v 0.318190 0.048331 0.212608
v 0.162212 0.035685 0.108386
v 0.137950 1.318660 0.137950
v 0.270598 1.266304 0.270598
v 0.392847 1.182756 0.392847
v 0.500000 1.073267 0.500000
v 0.587938 0.944590 0.587938
v 0.653281 0.804438 0.653281
v 0.693520 0.660874 0.693520
v 0.707106 0.521676 0.707107
v 0.693520 0.393736 0.693520
v 0.653281 0.282542 0.653281
v 0.587938 0.191785 0.587938
v 0.500000 0.123119 0.500000
v 0.392847 0.076107 0.392847
v 0.270598 0.048331 0.270598
v 0.137950 0.035685 0.137950
v 0.108386 1.318660 0.162212
v 0.212607 1.266304 0.318190
v 0.308658 1.182756 0.461940
v 0.392847 1.073267 0.587938
v 0.461940 0.944590 0.691342
v 0.513280 0.804438 0.768178
v 0.544895 0.660874 0.815493
v 0.555570 0.521676 0.831469
v 0.544895 0.393736 0.815493
v 0.513280 0.282542 0.768178
v 0.461940 0.191784 0.691342
v 0.392847 0.123119 0.587938
v 0.308658 0.076107 0.461940
v 0.212607 0.048331 0.318190
v 0.108386 0.035685 0.162212
v 0.074658 1.318660 0.180240
v 0.146447 1.266304 0.353553
v 0.212607 1.182756 0.513280
v 0.270598 1.073267 0.653281
v 0.318189 0.944590 0.768178
v 0.353553 0.804438 0.853553
v 0.375330 0.660874 0.906127
v 0.382683 0.521676 0.923879
v 0.375330 0.393736 0.906127
v 0.353553 0.282542 0.853553
v 0.318189 0.191785 0.768178
v 0.270598 0.123119 0.653281
v 0.212607 0.076107 0.513280
v 0.146447 0.048331 0.353553
v 0.074658 0.035685 0.180240
v 0.038060 1.318660 0.191342
v 0.074658 1.266304 0.375330
v 0.108386 1.182756 0.544895
v 0.137950 1.073267 0.693520
v 0.162212 0.944590 0.815493
v 0.180240 0.804438 0.906127
v 0.191342 0.660874 0.961939
v 0.195090 0.521676 0.980785
v 0.191342 0.393736 0.961939
v 0.180240 0.282542 0.906127
v 0.162212 0.191785 0.815493
v 0.137950 0.123119 0.693520
v 0.108386 0.076107 0.544895
v 0.074658 0.048331 0.375330
v 0.038060 0.035685 0.191342
v -0.000000 1.318660 0.195090
v -0.000000 1.266304 0.382683
v -0.000000 1.182756 0.555570
v -0.000000 1.073267 0.707107
v -0.000000 0.944590 0.831469
v 0.000000 0.804438 0.923879
v -0.000000 0.660874 0.980785
v -0.000000 0.521676 0.999999
v -0.000000 0.393736 0.980785
v 0.000000 0.282542 0.923879
v -0.000000 0.191785 0.831469
v -0.000000 0.123119 0.707107
v -0.000000 0.076107 0.555570
v -0.000000 0.048331 0.382683
v -0.000000 0.035685 0.195090
v -0.038060 1.318660 0.191342
v -0.074658 1.266304 0.375330
v -0.108386 1.182756 0.544895
v -0.137950 1.073267 0.693520
v -0.162212 0.944590 0.815493
v -0.180240 0.804438 0.906127
v -0.191342 0.660874 0.961939
v -0.195091 0.521676 0.980785
v -0.191342 0.393736 0.961939
v -0.180240 0.282542 0.906127
v -0.162212 0.191785 0.815493
v -0.137950 0.123119 0.693520
v -0.108386 0.076107 0.544895
v -0.074658 0.048331 0.375330
v -0.038060 0.035685 0.191342
v -0.074658 1.318660 0.180240
v -0.146447 1.266304 0.353553
v -0.212608 1.182756 0.513280
v -0.270598 1.073267 0.653281
v -0.318190 0.944590 0.768177
v -0.353553 0.804438 0.853553
v -0.375330 0.660874 0.906127
v -0.382683 0.521676 0.923879
v -0.375330 0.393736 0.906127
v -0.353553 0.282542 0.853553
v -0.318190 0.191785 0.768177
v -0.270598 0.123119 0.653281
v -0.212608 0.076107 0.513280
v -0.146447 0.048331 0.353553
v -0.074658 0.035685 0.180240
v -0.108386 1.318660 0.162212
v -0.212608 1.266304 0.318190
v -0.308658 1.182756 0.461939
v -0.392847 1.073267 0.587938
v -0.461940 0.944590 0.691341
v -0.513280 0.804438 0.768178
v -0.544895 0.660874 0.815493
v -0.555570 0.521676 0.831469
v -0.544895 0.393736 0.815493
v -0.513280 0.282542 0.768178
v -0.461940 0.191785 0.691341
v -0.392847 0.123119 0.587938
v -0.308658 0.076107 0.461939
v -0.212608 0.048331 0.318190
v -0.108386 0.035685 0.162212
v -0.137950 1.318660 0.137950
v -0.270598 1.266304 0.270598
v -0.392847 1.182756 0.392847
v -0.500000 1.073267 0.500000
v -0.587938 0.944590 0.587937
v -0.653281 0.804438 0.653281
v -0.693520 0.660874 0.693520
v -0.707106 0.521676 0.707106
v -0.693520 0.393736 0.693520
v -0.653281 0.282542 0.653281
v -0.587938 0.191785 0.587937
v -0.500000 0.123119 0.500000
v -0.392847 0.076107 0.392847
v -0.270598 0.048331 0.270598
v -0.137950 0.035685 0.137950
v -0.162212 1.318660 0.108386
v -0.318190 1.266304 0.212607
v -0.461940 1.182756 0.308658
v -0.587938 1.073267 0.392847
v -0.691341 0.944590 0.461939
v -0.768177 0.804438 0.513280
v -0.815493 0.660874 0.544895
v -0.831469 0.521676 0.555569
v -0.815493 0.393736 0.544895
v -0.768177 0.282542 0.513280
v -0.691341 0.191785 0.461939
v -0.587938 0.123119 0.392847
v -0.461940 0.076107 0.308658
v -0.318190 0.048331 0.212607
v -0.162212 0.035685 0.108386
v -0.180240 1.318660 0.074658
v -0.353553 1.266304 0.146447
v -0.513280 1.182756 0.212607
v -0.653281 1.073267 0.270598
v -0.768177 0.944590 0.318189
v -0.853553 0.804438 0.353553
v -0.906127 0.660874 0.375330
v -0.923879 0.521676 0.382683
v -0.906127 0.393736 0.375330
v -0.853553 0.282542 0.353553
v -0.768177 0.191785 0.318189
v -0.653281 0.123119 0.270598
v -0.513280 0.076107 0.212607
v -0.353553 0.048331 0.146447
v -0.180240 0.035685 0.074658
v -0.191342 1.318660 0.038060
v -0.375330 1.266304 0.074658
v -0.544895 1.182756 0.108386
v -0.693520 1.073267 0.137950
v -0.815493 0.944590 0.162211
v -0.906127 0.804438 0.180240
v -0.961939 0.660874 0.191341
v -0.980784 0.521676 0.195090
v -0.961939 0.393736 0.191341
v -0.906127 0.282542 0.180240
v -0.815493 0.191785 0.162211
v -0.693520 0.123119 0.137950
v -0.544895 0.076107 0.108386
v -0.375330 0.048331 0.074658
v -0.191342 0.035685 0.038060
v -0.195090 1.318660 -0.000000
v -0.382683 1.266304 -0.000000
v -0.555570 1.182756 -0.000000
v -0.707107 1.073267 -0.000000
v -0.831469 0.944590 -0.000000
v -0.923879 0.804438 -0.000000
v -0.980785 0.660874 -0.000000
v -0.999999 0.521676 -0.000000
v -0.980785 0.393736 -0.000000
v -0.923879 0.282542 -0.000000
v -0.831469 0.191785 -0.000000
v -0.707107 0.123119 -0.000000
v -0.555570 0.076107 -0.000000
v -0.382683 0.048331 -0.000000
v -0.195090 0.035685 -0.000000
v -0.191342 1.318660 -0.038060
v -0.375330 1.266304 -0.074658
v -0.544895 1.182756 -0.108386
v -0.693520 1.073267 -0.137950
v -0.815493 0.944590 -0.162212
v -0.906127 0.804438 -0.180240
v -0.961939 0.660874 -0.191342
v -0.980784 0.521676 -0.195091
v -0.961939 0.393736 -0.191342
v -0.906127 0.282542 -0.180240
v -0.815493 0.191785 -0.162212
v -0.693520 0.123119 -0.137950
v -0.544895 0.076107 -0.108386
v -0.375330 0.048331 -0.074658
v -0.191342 0.035685 -0.038060
v -0.180240 1.318660 -0.074658
v -0.353553 1.266304 -0.146447
v -0.513279 1.182756 -0.212607
v -0.653281 1.073267 -0.270598
v -0.768177 0.944590 -0.318190
v -0.853553 0.804438 -0.353553
v -0.906127 0.660874 -0.375330
v -0.923878 0.521676 -0.382683
v -0.906127 0.393736 -0.375330
v -0.853553 0.282542 -0.353553
v -0.768177 0.191785 -0.318190
v -0.653281 0.123119 -0.270598
v -0.513279 0.076107 -0.212607
v -0.353553 0.048331 -0.146447
v -0.180240 0.035685 -0.074658
v -0.162212 1.318660 -0.108386
v -0.318189 1.266304 -0.212607
v -0.461939 1.182756 -0.308658
v -0.587938 1.073267 -0.392847
v -0.691341 0.944590 -0.461940
v -0.768177 0.804438 -0.513280
v -0.815493 0.660874 -0.544895
v -0.831468 0.521676 -0.555570
v -0.815493 0.393736 -0.544895
v -0.768177 0.282542 -0.513280
v -0.691341 0.191785 -0.461940
v -0.587938 0.123119 -0.392847
v -0.461939 0.076107 -0.308658
v -0.318189 0.048331 -0.212607
v -0.162212 0.035685 -0.108386
v -0.137950 1.318660 -0.137950
v -0.270598 1.266304 -0.270598
v -0.392847 1.182756 -0.392847
v -0.500000 1.073267 -0.500000
v -0.587937 0.944590 -0.587938
v -0.653281 0.804438 -0.653281
v -0.693519 0.660874 -0.693520
v -0.707106 0.521676 -0.707106
v -0.693519 0.393736 -0.693520
v -0.653281 0.282542 -0.653281
v -0.587937 0.191785 -0.587938
v -0.500000 0.123119 -0.500000
v -0.392847 0.076107 -0.392847
v -0.270598 0.048331 -0.270598
v -0.137950 0.035685 -0.137950
v -0.108386 1.318660 -0.162212
v -0.212607 1.266304 -0.318190
v -0.308658 1.182756 -0.461939
v -0.392847 1.073267 -0.587938
v -0.461939 0.944590 -0.691341
v -0.513280 0.804438 -0.768177
v -0.544895 0.660874 -0.815493
v -0.555569 0.521676 -0.831469
v -0.544895 0.393736 -0.815493
v -0.513280 0.282542 -0.768177
v -0.461939 0.191785 -0.691341
v -0.392847 0.123119 -0.587938
v -0.308658 0.076107 -0.461939
v -0.212607 0.048331 -0.318190
v -0.108386 0.035685 -0.162212
v -0.074658 1.318660 -0.180240
v -0.146446 1.266304 -0.353553
v -0.212607 1.182756 -0.513279
v -0.270598 1.073267 -0.653281
v -0.318189 0.944590 -0.768177
v -0.353553 0.804438 -0.853553
v -0.375330 0.660874 -0.906127
v -0.382683 0.521676 -0.923879
v -0.375330 0.393736 -0.906127
v -0.353553 0.282542 -0.853553
v -0.318189 0.191785 -0.768177
v -0.270598 0.123119 -0.653281
v -0.212607 0.076107 -0.513279
v -0.146446 0.048331 -0.353553
v -0.074658 0.035685 -0.180240
v -0.038060 1.318660 -0.191342
v -0.074658 1.266304 -0.375330
v -0.108386 1.182756 -0.544895
v -0.137950 1.073267 -0.693520
v -0.162211 0.944590 -0.815493
v -0.180240 0.804438 -0.906127
v -0.191341 0.660874 -0.961939
v -0.195090 0.521676 -0.980784
v -0.191341 0.393736 -0.961939
v -0.180240 0.282542 -0.906127
v -0.162211 0.191785 -0.815493
v -0.137950 0.123119 -0.693520
v -0.108386 0.076107 -0.544895
v -0.074658 0.048331 -0.375330
v -0.038060 0.035685 -0.191342
v 0.000000 1.318660 -0.195090
v 0.000000 1.266304 -0.382683
v 0.000000 1.073267 -0.707107
v 0.000000 0.804438 -0.923879
v 0.000000 0.282542 -0.923879
v 0.000000 0.123119 -0.707107
v 0.000000 0.076107 -0.555570
v 0.000000 0.048331 -0.382683
v 0.000000 0.035685 -0.195090
vn -0.0000 -1.0000 -0.0000
vn -0.0000 -0.8564 0.5164
vn -0.0000 -0.6226 0.7825
vn -0.0000 -0.2526 0.9676
vn -0.0000 0.0059 1.0000
vn -0.0000 0.3032 0.9529
vn -0.0000 0.7978 0.6029
vn -0.0000 1.0000 -0.0000
vn -0.0363 -0.9825 0.1825
vn -0.0699 -0.9336 0.3513
vn -0.1007 -0.8564 0.5064
vn -0.1284 -0.7530 0.6454
vn -0.1527 -0.6226 0.7675
vn -0.1733 -0.4593 0.8712
vn -0.1888 -0.2526 0.9490
vn -0.1951 0.0059 0.9808
vn -0.1859 0.3032 0.9346
vn -0.1579 0.5874 0.7937
vn -0.1176 0.7978 0.5913
vn -0.0775 0.9177 0.3896
vn -0.0453 0.9727 0.2278
vn -0.0226 0.9933 0.1137
vn -0.0083 0.9991 0.0418
vn -0.0712 -0.9825 0.1719
vn -0.1371 -0.9336 0.3309
vn -0.1976 -0.8564 0.4771
vn -0.2518 -0.7530 0.6079
vn -0.2995 -0.6226 0.7230
vn -0.3399 -0.4593 0.8207
vn -0.3703 -0.2526 0.8939
vn -0.3827 0.0059 0.9239
vn -0.3647 0.3032 0.8804
vn -0.3097 0.5874 0.7477
vn -0.2307 0.7978 0.5570
vn -0.1520 0.9177 0.3670
vn -0.0889 0.9727 0.2145
vn -0.0444 0.9933 0.1071
vn -0.0163 0.9991 0.0394
vn -0.1034 -0.9825 0.1547
vn -0.1990 -0.9336 0.2978
vn -0.2869 -0.8564 0.4293
vn -0.3656 -0.7530 0.5471
vn -0.4348 -0.6226 0.6507
vn -0.4935 -0.4593 0.7386
vn -0.5375 -0.2526 0.8045
vn -0.5556 0.0059 0.8315
vn -0.5294 0.3032 0.7923
vn -0.4496 0.5874 0.6729
vn -0.3350 0.7978 0.5013
vn -0.2207 0.9177 0.3303
vn -0.1290 0.9727 0.1931
vn -0.0644 0.9933 0.0964
vn -0.0237 0.9991 0.0355
vn -0.1316 -0.9825 0.1316
vn -0.2533 -0.9336 0.2533
vn -0.3651 -0.8564 0.3651
vn -0.4653 -0.7530 0.4653
vn -0.5533 -0.6226 0.5533
vn -0.6281 -0.4593 0.6281
vn -0.6842 -0.2526 0.6842
vn -0.7071 0.0059 0.7071
vn -0.6738 0.3032 0.6738
vn -0.5722 0.5874 0.5722
vn -0.4263 0.7978 0.4263
vn -0.2809 0.9177 0.2809
vn -0.1642 0.9727 0.1642
vn -0.0819 0.9933 0.0819
vn -0.0302 0.9991 0.0302
vn -0.1547 -0.9825 0.1034
vn -0.2978 -0.9336 0.1990
vn -0.4293 -0.8564 0.2869
vn -0.5471 -0.7530 0.3656
vn -0.6507 -0.6226 0.4348
vn -0.7386 -0.4593 0.4935
vn -0.8045 -0.2526 0.5375
vn -0.8315 0.0059 0.5556
vn -0.7923 0.3032 0.5294
vn -0.6729 0.5874 0.4496
vn -0.5013 0.7978 0.3350
vn -0.3303 0.9177 0.2207
vn -0.1931 0.9727 0.1290
vn -0.0964 0.9933 0.0644
vn -0.0355 0.9991 0.0237
vn -0.1719 -0.9825 0.0712
vn -0.3309 -0.9336 0.1371
vn -0.4771 -0.8564 0.1976
vn -0.6079 -0.7530 0.2518
vn -0.7230 -0.6226 0.2995
vn -0.8207 -0.4593 0.3399
vn -0.8939 -0.2526 0.3703
vn -0.9239 0.0059 0.3827
vn -0.8804 0.3032 0.3647
vn -0.7477 0.5874 0.3097
vn -0.5570 0.7978 0.2307
vn -0.3670 0.9177 0.1520
vn -0.2145 0.9727 0.0889
vn -0.1071 0.9933 0.0444
vn -0.0394 0.9991 0.0163
vn -0.1825 -0.9825 0.0363
vn -0.3513 -0.9336 0.0699
vn -0.5064 -0.8564 0.1007
vn -0.6454 -0.7530 0.1284
vn -0.7675 -0.6226 0.1527
vn -0.8712 -0.4593 0.1733
vn -0.9490 -0.2526 0.1888
vn -0.9808 0.0059 0.1951
vn -0.9346 0.3032 0.1859
vn -0.7937 0.5874 0.1579
vn -0.5913 0.7978 0.1176
vn -0.3896 0.9177 0.0775
vn -0.2278 0.9727 0.0453
vn -0.1137 0.9933 0.0226
vn -0.0418 0.9991 0.0083
vn -0.1861 -0.9825 -0.0000
vn -0.3582 -0.9336 -0.0000
vn -0.5164 -0.8564 -0.0000
vn -0.6580 -0.7530 -0.0000
vn -0.7825 -0.6226 -0.0000
vn -0.8883 -0.4593 -0.0000
vn -0.9676 -0.2526 -0.0000
vn -1.0000 0.0059 -0.0000
vn -0.9529 0.3032 -0.0000
vn -0.8093 0.5874 -0.0000
vn -0.6029 0.7978 -0.0000
vn -0.3972 0.9177 -0.0000
vn -0.2322 0.9727 -0.0000
vn -0.1159 0.9933 -0.0000
vn -0.0427 0.9991 -0.0000
vn -0.1825 -0.9825 -0.0363
vn -0.3513 -0.9336 -0.0699
vn -0.5064 -0.8564 -0.1007
vn -0.6454 -0.7530 -0.1284
vn -0.7675 -0.6226 -0.1527
vn -0.8712 -0.4593 -0.1733
vn -0.9490 -0.2526 -0.1888
vn -0.9808 0.0059 -0.1951
vn -0.9346 0.3032 -0.1859
vn -0.7937 0.5874 -0.1579
vn -0.5913 0.7978 -0.1176
vn -0.3896 0.9177 -0.0775
vn -0.2278 0.9727 -0.0453
vn -0.1137 0.9933 -0.0226
vn -0.0418 0.9991 -0.0083
vn -0.1719 -0.9825 -0.0712
vn -0.3309 -0.9336 -0.1371
vn -0.4771 -0.8564 -0.1976
vn -0.6079 -0.7530 -0.2518
vn -0.7230 -0.6226 -0.2995
vn -0.8207 -0.4593 -0.3399
vn -0.8939 -0.2526 -0.3703
vn -0.9239 0.0059 -0.3827
vn -0.8804 0.3032 -0.3647
vn -0.7477 0.5874 -0.3097
vn -0.5570 0.7978 -0.2307
vn -0.3670 0.9177 -0.1520
vn -0.2145 0.9727 -0.0889
vn -0.1071 0.9933 -0.0444
vn -0.0394 0.9991 -0.0163
vn -0.1547 -0.9825 -0.1034
vn -0.2978 -0.9336 -0.1990
vn -0.4293 -0.8564 -0.2869
vn -0.5471 -0.7530 -0.3656
vn -0.6507 -0.6226 -0.4348
vn -0.7386 -0.4593 -0.4935
vn -0.8045 -0.2526 -0.5375
vn -0.8315 0.0059 -0.5556
vn -0.7923 0.3032 -0.5294
vn -0.6729 0.5874 -0.4496
vn -0.5013 0.7978 -0.3350
vn -0.3303 0.9177 -0.2207
vn -0.1931 0.9727 -0.1290
vn -0.0964 0.9933 -0.0644
vn -0.0355 0.9991 -0.0237
vn -0.1316 -0.9825 -0.1316
vn -0.2533 -0.9336 -0.2533
vn -0.3651 -0.8564 -0.3651
vn -0.4653 -0.7530 -0.4653
vn -0.5533 -0.6226 -0.5533
vn -0.6281 -0.4593 -0.6281
vn -0.6842 -0.2526 -0.6842
vn -0.7071 0.0059 -0.7071
vn -0.6738 0.3032 -0.6738
vn -0.5722 0.5874 -0.5722
vn -0.4263 0.7978 -0.4263
vn -0.2809 0.9177 -0.2809
vn -0.1642 0.9727 -0.1642
vn -0.0819 0.9933 -0.0819
vn -0.0302 0.9991 -0.0302
vn -0.1034 -0.9825 -0.1547
vn -0.1990 -0.9336 -0.2978
vn -0.2869 -0.8564 -0.4293
vn -0.3656 -0.7530 -0.5471
vn -0.4348 -0.6226 -0.6507
vn -0.4935 -0.4593 -0.7386
vn -0.5375 -0.2526 -0.8045
vn -0.5556 0.0059 -0.8315
vn -0.5294 0.3032 -0.7923
vn -0.4496 0.5874 -0.6729
vn -0.3350 0.7978 -0.5013
vn -0.2207 0.9177 -0.3303
vn -0.1290 0.9727 -0.1931
vn -0.0644 0.9933 -0.0964
vn -0.0237 0.9991 -0.0355
vn -0.0712 -0.9825 -0.1719
vn -0.1371 -0.9336 -0.3309
vn -0.1976 -0.8564 -0.4771
vn -0.2518 -0.7530 -0.6079
vn -0.2995 -0.6226 -0.7230
vn -0.3399 -0.4593 -0.8207
vn -0.3703 -0.2526 -0.8939
vn -0.3827 0.0059 -0.9239
vn -0.3647 0.3032 -0.8804
vn -0.3097 0.5874 -0.7477
vn -0.2307 0.7978 -0.5570
vn -0.1520 0.9177 -0.3670
vn -0.0889 0.9727 -0.2145
vn -0.0444 0.9933 -0.1071
vn -0.0163 0.9991 -0.0394
vn -0.0363 -0.9825 -0.1825
vn -0.0699 -0.9336 -0.3513
vn -0.1007 -0.8564 -0.5064
vn -0.1284 -0.7530 -0.6454
vn -0.1527 -0.6226 -0.7675
vn -0.1733 -0.4593 -0.8712
vn -0.1888 -0.2526 -0.9490
vn -0.1951 0.0059 -0.9808
vn -0.1859 0.3032 -0.9346
vn -0.1579 0.5874 -0.7937
vn -0.1176 0.7978 -0.5913
vn -0.0775 0.9177 -0.3896
vn -0.0453 0.9727 -0.2278
vn -0.0226 0.9933 -0.1137
vn -0.0083 0.9991 -0.0418
vn -0.0000 -0.9825 -0.1861
vn -0.0000 -0.9336 -0.3582
vn -0.0000 -0.8564 -0.5164
vn -0.0000 -0.7530 -0.6580
vn -0.0000 -0.6226 -0.7825
vn -0.0000 -0.4593 -0.8883
vn -0.0000 -0.2526 -0.9676
vn -0.0000 0.0059 -1.0000
vn -0.0000 0.3032 -0.9529
vn -0.0000 0.5874 -0.8093
vn -0.0000 0.7978 -0.6029
vn -0.0000 0.9177 -0.3972
vn -0.0000 0.9727 -0.2322
vn -0.0000 0.9933 -0.1159
vn -0.0000 0.9991 -0.0427
vn 0.0363 -0.9825 -0.1825
vn 0.0699 -0.9336 -0.3513
vn 0.1007 -0.8564 -0.5064
vn 0.1284 -0.7530 -0.6454
vn 0.1527 -0.6226 -0.7675
vn 0.1733 -0.4593 -0.8712
vn 0.1888 -0.2526 -0.9490
vn 0.1951 0.0059 -0.9808
vn 0.1859 0.3032 -0.9346
vn 0.1579 0.5874 -0.7937
vn 0.1176 0.7978 -0.5913
vn 0.0775 0.9177 -0.3896
vn 0.0453 0.9727 -0.2278
vn 0.0226 0.9933 -0.1137
vn 0.0083 0.9991 -0.0418
vn 0.0712 -0.9825 -0.1719
vn 0.1371 -0.9336 -0.3309
vn 0.1976 -0.8564 -0.4771
vn 0.2518 -0.7530 -0.6079
vn 0.2995 -0.6226 -0.7230
vn 0.3399 -0.4593 -0.8207
vn 0.3703 -0.2526 -0.8939
vn 0.3827 0.0059 -0.9239
vn 0.3647 0.3032 -0.8804
vn 0.3097 0.5874 -0.7477
vn 0.2307 0.7978 -0.5570
vn 0.1520 0.9177 -0.3670
vn 0.0889 0.9727 -0.2145
vn 0.0444 0.9933 -0.1071
vn 0.0163 0.9991 -0.0394
vn 0.1034 -0.9825 -0.1547
vn 0.1990 -0.9336 -0.2978
vn 0.2869 -0.8564 -0.4293
vn 0.3656 -0.7530 -0.5471
vn 0.4348 -0.6226 -0.6507
vn 0.4935 -0.4593 -0.7386
vn 0.5375 -0.2526 -0.8045
vn 0.5556 0.0059 -0.8315
vn 0.5294 0.3032 -0.7923
vn 0.4496 0.5874 -0.6729
vn 0.3350 0.7978 -0.5013
vn 0.2207 0.9177 -0.3303
vn 0.1290 0.9727 -0.1931
vn 0.0644 0.9933 -0.0964
vn 0.0237 0.9991 -0.0355
vn 0.1316 -0.9825 -0.1316
vn 0.2533 -0.9336 -0.2533
vn 0.3651 -0.8564 -0.3651
vn 0.4653 -0.7530 -0.4653
vn 0.5533 -0.6226 -0.5533
vn 0.6281 -0.4593 -0.6281
vn 0.6842 -0.2526 -0.6842
vn 0.7071 0.0059 -0.7071
vn 0.6738 0.3032 -0.6738
vn 0.5722 0.5874 -0.5722
vn 0.4263 0.7978 -0.4263
vn 0.2809 0.9177 -0.2809
vn 0.1642 0.9727 -0.1642
vn 0.0819 0.9933 -0.0819
vn 0.0302 0.9991 -0.0302
vn 0.1547 -0.9825 -0.1034
vn 0.2978 -0.9336 -0.1990
vn 0.4293 -0.8564 -0.2869
vn 0.5471 -0.7530 -0.3656
vn 0.6507 -0.6226 -0.4348
vn 0.7386 -0.4593 -0.4935
vn 0.8045 -0.2526 -0.5375
vn 0.8315 0.0059 -0.5556
vn 0.7923 0.3032 -0.5294
vn 0.6729 0.5874 -0.4496
vn 0.5013 0.7978 -0.3350
vn 0.3303 0.9177 -0.2207
vn 0.1931 0.9727 -0.1290
vn 0.0964 0.9933 -0.0644
vn 0.0355 0.9991 -0.0237
vn 0.1719 -0.9825 -0.0712
vn 0.3309 -0.9336 -0.1371
vn 0.4771 -0.8564 -0.1976
vn 0.6079 -0.7530 -0.2518
vn 0.7230 -0.6226 -0.2995
vn 0.8207 -0.4593 -0.3399
vn 0.8939 -0.2526 -0.3703
vn 0.9239 0.0059 -0.3827
vn 0.8804 0.3032 -0.3647
vn 0.7477 0.5874 -0.3097
vn 0.5570 0.7978 -0.2307
vn 0.3670 0.9177 -0.1520
vn 0.2145 0.9727 -0.0889
vn 0.1071 0.9933 -0.0444
vn 0.0394 0.9991 -0.0163
vn 0.1825 -0.9825 -0.0363
vn 0.3513 -0.9336 -0.0699
vn 0.5064 -0.8564 -0.1007
vn 0.6454 -0.7530 -0.1284
vn 0.7675 -0.6226 -0.1527
vn 0.8712 -0.4593 -0.1733
vn 0.9490 -0.2526 -0.1888
vn 0.9808 0.0059 -0.1951
vn 0.9346 0.3032 -0.1859
vn 0.7937 0.5874 -0.1579
vn 0.5913 0.7978 -0.1176
vn 0.3896 0.9177 -0.0775
vn 0.2278 0.9727 -0.0453
vn 0.1137 0.9933 -0.0226
vn 0.0418 0.9991 -0.0083
vn 0.1861 -0.9825 -0.0000
vn 0.3582 -0.9336 -0.0000
vn 0.5164 -0.8564 -0.0000
vn 0.6580 -0.7530 -0.0000
vn 0.7825 -0.6226 -0.0000
vn 0.8883 -0.4593 -0.0000
vn 0.9676 -0.2526 -0.0000
vn 1.0000 0.0059 -0.0000
vn 0.9529 0.3032 -0.0000
vn 0.8093 0.5874 -0.0000
vn 0.6029 0.7978 -0.0000
vn 0.3972 0.9177 -0.0000
vn 0.2322 0.9727 -0.0000
vn 0.1159 0.9933 -0.0000
vn 0.0427 0.9991 -0.0000
vn 0.1825 -0.9825 0.0363
vn 0.3513 -0.9336 0.0699
vn 0.5064 -0.8564 0.1007
vn 0.6454 -0.7530 0.1284
vn 0.7675 -0.6226 0.1527
vn 0.8712 -0.4593 0.1733
vn 0.9490 -0.2526 0.1888
vn 0.9808 0.0059 0.1951
vn 0.9346 0.3032 0.1859
vn 0.7937 0.5874 0.1579
vn 0.5913 0.7978 0.1176
vn 0.3896 0.9177 0.0775
vn 0.2278 0.9727 0.0453
vn 0.1137 0.9933 0.0226
vn 0.0418 0.9991 0.0083
vn 0.1719 -0.9825 0.0712
vn 0.3309 -0.9336 0.1371
vn 0.4771 -0.8564 0.1976
vn 0.6079 -0.7530 0.2518
vn 0.7230 -0.6226 0.2995
vn 0.8207 -0.4593 0.3399
vn 0.8939 -0.2526 0.3703
vn 0.9239 0.0059 0.3827
vn 0.8804 0.3032 0.3647
vn 0.7477 0.5874 0.3097
vn 0.5570 0.7978 0.2307
vn 0.3670 0.9177 0.1520
vn 0.2145 0.9727 0.0889
vn 0.1071 0.9933 0.0444
vn 0.0394 0.9991 0.0163
vn 0.1547 -0.9825 0.1034
vn 0.2978 -0.9336 0.1990
vn 0.4293 -0.8564 0.2869
vn 0.5471 -0.7530 0.3656
vn 0.6507 -0.6226 0.4348
vn 0.7386 -0.4593 0.4935
vn 0.8045 -0.2526 0.5376
vn 0.8315 0.0059 0.5556
vn 0.7923 0.3032 0.5294
vn 0.6729 0.5874 0.4496
vn 0.5013 0.7978 0.3350
vn 0.3303 0.9177 0.2207
vn 0.1931 0.9727 0.1290
vn 0.0964 0.9933 0.0644
vn 0.0355 0.9991 0.0237
vn 0.1316 -0.9825 0.1316
vn 0.2533 -0.9336 0.2533
vn 0.3651 -0.8564 0.3651
vn 0.4653 -0.7530 0.4653
vn 0.5533 -0.6226 0.5533
vn 0.6281 -0.4593 0.6281
vn 0.6842 -0.2526 0.6842
vn 0.7071 0.0059 0.7071
vn 0.6738 0.3032 0.6738
vn 0.5722 0.5874 0.5722
vn 0.4263 0.7978 0.4263
vn 0.2809 0.9177 0.2809
vn 0.1642 0.9727 0.1642
vn 0.0819 0.9933 0.0819
vn 0.0302 0.9991 0.0302
vn 0.1034 -0.9825 0.1547
vn 0.1990 -0.9336 0.2978
vn 0.2869 -0.8564 0.4293
vn 0.3656 -0.7530 0.5471
vn 0.4348 -0.6226 0.6507
vn 0.4935 -0.4593 0.7386
vn 0.5375 -0.2526 0.8045
vn 0.5556 0.0059 0.8315
vn 0.5294 0.3032 0.7923
vn 0.4496 0.5874 0.6729
vn 0.3350 0.7978 0.5013
vn 0.2207 0.9177 0.3303
vn 0.1290 0.9727 0.1931
vn 0.0644 0.9933 0.0964
vn 0.0237 0.9991 0.0355
vn 0.0712 -0.9825 0.1719
vn 0.1371 -0.9336 0.3309
vn 0.1976 -0.8564 0.4771
vn 0.2518 -0.7530 0.6079
vn 0.2995 -0.6226 0.7230
vn 0.3399 -0.4593 0.8207
vn 0.3703 -0.2526 0.8939
vn 0.3827 0.0059 0.9239
vn 0.3647 0.3032 0.8804
vn 0.3097 0.5874 0.7477
vn 0.2307 0.7978 0.5570
vn 0.1520 0.9177 0.3670
vn 0.0889 0.9727 0.2145
vn 0.0444 0.9933 0.1071
vn 0.0163 0.9991 0.0394
vn 0.0363 -0.9825 0.1825
vn 0.0699 -0.9336 0.3513
vn 0.1007 -0.8564 0.5064
vn 0.1284 -0.7530 0.6454
vn 0.1527 -0.6226 0.7675
vn 0.1733 -0.4593 0.8712
vn 0.1888 -0.2526 0.9490
vn 0.1951 0.0059 0.9808
vn 0.1859 0.3032 0.9346
vn 0.1579 0.5874 0.7937
vn 0.1176 0.7978 0.5913
vn 0.0775 0.9177 0.3896
vn 0.0453 0.9727 0.2278
vn 0.0226 0.9933 0.1137
vn 0.0083 0.9991 0.0418
vn -0.0000 -0.9825 0.1861
vn -0.0000 -0.9336 0.3582
vn -0.0000 -0.7530 0.6580
vn -0.0000 -0.4593 0.8883
vn -0.0000 0.5874 0.8093
vn -0.0000 0.9177 0.3972
vn -0.0000 0.9727 0.2322
vn -0.0000 0.9933 0.1159
vn -0.0000 0.9991 0.0427
vt 0.750000 0.312500
vt 0.718750 0.312500
vt 0.718750 0.375000
vt 0.750000 0.375000
vt 0.750000 0.750000
vt 0.718750 0.750000
vt 0.718750 0.812500
vt 0.750000 0.812500
vt 0.750000 0.250000
vt 0.718750 0.250000
vt 0.750000 0.687500
vt 0.718750 0.687500
vt 0.750000 0.187500
vt 0.718750 0.187500
vt 0.750000 0.625000
vt 0.718750 0.625000
vt 0.750000 0.125000
vt 0.718750 0.125000
vt 0.750000 0.562500
vt 0.718750 0.562500
vt 0.750000 0.062500
vt 0.718750 0.062500
vt 0.750000 0.500000
vt 0.718750 0.500000
vt 0.750000 0.937500
vt 0.718750 0.937500
vt 0.734375 1.000000
vt 0.734375 0.000000
vt 0.750000 0.437500
vt 0.718750 0.437500
vt 0.750000 0.875000
vt 0.718750 0.875000
vt 0.687500 0.375000
vt 0.687500 0.437500
vt 0.687500 0.812500
vt 0.687500 0.875000
vt 0.687500 0.312500
vt 0.687500 0.750000
vt 0.687500 0.250000
vt 0.687500 0.687500
vt 0.687500 0.187500
vt 0.687500 0.625000
vt 0.687500 0.125000
vt 0.687500 0.562500
vt 0.687500 0.062500
vt 0.687500 0.500000
vt 0.687500 0.937500
vt 0.703125 1.000000
vt 0.703125 0.000000
vt 0.656250 0.125000
vt 0.656250 0.187500
vt 0.656250 0.562500
vt 0.656250 0.625000
vt 0.656250 0.062500
vt 0.656250 0.500000
vt 0.656250 0.937500
vt 0.671875 1.000000
vt 0.671875 0.000000
vt 0.656250 0.437500
vt 0.656250 0.875000
vt 0.656250 0.375000
vt 0.656250 0.812500
vt 0.656250 0.312500
vt 0.656250 0.750000
vt 0.656250 0.250000
vt 0.656250 0.687500
vt 0.625000 0.812500
vt 0.625000 0.875000
vt 0.625000 0.312500
vt 0.625000 0.375000
vt 0.625000 0.750000
vt 0.625000 0.250000
vt 0.625000 0.687500
vt 0.625000 0.187500
vt 0.625000 0.625000
vt 0.625000 0.125000
vt 0.625000 0.562500
vt 0.625000 0.062500
vt 0.625000 0.500000
vt 0.625000 0.937500
vt 0.640625 1.000000
vt 0.640625 0.000000
vt 0.625000 0.437500
vt 0.593750 0.562500
vt 0.593750 0.625000
vt 0.593750 0.062500
vt 0.593750 0.125000
vt 0.593750 0.500000
vt 0.593750 0.937500
vt 0.609375 1.000000
vt 0.609375 0.000000
vt 0.593750 0.437500
vt 0.593750 0.875000
vt 0.593750 0.375000
vt 0.593750 0.812500
vt 0.593750 0.312500
vt 0.593750 0.750000
vt 0.593750 0.250000
vt 0.593750 0.687500
vt 0.593750 0.187500
vt 0.562500 0.312500
vt 0.562500 0.375000
vt 0.562500 0.750000
vt 0.562500 0.812500
vt 0.562500 0.250000
vt 0.562500 0.687500
vt 0.562500 0.187500
vt 0.562500 0.625000
vt 0.562500 0.125000
vt 0.562500 0.562500
vt 0.562500 0.062500
vt 0.562500 0.500000
vt 0.562500 0.937500
vt 0.578125 1.000000
vt 0.578125 0.000000
vt 0.562500 0.437500
vt 0.562500 0.875000
vt 0.531250 0.062500
vt 0.531250 0.125000
vt 0.531250 0.500000
vt 0.531250 0.562500
vt 0.531250 0.937500
vt 0.546875 1.000000
vt 0.546875 0.000000
vt 0.531250 0.437500
vt 0.531250 0.875000
vt 0.531250 0.375000
vt 0.531250 0.812500
vt 0.531250 0.312500
vt 0.531250 0.750000
vt 0.531250 0.250000
vt 0.531250 0.687500
vt 0.531250 0.187500
vt 0.531250 0.625000
vt 0.500000 0.250000
vt 0.500000 0.312500
vt 0.500000 0.687500
vt 0.500000 0.750000
vt 0.500000 0.187500
vt 0.500000 0.625000
vt 0.500000 0.125000
vt 0.500000 0.562500
vt 0.500000 0.062500
vt 0.500000 0.500000
vt 0.500000 0.937500
vt 0.515625 1.000000
vt 0.515625 0.000000
vt 0.500000 0.437500
vt 0.500000 0.875000
vt 0.500000 0.375000
vt 0.500000 0.812500
vt 0.468750 0.937500
vt 0.484375 1.000000
vt 0.484375 0.000000
vt 0.468750 0.062500
vt 0.468750 0.437500
vt 0.468750 0.500000
vt 0.468750 0.875000
vt 0.468750 0.375000
vt 0.468750 0.812500
vt 0.468750 0.312500
vt 0.468750 0.750000
vt 0.468750 0.250000
vt 0.468750 0.687500
vt 0.468750 0.187500
vt 0.468750 0.625000
vt 0.468750 0.125000
vt 0.468750 0.562500
vt 0.437500 0.687500
vt 0.437500 0.750000
vt 0.437500 0.187500
vt 0.437500 0.250000
vt 0.437500 0.625000
vt 0.437500 0.125000
vt 0.437500 0.562500
vt 0.437500 0.062500
vt 0.437500 0.500000
vt 0.437500 0.937500
vt 0.453125 1.000000
vt 0.453125 0.000000
vt 0.437500 0.437500
vt 0.437500 0.875000
vt 0.437500 0.375000
vt 0.437500 0.812500
vt 0.437500 0.312500
vt 0.406250 0.437500
vt 0.406250 0.500000
vt 0.406250 0.875000
vt 0.406250 0.937500
vt 0.406250 0.375000
vt 0.406250 0.812500
vt 0.406250 0.312500
vt 0.406250 0.750000
vt 0.406250 0.250000
vt 0.406250 0.687500
vt 0.406250 0.187500
vt 0.406250 0.625000
vt 0.406250 0.125000
vt 0.406250 0.562500
vt 0.406250 0.062500
vt 0.421875 1.000000
vt 0.421875 0.000000
vt 0.375000 0.187500
vt 0.375000 0.250000
vt 0.375000 0.625000
vt 0.375000 0.687500
vt 0.375000 0.125000
vt 0.375000 0.562500
vt 0.375000 0.062500
vt 0.375000 0.500000
vt 0.375000 0.937500
vt 0.390625 1.000000
vt 0.390625 0.000000
vt 0.375000 0.437500
vt 0.375000 0.875000
vt 0.375000 0.375000
vt 0.375000 0.812500
vt 0.375000 0.312500
vt 0.375000 0.750000
vt 0.343750 0.875000
vt 0.343750 0.937500
vt 0.343750 0.375000
vt 0.343750 0.437500
vt 0.343750 0.812500
vt 0.343750 0.312500
vt 0.343750 0.750000
vt 0.343750 0.250000
vt 0.343750 0.687500
vt 0.343750 0.187500
vt 0.343750 0.625000
vt 0.343750 0.125000
vt 0.343750 0.562500
vt 0.343750 0.062500
vt 0.343750 0.500000
vt 0.359375 1.000000
vt 0.359375 0.000000
vt 0.312500 0.625000
vt 0.312500 0.687500
vt 0.312500 0.125000
vt 0.312500 0.187500
vt 0.312500 0.562500
vt 0.312500 0.062500
vt 0.312500 0.500000
vt 0.312500 0.937500
vt 0.328125 1.000000
vt 0.328125 0.000000
vt 0.312500 0.437500
vt 0.312500 0.875000
vt 0.312500 0.375000
vt 0.312500 0.812500
vt 0.312500 0.312500
vt 0.312500 0.750000
vt 0.312500 0.250000
vt 0.281250 0.375000
vt 0.281250 0.437500
vt 0.281250 0.812500
vt 0.281250 0.875000
vt 0.281250 0.312500
vt 0.281250 0.750000
vt 0.281250 0.250000
vt 0.281250 0.687500
vt 0.281250 0.187500
vt 0.281250 0.625000
vt 0.281250 0.125000
vt 0.281250 0.562500
vt 0.281250 0.062500
vt 0.281250 0.500000
vt 0.281250 0.937500
vt 0.296875 1.000000
vt 0.296875 0.000000
vt 0.250000 0.125000
vt 0.250000 0.187500
vt 0.250000 0.562500
vt 0.250000 0.625000
vt 0.250000 0.062500
vt 0.250000 0.500000
vt 0.250000 0.937500
vt 0.265625 1.000000
vt 0.265625 0.000000
vt 0.250000 0.437500
vt 0.250000 0.875000
vt 0.250000 0.375000
vt 0.250000 0.812500
vt 0.250000 0.312500
vt 0.250000 0.750000
vt 0.250000 0.250000
vt 0.250000 0.687500
vt 0.218750 0.312500
vt 0.218750 0.375000
vt 0.218750 0.750000
vt 0.218750 0.812500
vt 0.218750 0.250000
vt 0.218750 0.687500
vt 0.218750 0.187500
vt 0.218750 0.625000
vt 0.218750 0.125000
vt 0.218750 0.562500
vt 0.218750 0.062500
vt 0.218750 0.500000
vt 0.218750 0.937500
vt 0.234375 1.000000
vt 0.234375 0.000000
vt 0.218750 0.437500
vt 0.218750 0.875000
vt 0.187500 0.062500
vt 0.187500 0.125000
vt 0.187500 0.500000
vt 0.187500 0.562500
vt 0.187500 0.937500
vt 0.203125 1.000000
vt 0.203125 0.000000
vt 0.187500 0.437500
vt 0.187500 0.875000
vt 0.187500 0.375000
vt 0.187500 0.812500
vt 0.187500 0.312500
vt 0.187500 0.750000
vt 0.187500 0.250000
vt 0.187500 0.687500
vt 0.187500 0.187500
vt 0.187500 0.625000
vt 0.156250 0.750000
vt 0.156250 0.812500
vt 0.156250 0.250000
vt 0.156250 0.312500
vt 0.156250 0.687500
vt 0.156250 0.187500
vt 0.156250 0.625000
vt 0.156250 0.125000
vt 0.156250 0.562500
vt 0.156250 0.062500
vt 0.156250 0.500000
vt 0.156250 0.937500
vt 0.171875 1.000000
vt 0.171875 0.000000
vt 0.156250 0.437500
vt 0.156250 0.875000
vt 0.156250 0.375000
vt 0.125000 0.500000
vt 0.125000 0.562500
vt 0.125000 0.937500
vt 0.140625 1.000000
vt 0.140625 0.000000
vt 0.125000 0.062500
vt 0.125000 0.437500
vt 0.125000 0.875000
vt 0.125000 0.375000
vt 0.125000 0.812500
vt 0.125000 0.312500
vt 0.125000 0.750000
vt 0.125000 0.250000
vt 0.125000 0.687500
vt 0.125000 0.187500
vt 0.125000 0.625000
vt 0.125000 0.125000
vt 0.093750 0.250000
vt 0.093750 0.312500
vt 0.093750 0.687500
vt 0.093750 0.750000
vt 0.093750 0.187500
vt 0.093750 0.625000
vt 0.093750 0.125000
vt 0.093750 0.562500
vt 0.093750 0.062500
vt 0.093750 0.500000
vt 0.093750 0.937500
vt 0.109375 1.000000
vt 0.109375 0.000000
vt 0.093750 0.437500
vt 0.093750 0.875000
vt 0.093750 0.375000
vt 0.093750 0.812500
vt 0.062500 0.937500
vt 0.078125 1.000000
vt 0.078125 0.000000
vt 0.062500 0.062500
vt 0.062500 0.437500
vt 0.062500 0.500000
vt 0.062500 0.875000
vt 0.062500 0.375000
vt 0.062500 0.812500
vt 0.062500 0.312500
vt 0.062500 0.750000
vt 0.062500 0.250000
vt 0.062500 0.687500
vt 0.062500 0.187500
vt 0.062500 0.625000
vt 0.062500 0.125000
vt 0.062500 0.562500
vt 0.031250 0.687500
vt 0.031250 0.750000
vt 0.031250 0.187500
vt 0.031250 0.250000
vt 0.031250 0.625000
vt 0.031250 0.125000
vt 0.031250 0.562500
vt 0.031250 0.062500
vt 0.031250 0.500000
vt 0.031250 0.937500
vt 0.046875 1.000000
vt 0.046875 0.000000
vt 0.031250 0.437500
vt 0.031250 0.875000
vt 0.031250 0.375000
vt 0.031250 0.812500
vt 0.031250 0.312500
vt 0.000000 0.437500
vt 0.000000 0.500000
vt 0.000000 0.875000
vt 0.000000 0.937500
vt 0.000000 0.375000
vt 0.000000 0.812500
vt 0.000000 0.312500
vt 0.000000 0.750000
vt 0.000000 0.250000
vt 0.000000 0.687500
vt 0.000000 0.187500
vt 0.000000 0.625000
vt 0.000000 0.125000
vt 0.000000 0.562500
vt 0.000000 0.062500
vt 0.015625 1.000000
vt 0.015625 0.000000
vt 1.000000 0.187500
vt 0.968750 0.187500
vt 0.968750 0.250000
vt 1.000000 0.250000
vt 1.000000 0.625000
vt 0.968750 0.625000
vt 0.968750 0.687500
vt 1.000000 0.687500
vt 1.000000 0.125000
vt 0.968750 0.125000
vt 1.000000 0.562500
vt 0.968750 0.562500
vt 1.000000 0.062500
vt 0.968750 0.062500
vt 1.000000 0.500000
vt 0.968750 0.500000
vt 1.000000 0.937500
vt 0.968750 0.937500
vt 0.984375 1.000000
vt 0.984375 0.000000
vt 1.000000 0.437500
vt 0.968750 0.437500
vt 1.000000 0.875000
vt 0.968750 0.875000
vt 1.000000 0.375000
vt 0.968750 0.375000
vt 1.000000 0.812500
vt 0.968750 0.812500
vt 1.000000 0.312500
vt 0.968750 0.312500
vt 1.000000 0.750000
vt 0.968750 0.750000
vt 0.937500 0.375000
vt 0.937500 0.437500
vt 0.937500 0.812500
vt 0.937500 0.875000
vt 0.937500 0.312500
vt 0.937500 0.750000
vt 0.937500 0.250000
vt 0.937500 0.687500
vt 0.937500 0.187500
vt 0.937500 0.625000
vt 0.937500 0.125000
vt 0.937500 0.562500
vt 0.937500 0.062500
vt 0.937500 0.500000
vt 0.937500 0.937500
vt 0.953125 1.000000
vt 0.953125 0.000000
vt 0.906250 0.125000
vt 0.906250 0.187500
vt 0.906250 0.562500
vt 0.906250 0.625000
vt 0.906250 0.062500
vt 0.906250 0.500000
vt 0.906250 0.937500
vt 0.921875 1.000000
vt 0.921875 0.000000
vt 0.906250 0.437500
vt 0.906250 0.875000
vt 0.906250 0.375000
vt 0.906250 0.812500
vt 0.906250 0.312500
vt 0.906250 0.750000
vt 0.906250 0.250000
vt 0.906250 0.687500
vt 0.875000 0.812500
vt 0.875000 0.875000
vt 0.875000 0.312500
vt 0.875000 0.375000
vt 0.875000 0.750000
vt 0.875000 0.250000
vt 0.875000 0.687500
vt 0.875000 0.187500
vt 0.875000 0.625000
vt 0.875000 0.125000
vt 0.875000 0.562500
vt 0.875000 0.062500
vt 0.875000 0.500000
vt 0.875000 0.937500
vt 0.890625 1.000000
vt 0.890625 0.000000
vt 0.875000 0.437500
vt 0.843750 0.562500
vt 0.843750 0.625000
vt 0.843750 0.062500
vt 0.843750 0.125000
vt 0.843750 0.500000
vt 0.843750 0.937500
vt 0.859375 1.000000
vt 0.859375 0.000000
vt 0.843750 0.437500
vt 0.843750 0.875000
vt 0.843750 0.375000
vt 0.843750 0.812500
vt 0.843750 0.312500
vt 0.843750 0.750000
vt 0.843750 0.250000
vt 0.843750 0.687500
vt 0.843750 0.187500
vt 0.812500 0.312500
vt 0.812500 0.375000
vt 0.812500 0.750000
vt 0.812500 0.812500
vt 0.812500 0.250000
vt 0.812500 0.687500
vt 0.812500 0.187500
vt 0.812500 0.625000
vt 0.812500 0.125000
vt 0.812500 0.562500
vt 0.812500 0.062500
vt 0.812500 0.500000
vt 0.812500 0.937500
vt 0.828125 1.000000
vt 0.828125 0.000000
vt 0.812500 0.437500
vt 0.812500 0.875000
vt 0.781250 0.062500
vt 0.781250 0.125000
vt 0.781250 0.500000
vt 0.781250 0.562500
vt 0.781250 0.937500
vt 0.796875 1.000000
vt 0.796875 0.000000
vt 0.781250 0.437500
vt 0.781250 0.875000
vt 0.781250 0.375000
vt 0.781250 0.812500
vt 0.781250 0.312500
vt 0.781250 0.750000
vt 0.781250 0.250000
vt 0.781250 0.687500
vt 0.781250 0.187500
vt 0.781250 0.625000
vt 0.765625 1.000000
vt 0.765625 0.000000
s 1
usemtl Skin2
f 7/1/7 19/2/19 18/3/18 478/4/478
f 476/5/476 12/6/12 11/7/11 2/8/2
f 479/9/479 20/10/20 19/2/19 7/1/7
f 3/11/3 13/12/13 12/6/12 476/5/476
f 480/13/480 21/14/21 20/10/20 479/9/479
f 477/15/477 14/16/14 13/12/13 3/11/3
f 481/17/481 22/18/22 21/14/21 480/13/480
f 4/19/4 15/20/15 14/16/14 477/15/477
f 482/21/482 23/22/23 22/18/22 481/17/481
f 5/23/5 16/24/16 15/20/15 4/19/4
f 474/25/474 9/26/9 1/27/1
f 8/28/8 23/22/23 482/21/482
f 6/29/6 17/30/17 16/24/16 5/23/5
f 475/31/475 10/32/10 9/26/9 474/25/474
f 478/4/478 18/3/18 17/30/17 6/29/6
f 2/8/2 11/7/11 10/32/10 475/31/475
f 18/3/18 33/33/33 32/34/32 17/30/17
f 11/7/11 26/35/26 25/36/25 10/32/10
f 19/2/19 34/37/34 33/33/33 18/3/18
f 12/6/12 27/38/27 26/35/26 11/7/11
f 20/10/20 35/39/35 34/37/34 19/2/19
f 13/12/13 28/40/28 27/38/27 12/6/12
f 21/14/21 36/41/36 35/39/35 20/10/20
f 14/16/14 29/42/29 28/40/28 13/12/13
f 22/18/22 37/43/37 36/41/36 21/14/21
f 15/20/15 30/44/30 29/42/29 14/16/14
f 23/22/23 38/45/38 37/43/37 22/18/22
f 16/24/16 31/46/31 30/44/30 15/20/15
f 9/26/9 24/47/24 1/48/1
f 8/49/8 38/45/38 23/22/23
f 17/30/17 32/34/32 31/46/31 16/24/16
f 10/32/10 25/36/25 24/47/24 9/26/9
f 37/43/37 52/50/52 51/51/51 36/41/36
f 30/44/30 45/52/45 44/53/44 29/42/29
f 38/45/38 53/54/53 52/50/52 37/43/37
f 31/46/31 46/55/46 45/52/45 30/44/30
f 24/47/24 39/56/39 1/57/1
f 8/58/8 53/54/53 38/45/38
f 32/34/32 47/59/47 46/55/46 31/46/31
f 25/36/25 40/60/40 39/56/39 24/47/24
f 33/33/33 48/61/48 47/59/47 32/34/32
f 26/35/26 41/62/41 40/60/40 25/36/25
f 34/37/34 49/63/49 48/61/48 33/33/33
f 27/38/27 42/64/42 41/62/41 26/35/26
f 35/39/35 50/65/50 49/63/49 34/37/34
f 28/40/28 43/66/43 42/64/42 27/38/27
f 36/41/36 51/51/51 50/65/50 35/39/35
f 29/42/29 44/53/44 43/66/43 28/40/28
f 41/62/41 56/67/56 55/68/55 40/60/40
f 49/63/49 64/69/64 63/70/63 48/61/48
f 42/64/42 57/71/57 56/67/56 41/62/41
f 50/65/50 65/72/65 64/69/64 49/63/49
f 43/66/43 58/73/58 57/71/57 42/64/42
f 51/51/51 66/74/66 65/72/65 50/65/50
f 44/53/44 59/75/59 58/73/58 43/66/43
f 52/50/52 67/76/67 66/74/66 51/51/51
f 45/52/45 60/77/60 59/75/59 44/53/44
f 53/54/53 68/78/68 67/76/67 52/50/52
f 46/55/46 61/79/61 60/77/60 45/52/45
f 39/56/39 54/80/54 1/81/1
f 8/82/8 68/78/68 53/54/53
f 47/59/47 62/83/62 61/79/61 46/55/46
f 40/60/40 55/68/55 54/80/54 39/56/39
f 48/61/48 63/70/63 62/83/62 47/59/47
f 60/77/60 75/84/75 74/85/74 59/75/59
f 68/78/68 83/86/83 82/87/82 67/76/67
f 61/79/61 76/88/76 75/84/75 60/77/60
f 54/80/54 69/89/69 1/90/1
f 8/91/8 83/86/83 68/78/68
f 62/83/62 77/92/77 76/88/76 61/79/61
f 55/68/55 70/93/70 69/89/69 54/80/54
f 63/70/63 78/94/78 77/92/77 62/83/62
f 56/67/56 71/95/71 70/93/70 55/68/55
f 64/69/64 79/96/79 78/94/78 63/70/63
f 57/71/57 72/97/72 71/95/71 56/67/56
f 65/72/65 80/98/80 79/96/79 64/69/64
f 58/73/58 73/99/73 72/97/72 57/71/57
f 66/74/66 81/100/81 80/98/80 65/72/65
f 59/75/59 74/85/74 73/99/73 58/73/58
f 67/76/67 82/87/82 81/100/81 66/74/66
f 79/96/79 94/101/94 93/102/93 78/94/78
f 72/97/72 87/103/87 86/104/86 71/95/71
f 80/98/80 95/105/95 94/101/94 79/96/79
f 73/99/73 88/106/88 87/103/87 72/97/72
f 81/100/81 96/107/96 95/105/95 80/98/80
f 74/85/74 89/108/89 88/106/88 73/99/73
f 82/87/82 97/109/97 96/107/96 81/100/81
f 75/84/75 90/110/90 89/108/89 74/85/74
f 83/86/83 98/111/98 97/109/97 82/87/82
f 76/88/76 91/112/91 90/110/90 75/84/75
f 69/89/69 84/113/84 1/114/1
f 8/115/8 98/111/98 83/86/83
f 77/92/77 92/116/92 91/112/91 76/88/76
f 70/93/70 85/117/85 84/113/84 69/89/69
f 78/94/78 93/102/93 92/116/92 77/92/77
f 71/95/71 86/104/86 85/117/85 70/93/70
f 98/111/98 113/118/113 112/119/112 97/109/97
f 91/112/91 106/120/106 105/121/105 90/110/90
f 84/113/84 99/122/99 1/123/1
f 8/124/8 113/118/113 98/111/98
f 92/116/92 107/125/107 106/120/106 91/112/91
f 85/117/85 100/126/100 99/122/99 84/113/84
f 93/102/93 108/127/108 107/125/107 92/116/92
f 86/104/86 101/128/101 100/126/100 85/117/85
f 94/101/94 109/129/109 108/127/108 93/102/93
f 87/103/87 102/130/102 101/128/101 86/104/86
f 95/105/95 110/131/110 109/129/109 94/101/94
f 88/106/88 103/132/103 102/130/102 87/103/87
f 96/107/96 111/133/111 110/131/110 95/105/95
f 89/108/89 104/134/104 103/132/103 88/106/88
f 97/109/97 112/119/112 111/133/111 96/107/96
f 90/110/90 105/121/105 104/134/104 89/108/89
f 110/131/110 125/135/125 124/136/124 109/129/109
f 103/132/103 118/137/118 117/138/117 102/130/102
f 111/133/111 126/139/126 125/135/125 110/131/110
f 104/134/104 119/140/119 118/137/118 103/132/103
f 112/119/112 127/141/127 126/139/126 111/133/111
f 105/121/105 120/142/120 119/140/119 104/134/104
f 113/118/113 128/143/128 127/141/127 112/119/112
f 106/120/106 121/144/121 120/142/120 105/121/105
f 99/122/99 114/145/114 1/146/1
f 8/147/8 128/143/128 113/118/113
f 107/125/107 122/148/122 121/144/121 106/120/106
f 100/126/100 115/149/115 114/145/114 99/122/99
f 108/127/108 123/150/123 122/148/122 107/125/107
f 101/128/101 116/151/116 115/149/115 100/126/100
f 109/129/109 124/136/124 123/150/123 108/127/108
f 102/130/102 117/138/117 116/151/116 101/128/101
f 114/145/114 129/152/129 1/153/1
f 8/154/8 143/155/143 128/143/128
f 122/148/122 137/156/137 136/157/136 121/144/121
f 115/149/115 130/158/130 129/152/129 114/145/114
f 123/150/123 138/159/138 137/156/137 122/148/122
f 116/151/116 131/160/131 130/158/130 115/149/115
f 124/136/124 139/161/139 138/159/138 123/150/123
f 117/138/117 132/162/132 131/160/131 116/151/116
f 125/135/125 140/163/140 139/161/139 124/136/124
f 118/137/118 133/164/133 132/162/132 117/138/117
f 126/139/126 141/165/141 140/163/140 125/135/125
f 119/140/119 134/166/134 133/164/133 118/137/118
f 127/141/127 142/167/142 141/165/141 126/139/126
f 120/142/120 135/168/135 134/166/134 119/140/119
f 128/143/128 143/155/143 142/167/142 127/141/127
f 121/144/121 136/157/136 135/168/135 120/142/120
f 133/164/133 148/169/148 147/170/147 132/162/132
f 141/165/141 156/171/156 155/172/155 140/163/140
f 134/166/134 149/173/149 148/169/148 133/164/133
f 142/167/142 157/174/157 156/171/156 141/165/141
f 135/168/135 150/175/150 149/173/149 134/166/134
f 143/155/143 158/176/158 157/174/157 142/167/142
f 136/157/136 151/177/151 150/175/150 135/168/135
f 129/152/129 144/178/144 1/179/1
f 8/180/8 158/176/158 143/155/143
f 137/156/137 152/181/152 151/177/151 136/157/136
f 130/158/130 145/182/145 144/178/144 129/152/129
f 138/159/138 153/183/153 152/181/152 137/156/137
f 131/160/131 146/184/146 145/182/145 130/158/130
f 139/161/139 154/185/154 153/183/153 138/159/138
f 132/162/132 147/170/147 146/184/146 131/160/131
f 140/163/140 155/172/155 154/185/154 139/161/139
f 152/181/152 167/186/167 166/187/166 151/177/151
f 145/182/145 160/188/160 159/189/159 144/178/144
f 153/183/153 168/190/168 167/186/167 152/181/152
f 146/184/146 161/191/161 160/188/160 145/182/145
f 154/185/154 169/192/169 168/190/168 153/183/153
f 147/170/147 162/193/162 161/191/161 146/184/146
f 155/172/155 170/194/170 169/192/169 154/185/154
f 148/169/148 163/195/163 162/193/162 147/170/147
f 156/171/156 171/196/171 170/194/170 155/172/155
f 149/173/149 164/197/164 163/195/163 148/169/148
f 157/174/157 172/198/172 171/196/171 156/171/156
f 150/175/150 165/199/165 164/197/164 149/173/149
f 158/176/158 173/200/173 172/198/172 157/174/157
f 151/177/151 166/187/166 165/199/165 150/175/150
f 144/178/144 159/189/159 1/201/1
f 8/202/8 173/200/173 158/176/158
f 171/196/171 186/203/186 185/204/185 170/194/170
f 164/197/164 179/205/179 178/206/178 163/195/163
f 172/198/172 187/207/187 186/203/186 171/196/171
f 165/199/165 180/208/180 179/205/179 164/197/164
f 173/200/173 188/209/188 187/207/187 172/198/172
f 166/187/166 181/210/181 180/208/180 165/199/165
f 159/189/159 174/211/174 1/212/1
f 8/213/8 188/209/188 173/200/173
f 167/186/167 182/214/182 181/210/181 166/187/166
f 160/188/160 175/215/175 174/211/174 159/189/159
f 168/190/168 183/216/183 182/214/182 167/186/167
f 161/191/161 176/217/176 175/215/175 160/188/160
f 169/192/169 184/218/184 183/216/183 168/190/168
f 162/193/162 177/219/177 176/217/176 161/191/161
f 170/194/170 185/204/185 184/218/184 169/192/169
f 163/195/163 178/206/178 177/219/177 162/193/162
f 175/215/175 190/220/190 189/221/189 174/211/174
f 183/216/183 198/222/198 197/223/197 182/214/182
f 176/217/176 191/224/191 190/220/190 175/215/175
f 184/218/184 199/225/199 198/222/198 183/216/183
f 177/219/177 192/226/192 191/224/191 176/217/176
f 185/204/185 200/227/200 199/225/199 184/218/184
f 178/206/178 193/228/193 192/226/192 177/219/177
f 186/203/186 201/229/201 200/227/200 185/204/185
f 179/205/179 194/230/194 193/228/193 178/206/178
f 187/207/187 202/231/202 201/229/201 186/203/186
f 180/208/180 195/232/195 194/230/194 179/205/179
f 188/209/188 203/233/203 202/231/202 187/207/187
f 181/210/181 196/234/196 195/232/195 180/208/180
f 174/211/174 189/221/189 1/235/1
f 8/236/8 203/233/203 188/209/188
f 182/214/182 197/223/197 196/234/196 181/210/181
f 194/230/194 209/237/209 208/238/208 193/228/193
f 202/231/202 217/239/217 216/240/216 201/229/201
f 195/232/195 210/241/210 209/237/209 194/230/194
f 203/233/203 218/242/218 217/239/217 202/231/202
f 196/234/196 211/243/211 210/241/210 195/232/195
f 189/221/189 204/244/204 1/245/1
f 8/246/8 218/242/218 203/233/203
f 197/223/197 212/247/212 211/243/211 196/234/196
f 190/220/190 205/248/205 204/244/204 189/221/189
f 198/222/198 213/249/213 212/247/212 197/223/197
f 191/224/191 206/250/206 205/248/205 190/220/190
f 199/225/199 214/251/214 213/249/213 198/222/198
f 192/226/192 207/252/207 206/250/206 191/224/191
f 200/227/200 215/253/215 214/251/214 199/225/199
f 193/228/193 208/238/208 207/252/207 192/226/192
f 201/229/201 216/240/216 215/253/215 200/227/200
f 213/249/213 228/254/228 227/255/227 212/247/212
f 206/250/206 221/256/221 220/257/220 205/248/205
f 214/251/214 229/258/229 228/254/228 213/249/213
f 207/252/207 222/259/222 221/256/221 206/250/206
f 215/253/215 230/260/230 229/258/229 214/251/214
f 208/238/208 223/261/223 222/259/222 207/252/207
f 216/240/216 231/262/231 230/260/230 215/253/215
f 209/237/209 224/263/224 223/261/223 208/238/208
f 217/239/217 232/264/232 231/262/231 216/240/216
f 210/241/210 225/265/225 224/263/224 209/237/209
f 218/242/218 233/266/233 232/264/232 217/239/217
f 211/243/211 226/267/226 225/265/225 210/241/210
f 204/244/204 219/268/219 1/269/1
f 8/270/8 233/266/233 218/242/218
f 212/247/212 227/255/227 226/267/226 211/243/211
f 205/248/205 220/257/220 219/268/219 204/244/204
f 232/264/232 247/271/247 246/272/246 231/262/231
f 225/265/225 240/273/240 239/274/239 224/263/224
f 233/266/233 248/275/248 247/271/247 232/264/232
f 226/267/226 241/276/241 240/273/240 225/265/225
f 219/268/219 234/277/234 1/278/1
f 8/279/8 248/275/248 233/266/233
f 227/255/227 242/280/242 241/276/241 226/267/226
f 220/257/220 235/281/235 234/277/234 219/268/219
f 228/254/228 243/282/243 242/280/242 227/255/227
f 221/256/221 236/283/236 235/281/235 220/257/220
f 229/258/229 244/284/244 243/282/243 228/254/228
f 222/259/222 237/285/237 236/283/236 221/256/221
f 230/260/230 245/286/245 244/284/244 229/258/229
f 223/261/223 238/287/238 237/285/237 222/259/222
f 231/262/231 246/272/246 245/286/245 230/260/230
f 224/263/224 239/274/239 238/287/238 223/261/223
f 244/284/244 259/288/259 258/289/258 243/282/243
f 237/285/237 252/290/252 251/291/251 236/283/236
f 245/286/245 260/292/260 259/288/259 244/284/244
f 238/287/238 253/293/253 252/290/252 237/285/237
f 246/272/246 261/294/261 260/292/260 245/286/245
f 239/274/239 254/295/254 253/293/253 238/287/238
f 247/271/247 262/296/262 261/294/261 246/272/246
f 240/273/240 255/297/255 254/295/254 239/274/239
f 248/275/248 263/298/263 262/296/262 247/271/247
f 241/276/241 256/299/256 255/297/255 240/273/240
f 234/277/234 249/300/249 1/301/1
f 8/302/8 263/298/263 248/275/248
f 242/280/242 257/303/257 256/299/256 241/276/241
f 235/281/235 250/304/250 249/300/249 234/277/234
f 243/282/243 258/289/258 257/303/257 242/280/242
f 236/283/236 251/291/251 250/304/250 235/281/235
f 263/298/263 278/305/278 277/306/277 262/296/262
f 256/299/256 271/307/271 270/308/270 255/297/255
f 249/300/249 264/309/264 1/310/1
f 8/311/8 278/305/278 263/298/263
f 257/303/257 272/312/272 271/307/271 256/299/256
f 250/304/250 265/313/265 264/309/264 249/300/249
f 258/289/258 273/314/273 272/312/272 257/303/257
f 251/291/251 266/315/266 265/313/265 250/304/250
f 259/288/259 274/316/274 273/314/273 258/289/258
f 252/290/252 267/317/267 266/315/266 251/291/251
f 260/292/260 275/318/275 274/316/274 259/288/259
f 253/293/253 268/319/268 267/317/267 252/290/252
f 261/294/261 276/320/276 275/318/275 260/292/260
f 254/295/254 269/321/269 268/319/268 253/293/253
f 262/296/262 277/306/277 276/320/276 261/294/261
f 255/297/255 270/308/270 269/321/269 254/295/254
f 267/317/267 282/322/282 281/323/281 266/315/266
f 275/318/275 290/324/290 289/325/289 274/316/274
f 268/319/268 283/326/283 282/322/282 267/317/267
f 276/320/276 291/327/291 290/324/290 275/318/275
f 269/321/269 284/328/284 283/326/283 268/319/268
f 277/306/277 292/329/292 291/327/291 276/320/276
f 270/308/270 285/330/285 284/328/284 269/321/269
f 278/305/278 293/331/293 292/329/292 277/306/277
f 271/307/271 286/332/286 285/330/285 270/308/270
f 264/309/264 279/333/279 1/334/1
f 8/335/8 293/331/293 278/305/278
f 272/312/272 287/336/287 286/332/286 271/307/271
f 265/313/265 280/337/280 279/333/279 264/309/264
f 273/314/273 288/338/288 287/336/287 272/312/272
f 266/315/266 281/323/281 280/337/280 265/313/265
f 274/316/274 289/325/289 288/338/288 273/314/273
f 286/332/286 301/339/301 300/340/300 285/330/285
f 279/333/279 294/341/294 1/342/1
f 8/343/8 308/344/308 293/331/293
f 287/336/287 302/345/302 301/339/301 286/332/286
f 280/337/280 295/346/295 294/341/294 279/333/279
f 288/338/288 303/347/303 302/345/302 287/336/287
f 281/323/281 296/348/296 295/346/295 280/337/280
f 289/325/289 304/349/304 303/347/303 288/338/288
f 282/322/282 297/350/297 296/348/296 281/323/281
f 290/324/290 305/351/305 304/349/304 289/325/289
f 283/326/283 298/352/298 297/350/297 282/322/282
f 291/327/291 306/353/306 305/351/305 290/324/290
f 284/328/284 299/354/299 298/352/298 283/326/283
f 292/329/292 307/355/307 306/353/306 291/327/291
f 285/330/285 300/340/300 299/354/299 284/328/284
f 293/331/293 308/344/308 307/355/307 292/329/292
f 305/351/305 320/356/320 319/357/319 304/349/304
f 298/352/298 313/358/313 312/359/312 297/350/297
f 306/353/306 321/360/321 320/356/320 305/351/305
f 299/354/299 314/361/314 313/358/313 298/352/298
f 307/355/307 322/362/322 321/360/321 306/353/306
f 300/340/300 315/363/315 314/361/314 299/354/299
f 308/344/308 323/364/323 322/362/322 307/355/307
f 301/339/301 316/365/316 315/363/315 300/340/300
f 294/341/294 309/366/309 1/367/1
f 8/368/8 323/364/323 308/344/308
f 302/345/302 317/369/317 316/365/316 301/339/301
f 295/346/295 310/370/310 309/366/309 294/341/294
f 303/347/303 318/371/318 317/369/317 302/345/302
f 296/348/296 311/372/311 310/370/310 295/346/295
f 304/349/304 319/357/319 318/371/318 303/347/303
f 297/350/297 312/359/312 311/372/311 296/348/296
f 309/366/309 324/373/324 1/374/1
f 8/375/8 338/376/338 323/364/323
f 317/369/317 332/377/332 331/378/331 316/365/316
f 310/370/310 325/379/325 324/373/324 309/366/309
f 318/371/318 333/380/333 332/377/332 317/369/317
f 311/372/311 326/381/326 325/379/325 310/370/310
f 319/357/319 334/382/334 333/380/333 318/371/318
f 312/359/312 327/383/327 326/381/326 311/372/311
f 320/356/320 335/384/335 334/382/334 319/357/319
f 313/358/313 328/385/328 327/383/327 312/359/312
f 321/360/321 336/386/336 335/384/335 320/356/320
f 314/361/314 329/387/329 328/385/328 313/358/313
f 322/362/322 337/388/337 336/386/336 321/360/321
f 315/363/315 330/389/330 329/387/329 314/361/314
f 323/364/323 338/376/338 337/388/337 322/362/322
f 316/365/316 331/378/331 330/389/330 315/363/315
f 328/385/328 343/390/343 342/391/342 327/383/327
f 336/386/336 351/392/351 350/393/350 335/384/335
f 329/387/329 344/394/344 343/390/343 328/385/328
f 337/388/337 352/395/352 351/392/351 336/386/336
f 330/389/330 345/396/345 344/394/344 329/387/329
f 338/376/338 353/397/353 352/395/352 337/388/337
f 331/378/331 346/398/346 345/396/345 330/389/330
f 324/373/324 339/399/339 1/400/1
f 8/401/8 353/397/353 338/376/338
f 332/377/332 347/402/347 346/398/346 331/378/331
f 325/379/325 340/403/340 339/399/339 324/373/324
f 333/380/333 348/404/348 347/402/347 332/377/332
f 326/381/326 341/405/341 340/403/340 325/379/325
f 334/382/334 349/406/349 348/404/348 333/380/333
f 327/383/327 342/391/342 341/405/341 326/381/326
f 335/384/335 350/393/350 349/406/349 334/382/334
f 347/402/347 362/407/362 361/408/361 346/398/346
f 340/403/340 355/409/355 354/410/354 339/399/339
f 348/404/348 363/411/363 362/407/362 347/402/347
f 341/405/341 356/412/356 355/409/355 340/403/340
f 349/406/349 364/413/364 363/411/363 348/404/348
f 342/391/342 357/414/357 356/412/356 341/405/341
f 350/393/350 365/415/365 364/413/364 349/406/349
f 343/390/343 358/416/358 357/414/357 342/391/342
f 351/392/351 366/417/366 365/415/365 350/393/350
f 344/394/344 359/418/359 358/416/358 343/390/343
f 352/395/352 367/419/367 366/417/366 351/392/351
f 345/396/345 360/420/360 359/418/359 344/394/344
f 353/397/353 368/421/368 367/419/367 352/395/352
f 346/398/346 361/408/361 360/420/360 345/396/345
f 339/399/339 354/410/354 1/422/1
f 8/423/8 368/421/368 353/397/353
f 366/424/366 381/425/381 380/426/380 365/427/365
f 359/428/359 374/429/374 373/430/373 358/431/358
f 367/432/367 382/433/382 381/425/381 366/424/366
f 360/434/360 375/435/375 374/429/374 359/428/359
f 368/436/368 383/437/383 382/433/382 367/432/367
f 361/438/361 376/439/376 375/435/375 360/434/360
f 354/440/354 369/441/369 1/442/1
f 8/443/8 383/437/383 368/436/368
f 362/444/362 377/445/377 376/439/376 361/438/361
f 355/446/355 370/447/370 369/441/369 354/440/354
f 363/448/363 378/449/378 377/445/377 362/444/362
f 356/450/356 371/451/371 370/447/370 355/446/355
f 364/452/364 379/453/379 378/449/378 363/448/363
f 357/454/357 372/455/372 371/451/371 356/450/356
f 365/427/365 380/426/380 379/453/379 364/452/364
f 358/431/358 373/430/373 372/455/372 357/454/357
f 378/449/378 393/456/393 392/457/392 377/445/377
f 371/451/371 386/458/386 385/459/385 370/447/370
f 379/453/379 394/460/394 393/456/393 378/449/378
f 372/455/372 387/461/387 386/458/386 371/451/371
f 380/426/380 395/462/395 394/460/394 379/453/379
f 373/430/373 388/463/388 387/461/387 372/455/372
f 381/425/381 396/464/396 395/462/395 380/426/380
f 374/429/374 389/465/389 388/463/388 373/430/373
f 382/433/382 397/466/397 396/464/396 381/425/381
f 375/435/375 390/467/390 389/465/389 374/429/374
f 383/437/383 398/468/398 397/466/397 382/433/382
f 376/439/376 391/469/391 390/467/390 375/435/375
f 369/441/369 384/470/384 1/471/1
f 8/472/8 398/468/398 383/437/383
f 377/445/377 392/457/392 391/469/391 376/439/376
f 370/447/370 385/459/385 384/470/384 369/441/369
f 397/466/397 412/473/412 411/474/411 396/464/396
f 390/467/390 405/475/405 404/476/404 389/465/389
f 398/468/398 413/477/413 412/473/412 397/466/397
f 391/469/391 406/478/406 405/475/405 390/467/390
f 384/470/384 399/479/399 1/480/1
f 8/481/8 413/477/413 398/468/398
f 392/457/392 407/482/407 406/478/406 391/469/391
f 385/459/385 400/483/400 399/479/399 384/470/384
f 393/456/393 408/484/408 407/482/407 392/457/392
f 386/458/386 401/485/401 400/483/400 385/459/385
f 394/460/394 409/486/409 408/484/408 393/456/393
f 387/461/387 402/487/402 401/485/401 386/458/386
f 395/462/395 410/488/410 409/486/409 394/460/394
f 388/463/388 403/489/403 402/487/402 387/461/387
f 396/464/396 411/474/411 410/488/410 395/462/395
f 389/465/389 404/476/404 403/489/403 388/463/388
f 401/485/401 416/490/416 415/491/415 400/483/400
f 409/486/409 424/492/424 423/493/423 408/484/408
f 402/487/402 417/494/417 416/490/416 401/485/401
f 410/488/410 425/495/425 424/492/424 409/486/409
f 403/489/403 418/496/418 417/494/417 402/487/402
f 411/474/411 426/497/426 425/495/425 410/488/410
f 404/476/404 419/498/419 418/496/418 403/489/403
f 412/473/412 427/499/427 426/497/426 411/474/411
f 405/475/405 420/500/420 419/498/419 404/476/404
f 413/477/413 428/501/428 427/499/427 412/473/412
f 406/478/406 421/502/421 420/500/420 405/475/405
f 399/479/399 414/503/414 1/504/1
f 8/505/8 428/501/428 413/477/413
f 407/482/407 422/506/422 421/502/421 406/478/406
f 400/483/400 415/491/415 414/503/414 399/479/399
f 408/484/408 423/493/423 422/506/422 407/482/407
f 420/500/420 435/507/435 434/508/434 419/498/419
f 428/501/428 443/509/443 442/510/442 427/499/427
f 421/502/421 436/511/436 435/507/435 420/500/420
f 414/503/414 429/512/429 1/513/1
f 8/514/8 443/509/443 428/501/428
f 422/506/422 437/515/437 436/511/436 421/502/421
f 415/491/415 430/516/430 429/512/429 414/503/414
f 423/493/423 438/517/438 437/515/437 422/506/422
f 416/490/416 431/518/431 430/516/430 415/491/415
f 424/492/424 439/519/439 438/517/438 423/493/423
f 417/494/417 432/520/432 431/518/431 416/490/416
f 425/495/425 440/521/440 439/519/439 424/492/424
f 418/496/418 433/522/433 432/520/432 417/494/417
f 426/497/426 441/523/441 440/521/440 425/495/425
f 419/498/419 434/508/434 433/522/433 418/496/418
f 427/499/427 442/510/442 441/523/441 426/497/426
f 439/519/439 454/524/454 453/525/453 438/517/438
f 432/520/432 447/526/447 446/527/446 431/518/431
f 440/521/440 455/528/455 454/524/454 439/519/439
f 433/522/433 448/529/448 447/526/447 432/520/432
f 441/523/441 456/530/456 455/528/455 440/521/440
f 434/508/434 449/531/449 448/529/448 433/522/433
f 442/510/442 457/532/457 456/530/456 441/523/441
f 435/507/435 450/533/450 449/531/449 434/508/434
f 443/509/443 458/534/458 457/532/457 442/510/442
f 436/511/436 451/535/451 450/533/450 435/507/435
f 429/512/429 444/536/444 1/537/1
f 8/538/8 458/534/458 443/509/443
f 437/515/437 452/539/452 451/535/451 436/511/436
f 430/516/430 445/540/445 444/536/444 429/512/429
f 438/517/438 453/525/453 452/539/452 437/515/437
f 431/518/431 446/527/446 445/540/445 430/516/430
f 458/534/458 473/541/473 472/542/472 457/532/457
f 451/535/451 466/543/466 465/544/465 450/533/450
f 444/536/444 459/545/459 1/546/1
f 8/547/8 473/541/473 458/534/458
f 452/539/452 467/548/467 466/543/466 451/535/451
f 445/540/445 460/549/460 459/545/459 444/536/444
f 453/525/453 468/550/468 467/548/467 452/539/452
f 446/527/446 461/551/461 460/549/460 445/540/445
f 454/524/454 469/552/469 468/550/468 453/525/453
f 447/526/447 462/553/462 461/551/461 446/527/446
f 455/528/455 470/554/470 469/552/469 454/524/454
f 448/529/448 463/555/463 462/553/462 447/526/447
f 456/530/456 471/556/471 470/554/470 455/528/455
f 449/531/449 464/557/464 463/555/463 448/529/448
f 457/532/457 472/542/472 471/556/471 456/530/456
f 450/533/450 465/544/465 464/557/464 449/531/449
f 462/553/462 476/5/476 2/8/2 461/551/461
f 470/554/470 479/9/479 7/1/7 469/552/469
f 463/555/463 3/11/3 476/5/476 462/553/462
f 471/556/471 480/13/480 479/9/479 470/554/470
f 464/557/464 477/15/477 3/11/3 463/555/463
f 472/542/472 481/17/481 480/13/480 471/556/471
f 465/544/465 4/19/4 477/15/477 464/557/464
f 473/541/473 482/21/482 481/17/481 472/542/472
f 466/543/466 5/23/5 4/19/4 465/544/465
f 459/545/459 474/25/474 1/558/1
f 8/559/8 482/21/482 473/541/473
f 467/548/467 6/29/6 5/23/5 466/543/466
f 460/549/460 475/31/475 474/25/474 459/545/459
f 468/550/468 478/4/478 6/29/6 467/548/467
f 461/551/461 2/8/2 475/31/475 460/549/460
f 469/552/469 7/1/7 478/4/478 468/550/468
o Skin_1
v 0.000000 1.260175 0.000000
v 0.000000 1.118032 -0.513676
v 0.000000 0.897825 -0.768770
v 0.000000 0.635504 -0.906826
v 0.000000 0.506803 -0.924592
v 0.000000 0.388510 -0.906826
v 0.000000 0.201788 -0.768770
v 0.000000 0.054796 0.000000
v 0.035190 1.243688 -0.176913
v 0.069028 1.195280 -0.347027
v 0.100213 1.118032 -0.503806
v 0.127547 1.016799 -0.641223
v 0.149980 0.897825 -0.753998
v 0.166648 0.768242 -0.837798
v 0.176913 0.635504 -0.889402
v 0.180379 0.506803 -0.906826
v 0.176913 0.388510 -0.889402
v 0.166648 0.285701 -0.837798
v 0.149980 0.201788 -0.753998
v 0.127547 0.138301 -0.641223
v 0.100213 0.094833 -0.503806
v 0.069028 0.069152 -0.347027
v 0.035190 0.057460 -0.176913
v 0.069028 1.243688 -0.166648
v 0.135403 1.195280 -0.326893
v 0.196575 1.118032 -0.474574
v 0.250193 1.016799 -0.604019
v 0.294196 0.897825 -0.710251
v 0.326893 0.768242 -0.789188
v 0.347027 0.635504 -0.837798
v 0.353826 0.506803 -0.854211
v 0.347027 0.388510 -0.837798
v 0.326893 0.285701 -0.789188
v 0.294196 0.201788 -0.710251
v 0.250193 0.138301 -0.604019
v 0.196575 0.094833 -0.474574
v 0.135403 0.069152 -0.326893
v 0.069028 0.057460 -0.166648
v 0.100213 1.243688 -0.149980
v 0.196575 1.195280 -0.294196
v 0.285383 1.118032 -0.427106
v 0.363224 1.016799 -0.543602
v 0.427106 0.897825 -0.639209
v 0.474574 0.768242 -0.710251
v 0.503806 0.635504 -0.753998
v 0.513676 0.506803 -0.768770
v 0.503806 0.388510 -0.753998
v 0.474574 0.285701 -0.710251
v 0.427106 0.201788 -0.639209
v 0.363224 0.138301 -0.543602
v 0.285383 0.094833 -0.427106
v 0.196575 0.069151 -0.294196
v 0.100213 0.057460 -0.149980
v 0.127547 1.243688 -0.127547
v 0.250193 1.195280 -0.250193
v 0.363224 1.118032 -0.363223
v 0.462296 1.016799 -0.462296
v 0.543602 0.897825 -0.543602
v 0.604019 0.768242 -0.604019
v 0.641223 0.635504 -0.641223
v 0.653785 0.506803 -0.653785
v 0.641223 0.388510 -0.641223
v 0.604019 0.285701 -0.604019
v 0.543602 0.201788 -0.543602
v 0.462296 0.138301 -0.462296
v 0.363224 0.094833 -0.363223
v 0.250193 0.069151 -0.250193
v 0.127547 0.057460 -0.127547
v 0.149980 1.243688 -0.100213
v 0.294196 1.195280 -0.196575
v 0.427106 1.118032 -0.285383
v 0.543602 1.016799 -0.363224
v 0.639209 0.897825 -0.427106
v 0.710251 0.768242 -0.474574
v 0.753998 0.635504 -0.503805
v 0.768770 0.506803 -0.513676
v 0.753998 0.388510 -0.503805
v 0.710251 0.285701 -0.474574
v 0.639209 0.201788 -0.427106
v 0.543602 0.138301 -0.363224
v 0.427106 0.094833 -0.285383
v 0.294196 0.069151 -0.196575
v 0.149980 0.057460 -0.100213
v 0.166648 1.243688 -0.069028
v 0.326893 1.195280 -0.135403
v 0.474574 1.118032 -0.196575
v 0.604019 1.016799 -0.250193
v 0.710251 0.897825 -0.294195
v 0.789188 0.768242 -0.326893
v 0.837798 0.635504 -0.347027
v 0.854211 0.506803 -0.353826
v 0.837798 0.388510 -0.347027
v 0.789188 0.285701 -0.326893
v 0.710251 0.201788 -0.294195
v 0.604019 0.138301 -0.250193
v 0.474574 0.094833 -0.196575
v 0.326893 0.069151 -0.135403
v 0.166648 0.057460 -0.069028
v 0.176913 1.243688 -0.035190
v 0.347027 1.195280 -0.069028
v 0.503806 1.118032 -0.100213
v 0.641223 1.016799 -0.127547
v 0.753998 0.897825 -0.149979
v 0.837798 0.768242 -0.166648
v 0.889402 0.635504 -0.176913
v 0.906826 0.506803 -0.180379
v 0.889402 0.388510 -0.176913
v 0.837798 0.285701 -0.166648
v 0.753998 0.201788 -0.149979
v 0.641223 0.138301 -0.127547
v 0.503806 0.094833 -0.100213
v 0.347027 0.069151 -0.069028
v 0.176913 0.057460 -0.035190
v 0.180379 1.243688 0.000000
v 0.353826 1.195280 0.000000
v 0.513676 1.118032 0.000000
v 0.653785 1.016799 -0.000000
v 0.768770 0.897825 0.000000
v 0.854211 0.768242 -0.000000
v 0.906826 0.635504 0.000000
v 0.924592 0.506803 0.000000
v 0.906826 0.388510 0.000000
v 0.854211 0.285701 -0.000000
v 0.768770 0.201788 0.000000
v 0.653785 0.138301 -0.000000
v 0.513676 0.094833 0.000000
v 0.353826 0.069151 0.000000
v 0.180379 0.057460 0.000000
v 0.176913 1.243688 0.035190
v 0.347027 1.195280 0.069028
v 0.503805 1.118032 0.100213
v 0.641223 1.016799 0.127547
v 0.753998 0.897825 0.149980
v 0.837798 0.768242 0.166648
v 0.889401 0.635504 0.176913
v 0.906826 0.506803 0.180379
v 0.889401 0.388510 0.176913
v 0.837798 0.285701 0.166648
v 0.753998 0.201788 0.149980
v 0.641223 0.138301 0.127547
v 0.503805 0.094833 0.100213
v 0.347027 0.069151 0.069028
v 0.176913 0.057460 0.035190
v 0.166648 1.243688 0.069028
v 0.326893 1.195280 0.135403
v 0.474574 1.118032 0.196575
v 0.604019 1.016799 0.250193
v 0.710251 0.897825 0.294196
v 0.789188 0.768242 0.326892
v 0.837798 0.635504 0.347027
v 0.854211 0.506803 0.353826
v 0.837798 0.388510 0.347027
v 0.789188 0.285701 0.326892
v 0.710251 0.201788 0.294196
v 0.604019 0.138301 0.250193
v 0.474574 0.094833 0.196575
v 0.326893 0.069151 0.135403
v 0.166648 0.057460 0.069028
v 0.149980 1.243688 0.100213
v 0.294196 1.195280 0.196575
v 0.427106 1.118032 0.285383
v 0.543602 1.016799 0.363224
v 0.639209 0.897825 0.427106
v 0.710251 0.768242 0.474574
v 0.753998 0.635504 0.503806
v 0.768770 0.506803 0.513676
v 0.753998 0.388510 0.503806
v 0.710251 0.285701 0.474574
v 0.639209 0.201788 0.427106
v 0.543602 0.138301 0.363224
v 0.427106 0.094833 0.285383
v 0.294196 0.069151 0.196575
v 0.149980 0.057460 0.100213
v 0.127547 1.243688 0.127547
v 0.250193 1.195280 0.250193
v 0.363223 1.118032 0.363224
v 0.462296 1.016799 0.462296
v 0.543602 0.897825 0.543602
v 0.604019 0.768242 0.604019
v 0.641223 0.635504 0.641223
v 0.653785 0.506803 0.653785
v 0.641223 0.388510 0.641223
v 0.604019 0.285701 0.604019
v 0.543602 0.201788 0.543602
v 0.462296 0.138301 0.462296
v 0.363223 0.094833 0.363224
v 0.250193 0.069151 0.250193
v 0.127547 0.057460 0.127547
v 0.100213 1.243688 0.149980
v 0.196575 1.195280 0.294196
v 0.285383 1.118032 0.427106
v 0.363224 1.016799 0.543602
v 0.427106 0.897825 0.639209
v 0.474574 0.768242 0.710251
v 0.503805 0.635504 0.753998
v 0.513675 0.506803 0.768770
v 0.503805 0.388510 0.753998
v 0.474574 0.285701 0.710251
v 0.427106 0.201788 0.639209
v 0.363224 0.138301 0.543602
v 0.285383 0.094833 0.427106
v 0.196575 0.069151 0.294196
v 0.100213 0.057460 0.149980
v 0.069028 1.243688 0.166648
v 0.135403 1.195280 0.326893
v 0.196575 1.118032 0.474574
v 0.250193 1.016799 0.604019
v 0.294195 0.897825 0.710251
v 0.326893 0.768242 0.789188
v 0.347027 0.635504 0.837798
v 0.353826 0.506803 0.854211
v 0.347027 0.388510 0.837798
v 0.326893 0.285701 0.789188
v 0.294195 0.201788 0.710251
v 0.250193 0.138301 0.604019
v 0.196575 0.094833 0.474574
v 0.135403 0.069151 0.326893
v 0.069028 0.057460 0.166648
v 0.035190 1.243688 0.176913
v 0.069028 1.195280 0.347027
v 0.100213 1.118032 0.503805
v 0.127547 1.016799 0.641223
v 0.149979 0.897825 0.753998
v 0.166648 0.768242 0.837798
v 0.176913 0.635504 0.889401
v 0.180379 0.506803 0.906826
v 0.176913 0.388510 0.889401
v 0.166648 0.285701 0.837798
v 0.149979 0.201788 0.753998
v 0.127547 0.138301 0.641223
v 0.100213 0.094833 0.503805
v 0.069028 0.069151 0.347027
v 0.035190 0.057460 0.176913
v -0.000000 1.243688 0.180379
v -0.000000 1.195280 0.353826
v -0.000000 1.118032 0.513675
v -0.000000 1.016799 0.653785
v -0.000000 0.897825 0.768770
v 0.000000 0.768243 0.854211
v -0.000000 0.635504 0.906826
v -0.000000 0.506803 0.924591
v -0.000000 0.388510 0.906826
v 0.000000 0.285701 0.854211
v -0.000000 0.201788 0.768770
v -0.000000 0.138301 0.653785
v -0.000000 0.094833 0.513675
v -0.000000 0.069151 0.353826
v -0.000000 0.057460 0.180379
v -0.035190 1.243688 0.176913
v -0.069028 1.195280 0.347027
v -0.100213 1.118032 0.503805
v -0.127547 1.016799 0.641223
v -0.149980 0.897825 0.753998
v -0.166648 0.768243 0.837798
v -0.176913 0.635504 0.889401
v -0.180379 0.506803 0.906825
v -0.176913 0.388510 0.889401
v -0.166648 0.285701 0.837798
v -0.149980 0.201788 0.753998
v -0.127547 0.138301 0.641223
v -0.100213 0.094833 0.503805
v -0.069028 0.069151 0.347027
v -0.035190 0.057460 0.176913
v -0.069028 1.243688 0.166648
v -0.135403 1.195280 0.326892
v -0.196575 1.118032 0.474574
v -0.250193 1.016799 0.604019
v -0.294196 0.897825 0.710251
v -0.326892 0.768243 0.789188
v -0.347027 0.635504 0.837798
v -0.353826 0.506803 0.854211
v -0.347027 0.388510 0.837798
v -0.326892 0.285701 0.789188
v -0.294196 0.201788 0.710251
v -0.250193 0.138301 0.604019
v -0.196575 0.094833 0.474574
v -0.135403 0.069151 0.326892
v -0.069028 0.057460 0.166648
v -0.100213 1.243688 0.149979
v -0.196575 1.195280 0.294195
v -0.285383 1.118032 0.427105
v -0.363224 1.016799 0.543602
v -0.427106 0.897825 0.639209
v -0.474574 0.768243 0.710251
v -0.503806 0.635504 0.753998
v -0.513676 0.506803 0.768769
v -0.503806 0.388510 0.753998
v -0.474574 0.285701 0.710251
v -0.427106 0.201788 0.639209
v -0.363224 0.138301 0.543602
v -0.285383 0.094833 0.427105
v -0.196575 0.069151 0.294195
v -0.100213 0.057460 0.149979
v -0.127547 1.243688 0.127547
v -0.250193 1.195280 0.250193
v -0.363223 1.118032 0.363223
v -0.462296 1.016799 0.462296
v -0.543602 0.897825 0.543602
v -0.604018 0.768243 0.604019
v -0.641223 0.635504 0.641222
v -0.653785 0.506803 0.653784
v -0.641223 0.388510 0.641222
v -0.604018 0.285701 0.604019
v -0.543602 0.201788 0.543602
v -0.462296 0.138301 0.462296
v -0.363223 0.094833 0.363223
v -0.250193 0.069151 0.250193
v -0.127547 0.057460 0.127547
v -0.149979 1.243688 0.100213
v -0.294195 1.195280 0.196575
v -0.427106 1.118032 0.285383
v -0.543602 1.016799 0.363223
v -0.639209 0.897825 0.427105
v -0.710251 0.768243 0.474574
v -0.753998 0.635504 0.503805
v -0.768770 0.506803 0.513675
v -0.753998 0.388510 0.503805
v -0.710251 0.285701 0.474574
v -0.639209 0.201788 0.427105
v -0.543602 0.138301 0.363223
v -0.427106 0.094833 0.285383
v -0.294195 0.069151 0.196575
v -0.149979 0.057460 0.100213
v -0.166648 1.243688 0.069028
v -0.326892 1.195280 0.135403
v -0.474574 1.118032 0.196575
v -0.604019 1.016799 0.250193
v -0.710251 0.897825 0.294195
v -0.789188 0.768243 0.326892
v -0.837798 0.635504 0.347027
v -0.854211 0.506803 0.353825
v -0.837798 0.388510 0.347027
v -0.789188 0.285701 0.326892
v -0.710251 0.201788 0.294195
v -0.604019 0.138301 0.250193
v -0.474574 0.094833 0.196575
v -0.326892 0.069152 0.135403
v -0.166648 0.057460 0.069028
v -0.176913 1.243688 0.035190
v -0.347027 1.195280 0.069028
v -0.503805 1.118032 0.100213
v -0.641223 1.016799 0.127547
v -0.753998 0.897825 0.149979
v -0.837798 0.768243 0.166648
v -0.889401 0.635504 0.176913
v -0.906825 0.506803 0.180378
v -0.889401 0.388510 0.176913
v -0.837798 0.285701 0.166648
v -0.753998 0.201788 0.149979
v -0.641223 0.138301 0.127547
v -0.503805 0.094833 0.100213
v -0.347027 0.069152 0.069028
v -0.176913 0.057460 0.035190
v -0.180379 1.243688 -0.000000
v -0.353826 1.195280 -0.000000
v -0.513675 1.118032 -0.000000
v -0.653785 1.016799 -0.000000
v -0.768770 0.897825 -0.000000
v -0.854211 0.768243 -0.000000
v -0.906826 0.635504 -0.000000
v -0.924591 0.506803 -0.000000
v -0.906826 0.388510 -0.000000
v -0.854211 0.285701 -0.000000
v -0.768770 0.201788 -0.000000
v -0.653785 0.138301 -0.000000
v -0.513675 0.094833 -0.000000
v -0.353826 0.069152 -0.000000
v -0.180379 0.057460 -0.000000
v -0.176913 1.243688 -0.035190
v -0.347027 1.195280 -0.069028
v -0.503805 1.118032 -0.100213
v -0.641223 1.016799 -0.127547
v -0.753998 0.897825 -0.149980
v -0.837798 0.768243 -0.166648
v -0.889401 0.635504 -0.176913
v -0.906825 0.506803 -0.180379
v -0.889401 0.388510 -0.176913
v -0.837798 0.285701 -0.166648
v -0.753998 0.201788 -0.149980
v -0.641223 0.138301 -0.127547
v -0.503805 0.094833 -0.100213
v -0.347027 0.069152 -0.069028
v -0.176913 0.057460 -0.035190
v -0.166648 1.243688 -0.069028
v -0.326892 1.195280 -0.135403
v -0.474574 1.118032 -0.196575
v -0.604019 1.016799 -0.250193
v -0.710250 0.897825 -0.294196
v -0.789188 0.768243 -0.326892
v -0.837798 0.635504 -0.347027
v -0.854210 0.506803 -0.353826
v -0.837798 0.388510 -0.347027
v -0.789188 0.285701 -0.326892
v -0.710250 0.201788 -0.294196
v -0.604019 0.138301 -0.250193
v -0.474574 0.094833 -0.196575
v -0.326892 0.069152 -0.135403
v -0.166648 0.057460 -0.069028
v -0.149979 1.243688 -0.100213
v -0.294195 1.195280 -0.196575
v -0.427105 1.118032 -0.285383
v -0.543602 1.016799 -0.363223
v -0.639208 0.897825 -0.427106
v -0.710251 0.768243 -0.474574
v -0.753998 0.635504 -0.503806
v -0.768769 0.506803 -0.513676
v -0.753998 0.388510 -0.503806
v -0.710251 0.285701 -0.474574
v -0.639208 0.201788 -0.427106
v -0.543602 0.138301 -0.363223
v -0.427105 0.094833 -0.285383
v -0.294195 0.069152 -0.196575
v -0.149979 0.057460 -0.100213
v -0.127547 1.243688 -0.127547
v -0.250193 1.195280 -0.250193
v -0.363223 1.118032 -0.363223
v -0.462296 1.016799 -0.462296
v -0.543602 0.897825 -0.543602
v -0.604018 0.768243 -0.604018
v -0.641222 0.635505 -0.641223
v -0.653784 0.506803 -0.653785
v -0.641222 0.388510 -0.641223
v -0.604018 0.285701 -0.604018
v -0.543602 0.201788 -0.543602
v -0.462296 0.138301 -0.462296
v -0.363223 0.094833 -0.363223
v -0.250193 0.069152 -0.250193
v -0.127547 0.057460 -0.127547
v -0.100213 1.243688 -0.149979
v -0.196575 1.195280 -0.294195
v -0.285382 1.118032 -0.427105
v -0.363223 1.016799 -0.543602
v -0.427105 0.897825 -0.639209
v -0.474574 0.768243 -0.710251
v -0.503805 0.635505 -0.753998
v -0.513675 0.506803 -0.768769
v -0.503805 0.388510 -0.753998
v -0.474574 0.285701 -0.710251
v -0.427105 0.201788 -0.639209
v -0.363223 0.138301 -0.543602
v -0.285382 0.094833 -0.427105
v -0.196575 0.069152 -0.294195
v -0.100213 0.057460 -0.149979
v -0.069028 1.243688 -0.166648
v -0.135403 1.195280 -0.326892
v -0.196575 1.118032 -0.474574
v -0.250193 1.016799 -0.604019
v -0.294195 0.897825 -0.710250
v -0.326892 0.768243 -0.789188
v -0.347027 0.635505 -0.837798
v -0.353825 0.506803 -0.854211
v -0.347027 0.388510 -0.837798
v -0.326892 0.285701 -0.789188
v -0.294195 0.201788 -0.710250
v -0.250193 0.138301 -0.604019
v -0.196575 0.094833 -0.474574
v -0.135403 0.069152 -0.326892
v -0.069028 0.057460 -0.166648
v -0.035190 1.243688 -0.176913
v -0.069028 1.195280 -0.347027
v -0.100213 1.118032 -0.503805
v -0.127547 1.016799 -0.641223
v -0.149979 0.897825 -0.753998
v -0.166648 0.768243 -0.837798
v -0.176913 0.635505 -0.889401
v -0.180378 0.506803 -0.906825
v -0.176913 0.388510 -0.889401
v -0.166648 0.285701 -0.837798
v -0.149979 0.201788 -0.753998
v -0.127547 0.138301 -0.641223
v -0.100213 0.094833 -0.503805
v -0.069028 0.069152 -0.347027
v -0.035190 0.057460 -0.176913
v 0.000000 1.243688 -0.180379
v 0.000000 1.195280 -0.353826
v 0.000000 1.016799 -0.653785
v 0.000000 0.768243 -0.854211
v 0.000000 0.285701 -0.854211
v 0.000000 0.138301 -0.653785
v 0.000000 0.094833 -0.513675
v 0.000000 0.069152 -0.353826
v 0.000000 0.057460 -0.180379
vn -0.0000 -1.0000 -0.0000
vn -0.0000 -0.8564 0.5164
vn -0.0000 -0.6226 0.7825
vn -0.0000 -0.2526 0.9676
vn -0.0000 0.0059 1.0000
vn -0.0000 0.3032 0.9529
vn -0.0000 0.7978 0.6029
vn -0.0000 1.0000 -0.0000
vn -0.0363 -0.9825 0.1825
vn -0.0699 -0.9336 0.3513
vn -0.1007 -0.8564 0.5064
vn -0.1284 -0.7530 0.6454
vn -0.1527 -0.6226 0.7675
vn -0.1733 -0.4593 0.8712
vn -0.1888 -0.2526 0.9490
vn -0.1951 0.0059 0.9808
vn -0.1859 0.3032 0.9346
vn -0.1579 0.5874 0.7937
vn -0.1176 0.7978 0.5913
vn -0.0775 0.9177 0.3896
vn -0.0453 0.9727 0.2278
vn -0.0226 0.9933 0.1137
vn -0.0083 0.9991 0.0418
vn -0.0712 -0.9825 0.1719
vn -0.1371 -0.9336 0.3309
vn -0.1976 -0.8564 0.4771
vn -0.2518 -0.7530 0.6079
vn -0.2995 -0.6226 0.7230
vn -0.3399 -0.4593 0.8207
vn -0.3703 -0.2526 0.8939
vn -0.3827 0.0059 0.9239
vn -0.3647 0.3032 0.8804
vn -0.3097 0.5874 0.7477
vn -0.2307 0.7978 0.5570
vn -0.1520 0.9177 0.3670
vn -0.0889 0.9727 0.2145
vn -0.0444 0.9933 0.1071
vn -0.0163 0.9991 0.0394
vn -0.1034 -0.9825 0.1547
vn -0.1990 -0.9336 0.2978
vn -0.2869 -0.8564 0.4293
vn -0.3656 -0.7530 0.5471
vn -0.4348 -0.6226 0.6507
vn -0.4935 -0.4593 0.7386
vn -0.5375 -0.2526 0.8045
vn -0.5556 0.0059 0.8315
vn -0.5294 0.3032 0.7923
vn -0.4496 0.5874 0.6729
vn -0.3350 0.7978 0.5013
vn -0.2207 0.9177 0.3303
vn -0.1290 0.9727 0.1931
vn -0.0644 0.9933 0.0964
vn -0.0237 0.9991 0.0355
vn -0.1316 -0.9825 0.1316
vn -0.2533 -0.9336 0.2533
vn -0.3651 -0.8564 0.3651
vn -0.4653 -0.7530 0.4653
vn -0.5533 -0.6226 0.5533
vn -0.6281 -0.4593 0.6281
vn -0.6842 -0.2526 0.6842
vn -0.7071 0.0059 0.7071
vn -0.6738 0.3032 0.6738
vn -0.5722 0.5874 0.5722
vn -0.4263 0.7978 0.4263
vn -0.2809 0.9177 0.2809
vn -0.1642 0.9727 0.1642
vn -0.0819 0.9933 0.0819
vn -0.0302 0.9991 0.0302
vn -0.1547 -0.9825 0.1034
vn -0.2978 -0.9336 0.1990
vn -0.4293 -0.8564 0.2869
vn -0.5471 -0.7530 0.3656
vn -0.6507 -0.6226 0.4348
vn -0.7386 -0.4593 0.4935
vn -0.8045 -0.2526 0.5375
vn -0.8315 0.0059 0.5556
vn -0.7923 0.3032 0.5294
vn -0.6729 0.5874 0.4496
vn -0.5013 0.7978 0.3350
vn -0.3303 0.9177 0.2207
vn -0.1931 0.9727 0.1290
vn -0.0964 0.9933 0.0644
vn -0.0355 0.9991 0.0237
vn -0.1719 -0.9825 0.0712
vn -0.3309 -0.9336 0.1371
vn -0.4771 -0.8564 0.1976
vn -0.6079 -0.7530 0.2518
vn -0.7230 -0.6226 0.2995
vn -0.8207 -0.4593 0.3399
vn -0.8939 -0.2526 0.3703
vn -0.9239 0.0059 0.3827
vn -0.8804 0.3032 0.3647
vn -0.7477 0.5874 0.3097
vn -0.5570 0.7978 0.2307
vn -0.3670 0.9177 0.1520
vn -0.2145 0.9727 0.0889
vn -0.1071 0.9933 0.0444
vn -0.0394 0.9991 0.0163
vn -0.1825 -0.9825 0.0363
vn -0.3513 -0.9336 0.0699
vn -0.5064 -0.8564 0.1007
vn -0.6454 -0.7530 0.1284
vn -0.7675 -0.6226 0.1527
vn -0.8712 -0.4593 0.1733
vn -0.9490 -0.2526 0.1888
vn -0.9808 0.0059 0.1951
vn -0.9346 0.3032 0.1859
vn -0.7937 0.5874 0.1579
vn -0.5913 0.7978 0.1176
vn -0.3896 0.9177 0.0775
vn -0.2278 0.9727 0.0453
vn -0.1137 0.9933 0.0226
vn -0.0418 0.9991 0.0083
vn -0.1861 -0.9825 -0.0000
vn -0.3582 -0.9336 -0.0000
vn -0.5164 -0.8564 -0.0000
vn -0.6580 -0.7530 -0.0000
vn -0.7825 -0.6226 -0.0000
vn -0.8883 -0.4593 -0.0000
vn -0.9676 -0.2526 -0.0000
vn -1.0000 0.0059 -0.0000
vn -0.9529 0.3032 -0.0000
vn -0.8093 0.5874 -0.0000
vn -0.6029 0.7978 -0.0000
vn -0.3972 0.9177 -0.0000
vn -0.2322 0.9727 -0.0000
vn -0.1159 0.9933 -0.0000
vn -0.0427 0.9991 -0.0000
vn -0.1825 -0.9825 -0.0363
vn -0.3513 -0.9336 -0.0699
vn -0.5064 -0.8564 -0.1007
vn -0.6454 -0.7530 -0.1284
vn -0.7675 -0.6226 -0.1527
vn -0.8712 -0.4593 -0.1733
vn -0.9490 -0.2526 -0.1888
vn -0.9808 0.0059 -0.1951
vn -0.9346 0.3032 -0.1859
vn -0.7937 0.5874 -0.1579
vn -0.5913 0.7978 -0.1176
vn -0.3896 0.9177 -0.0775
vn -0.2278 0.9727 -0.0453
vn -0.1137 0.9933 -0.0226
vn -0.0418 0.9991 -0.0083
vn -0.1719 -0.9825 -0.0712
vn -0.3309 -0.9336 -0.1371
vn -0.4771 -0.8564 -0.1976
vn -0.6079 -0.7530 -0.2518
vn -0.7230 -0.6226 -0.2995
vn -0.8207 -0.4593 -0.3399
vn -0.8939 -0.2526 -0.3703
vn -0.9239 0.0059 -0.3827
vn -0.8804 0.3032 -0.3647
vn -0.7477 0.5874 -0.3097
vn -0.5570 0.7978 -0.2307
vn -0.3670 0.9177 -0.1520
vn -0.2145 0.9727 -0.0889
vn -0.1071 0.9933 -0.0444
vn -0.0394 0.9991 -0.0163
vn -0.1547 -0.9825 -0.1034
vn -0.2978 -0.9336 -0.1990
vn -0.4293 -0.8564 -0.2869
vn -0.5471 -0.7530 -0.3656
vn -0.6507 -0.6226 -0.4348
vn -0.7386 -0.4593 -0.4935
vn -0.8045 -0.2526 -0.5375
vn -0.8315 0.0059 -0.5556
vn -0.7923 0.3032 -0.5294
vn -0.6729 0.5874 -0.4496
vn -0.5013 0.7978 -0.3350
vn -0.3303 0.9177 -0.2207
vn -0.1931 0.9727 -0.1290
vn -0.0964 0.9933 -0.0644
vn -0.0355 0.9991 -0.0237
vn -0.1316 -0.9825 -0.1316
vn -0.2533 -0.9336 -0.2533
vn -0.3651 -0.8564 -0.3651
vn -0.4653 -0.7530 -0.4653
vn -0.5533 -0.6226 -0.5533
vn -0.6281 -0.4593 -0.6281
vn -0.6842 -0.2526 -0.6842
vn -0.7071 0.0059 -0.7071
vn -0.6738 0.3032 -0.6738
vn -0.5722 0.5874 -0.5722
vn -0.4263 0.7978 -0.4263
vn -0.2809 0.9177 -0.2809
vn -0.1642 0.9727 -0.1642
vn -0.0819 0.9933 -0.0819
vn -0.0302 0.9991 -0.0302
vn -0.1034 -0.9825 -0.1547
vn -0.1990 -0.9336 -0.2978
vn -0.2869 -0.8564 -0.4293
vn -0.3656 -0.7530 -0.5471
vn -0.4348 -0.6226 -0.6507
vn -0.4935 -0.4593 -0.7386
vn -0.5375 -0.2526 -0.8045
vn -0.5556 0.0059 -0.8315
vn -0.5294 0.3032 -0.7923
vn -0.4496 0.5874 -0.6729
vn -0.3350 0.7978 -0.5013
vn -0.2207 0.9177 -0.3303
vn -0.1290 0.9727 -0.1931
vn -0.0644 0.9933 -0.0964
vn -0.0237 0.9991 -0.0355
vn -0.0712 -0.9825 -0.1719
vn -0.1371 -0.9336 -0.3309
vn -0.1976 -0.8564 -0.4771
vn -0.2518 -0.7530 -0.6079
vn -0.2995 -0.6226 -0.7230
vn -0.3399 -0.4593 -0.8207
vn -0.3703 -0.2526 -0.8939
vn -0.3827 0.0059 -0.9239
vn -0.3647 0.3032 -0.8804
vn -0.3097 0.5874 -0.7477
vn -0.2307 0.7978 -0.5570
vn -0.1520 0.9177 -0.3670
vn -0.0889 0.9727 -0.2145
vn -0.0444 0.9933 -0.1071
vn -0.0163 0.9991 -0.0394
vn -0.0363 -0.9825 -0.1825
vn -0.0699 -0.9336 -0.3513
vn -0.1007 -0.8564 -0.5064
vn -0.1284 -0.7530 -0.6454
vn -0.1527 -0.6226 -0.7675
vn -0.1733 -0.4593 -0.8712
vn -0.1888 -0.2526 -0.9490
vn -0.1951 0.0059 -0.9808
vn -0.1859 0.3032 -0.9346
vn -0.1579 0.5874 -0.7937
vn -0.1176 0.7978 -0.5913
vn -0.0775 0.9177 -0.3896
vn -0.0453 0.9727 -0.2278
vn -0.0226 0.9933 -0.1137
vn -0.0083 0.9991 -0.0418
vn -0.0000 -0.9825 -0.1861
vn -0.0000 -0.9336 -0.3582
vn -0.0000 -0.8564 -0.5164
vn -0.0000 -0.7530 -0.6580
vn -0.0000 -0.6226 -0.7825
vn -0.0000 -0.4593 -0.8883
vn -0.0000 -0.2526 -0.9676
vn -0.0000 0.0059 -1.0000
vn -0.0000 0.3032 -0.9529
vn -0.0000 0.5874 -0.8093
vn -0.0000 0.7978 -0.6029
vn -0.0000 0.9177 -0.3972
vn -0.0000 0.9727 -0.2322
vn -0.0000 0.9933 -0.1159
vn -0.0000 0.9991 -0.0427
vn 0.0363 -0.9825 -0.1825
vn 0.0699 -0.9336 -0.3513
vn 0.1007 -0.8564 -0.5064
vn 0.1284 -0.7530 -0.6454
vn 0.1527 -0.6226 -0.7675
vn 0.1733 -0.4593 -0.8712
vn 0.1888 -0.2526 -0.9490
vn 0.1951 0.0059 -0.9808
vn 0.1859 0.3032 -0.9346
vn 0.1579 0.5874 -0.7937
vn 0.1176 0.7978 -0.5913
vn 0.0775 0.9177 -0.3896
vn 0.0453 0.9727 -0.2278
vn 0.0226 0.9933 -0.1137
vn 0.0083 0.9991 -0.0418
vn 0.0712 -0.9825 -0.1719
vn 0.1371 -0.9336 -0.3309
vn 0.1976 -0.8564 -0.4771
vn 0.2518 -0.7530 -0.6079
vn 0.2995 -0.6226 -0.7230
vn 0.3399 -0.4593 -0.8207
vn 0.3703 -0.2526 -0.8939
vn 0.3827 0.0059 -0.9239
vn 0.3647 0.3032 -0.8804
vn 0.3097 0.5874 -0.7477
vn 0.2307 0.7978 -0.5570
vn 0.1520 0.9177 -0.3670
vn 0.0889 0.9727 -0.2145
vn 0.0444 0.9933 -0.1071
vn 0.0163 0.9991 -0.0394
vn 0.1034 -0.9825 -0.1547
vn 0.1990 -0.9336 -0.2978
vn 0.2869 -0.8564 -0.4293
vn 0.3656 -0.7530 -0.5471
vn 0.4348 -0.6226 -0.6507
vn 0.4935 -0.4593 -0.7386
vn 0.5375 -0.2526 -0.8045
vn 0.5556 0.0059 -0.8315
vn 0.5294 0.3032 -0.7923
vn 0.4496 0.5874 -0.6729
vn 0.3350 0.7978 -0.5013
vn 0.2207 0.9177 -0.3303
vn 0.1290 0.9727 -0.1931
vn 0.0644 0.9933 -0.0964
vn 0.0237 0.9991 -0.0355
vn 0.1316 -0.9825 -0.1316
vn 0.2533 -0.9336 -0.2533
vn 0.3651 -0.8564 -0.3651
vn 0.4653 -0.7530 -0.4653
vn 0.5533 -0.6226 -0.5533
vn 0.6281 -0.4593 -0.6281
vn 0.6842 -0.2526 -0.6842
vn 0.7071 0.0059 -0.7071
vn 0.6738 0.3032 -0.6738
vn 0.5722 0.5874 -0.5722
vn 0.4263 0.7978 -0.4263
vn 0.2809 0.9177 -0.2809
vn 0.1642 0.9727 -0.1642
vn 0.0819 0.9933 -0.0819
vn 0.0302 0.9991 -0.0302
vn 0.1547 -0.9825 -0.1034
vn 0.2978 -0.9336 -0.1990
vn 0.4293 -0.8564 -0.2869
vn 0.5471 -0.7530 -0.3656
vn 0.6507 -0.6226 -0.4348
vn 0.7386 -0.4593 -0.4935
vn 0.8045 -0.2526 -0.5375
vn 0.8315 0.0059 -0.5556
vn 0.7923 0.3032 -0.5294
vn 0.6729 0.5874 -0.4496
vn 0.5013 0.7978 -0.3350
vn 0.3303 0.9177 -0.2207
vn 0.1931 0.9727 -0.1290
vn 0.0964 0.9933 -0.0644
vn 0.0355 0.9991 -0.0237
vn 0.1719 -0.9825 -0.0712
vn 0.3309 -0.9336 -0.1371
vn 0.4771 -0.8564 -0.1976
vn 0.6079 -0.7530 -0.2518
vn 0.7230 -0.6226 -0.2995
vn 0.8207 -0.4593 -0.3399
vn 0.8939 -0.2526 -0.3703
vn 0.9239 0.0059 -0.3827
vn 0.8804 0.3032 -0.3647
vn 0.7477 0.5874 -0.3097
vn 0.5570 0.7978 -0.2307
vn 0.3670 0.9177 -0.1520
vn 0.2145 0.9727 -0.0889
vn 0.1071 0.9933 -0.0444
vn 0.0394 0.9991 -0.0163
vn 0.1825 -0.9825 -0.0363
vn 0.3513 -0.9336 -0.0699
vn 0.5064 -0.8564 -0.1007
vn 0.6454 -0.7530 -0.1284
vn 0.7675 -0.6226 -0.1527
vn 0.8712 -0.4593 -0.1733
vn 0.9490 -0.2526 -0.1888
vn 0.9808 0.0059 -0.1951
vn 0.9346 0.3032 -0.1859
vn 0.7937 0.5874 -0.1579
vn 0.5913 0.7978 -0.1176
vn 0.3896 0.9177 -0.0775
vn 0.2278 0.9727 -0.0453
vn 0.1137 0.9933 -0.0226
vn 0.0418 0.9991 -0.0083
vn 0.1861 -0.9825 -0.0000
vn 0.3582 -0.9336 -0.0000
vn 0.5164 -0.8564 -0.0000
vn 0.6580 -0.7530 -0.0000
vn 0.7825 -0.6226 -0.0000
vn 0.8883 -0.4593 -0.0000
vn 0.9676 -0.2526 -0.0000
vn 1.0000 0.0059 -0.0000
vn 0.9529 0.3032 -0.0000
vn 0.8093 0.5874 -0.0000
vn 0.6029 0.7978 -0.0000
vn 0.3972 0.9177 -0.0000
vn 0.2322 0.9727 -0.0000
vn 0.1159 0.9933 -0.0000
vn 0.0427 0.9991 -0.0000
vn 0.1825 -0.9825 0.0363
vn 0.3513 -0.9336 0.0699
vn 0.5064 -0.8564 0.1007
vn 0.6454 -0.7530 0.1284
vn 0.7675 -0.6226 0.1527
vn 0.8712 -0.4593 0.1733
vn 0.9490 -0.2526 0.1888
vn 0.9808 0.0059 0.1951
vn 0.9346 0.3032 0.1859
vn 0.7937 0.5874 0.1579
vn 0.5913 0.7978 0.1176
vn 0.3896 0.9177 0.0775
vn 0.2278 0.9727 0.0453
vn 0.1137 0.9933 0.0226
vn 0.0418 0.9991 0.0083
vn 0.1719 -0.9825 0.0712
vn 0.3309 -0.9336 0.1371
vn 0.4771 -0.8564 0.1976
vn 0.6079 -0.7530 0.2518
vn 0.7230 -0.6226 0.2995
vn 0.8207 -0.4593 0.3399
vn 0.8939 -0.2526 0.3703
vn 0.9239 0.0059 0.3827
vn 0.8804 0.3032 0.3647
vn 0.7477 0.5874 0.3097
vn 0.5570 0.7978 0.2307
vn 0.3670 0.9177 0.1520
vn 0.2145 0.9727 0.0889
vn 0.1071 0.9933 0.0444
vn 0.0394 0.9991 0.0163
vn 0.1547 -0.9825 0.1034
vn 0.2978 -0.9336 0.1990
vn 0.4293 -0.8564 0.2869
vn 0.5471 -0.7530 0.3656
vn 0.6507 -0.6226 0.4348
vn 0.7386 -0.4593 0.4935
vn 0.8045 -0.2526 0.5376
vn 0.8315 0.0059 0.5556
vn 0.7923 0.3032 0.5294
vn 0.6729 0.5874 0.4496
vn 0.5013 0.7978 0.3350
vn 0.3303 0.9177 0.2207
vn 0.1931 0.9727 0.1290
vn 0.0964 0.9933 0.0644
vn 0.0355 0.9991 0.0237
vn 0.1316 -0.9825 0.1316
vn 0.2533 -0.9336 0.2533
vn 0.3651 -0.8564 0.3651
vn 0.4653 -0.7530 0.4653
vn 0.5533 -0.6226 0.5533
vn 0.6281 -0.4593 0.6281
vn 0.6842 -0.2526 0.6842
vn 0.7071 0.0059 0.7071
vn 0.6738 0.3032 0.6738
vn 0.5722 0.5874 0.5722
vn 0.4263 0.7978 0.4263
vn 0.2809 0.9177 0.2809
vn 0.1642 0.9727 0.1642
vn 0.0819 0.9933 0.0819
vn 0.0302 0.9991 0.0302
vn 0.1034 -0.9825 0.1547
vn 0.1990 -0.9336 0.2978
vn 0.2869 -0.8564 0.4293
vn 0.3656 -0.7530 0.5471
vn 0.4348 -0.6226 0.6507
vn 0.4935 -0.4593 0.7386
vn 0.5375 -0.2526 0.8045
vn 0.5556 0.0059 0.8315
vn 0.5294 0.3032 0.7923
vn 0.4496 0.5874 0.6729
vn 0.3350 0.7978 0.5013
vn 0.2207 0.9177 0.3303
vn 0.1290 0.9727 0.1931
vn 0.0644 0.9933 0.0964
vn 0.0237 0.9991 0.0355
vn 0.0712 -0.9825 0.1719
vn 0.1371 -0.9336 0.3309
vn 0.1976 -0.8564 0.4771
vn 0.2518 -0.7530 0.6079
vn 0.2995 -0.6226 0.7230
vn 0.3399 -0.4593 0.8207
vn 0.3703 -0.2526 0.8939
vn 0.3827 0.0059 0.9239
vn 0.3647 0.3032 0.8804
vn 0.3097 0.5874 0.7477
vn 0.2307 0.7978 0.5570
vn 0.1520 0.9177 0.3670
vn 0.0889 0.9727 0.2145
vn 0.0444 0.9933 0.1071
vn 0.0163 0.9991 0.0394
vn 0.0363 -0.9825 0.1825
vn 0.0699 -0.9336 0.3513
vn 0.1007 -0.8564 0.5064
vn 0.1284 -0.7530 0.6454
vn 0.1527 -0.6226 0.7675
vn 0.1733 -0.4593 0.8712
vn 0.1888 -0.2526 0.9490
vn 0.1951 0.0059 0.9808
vn 0.1859 0.3032 0.9346
vn 0.1579 0.5874 0.7937
vn 0.1176 0.7978 0.5913
vn 0.0775 0.9177 0.3896
vn 0.0453 0.9727 0.2278
vn 0.0226 0.9933 0.1137
vn 0.0083 0.9991 0.0418
vn -0.0000 -0.9825 0.1861
vn -0.0000 -0.9336 0.3582
vn -0.0000 -0.7530 0.6580
vn -0.0000 -0.4593 0.8883
vn -0.0000 0.5874 0.8093
vn -0.0000 0.9177 0.3972
vn -0.0000 0.9727 0.2322
vn -0.0000 0.9933 0.1159
vn -0.0000 0.9991 0.0427
vt 0.750000 0.312500
vt 0.718750 0.312500
vt 0.718750 0.375000
vt 0.750000 0.375000
vt 0.750000 0.750000
vt 0.718750 0.750000
vt 0.718750 0.812500
vt 0.750000 0.812500
vt 0.750000 0.250000
vt 0.718750 0.250000
vt 0.750000 0.687500
vt 0.718750 0.687500
vt 0.750000 0.187500
vt 0.718750 0.187500
vt 0.750000 0.625000
vt 0.718750 0.625000
vt 0.750000 0.125000
vt 0.718750 0.125000
vt 0.750000 0.562500
vt 0.718750 0.562500
vt 0.750000 0.062500
vt 0.718750 0.062500
vt 0.750000 0.500000
vt 0.718750 0.500000
vt 0.750000 0.937500
vt 0.718750 0.937500
vt 0.734375 1.000000
vt 0.734375 0.000000
vt 0.750000 0.437500
vt 0.718750 0.437500
vt 0.750000 0.875000
vt 0.718750 0.875000
vt 0.687500 0.375000
vt 0.687500 0.437500
vt 0.687500 0.812500
vt 0.687500 0.875000
vt 0.687500 0.312500
vt 0.687500 0.750000
vt 0.687500 0.250000
vt 0.687500 0.687500
vt 0.687500 0.187500
vt 0.687500 0.625000
vt 0.687500 0.125000
vt 0.687500 0.562500
vt 0.687500 0.062500
vt 0.687500 0.500000
vt 0.687500 0.937500
vt 0.703125 1.000000
vt 0.703125 0.000000
vt 0.656250 0.125000
vt 0.656250 0.187500
vt 0.656250 0.562500
vt 0.656250 0.625000
vt 0.656250 0.062500
vt 0.656250 0.500000
vt 0.656250 0.937500
vt 0.671875 1.000000
vt 0.671875 0.000000
vt 0.656250 0.437500
vt 0.656250 0.875000
vt 0.656250 0.375000
vt 0.656250 0.812500
vt 0.656250 0.312500
vt 0.656250 0.750000
vt 0.656250 0.250000
vt 0.656250 0.687500
vt 0.625000 0.812500
vt 0.625000 0.875000
vt 0.625000 0.312500
vt 0.625000 0.375000
vt 0.625000 0.750000
vt 0.625000 0.250000
vt 0.625000 0.687500
vt 0.625000 0.187500
vt 0.625000 0.625000
vt 0.625000 0.125000
vt 0.625000 0.562500
vt 0.625000 0.062500
vt 0.625000 0.500000
vt 0.625000 0.937500
vt 0.640625 1.000000
vt 0.640625 0.000000
vt 0.625000 0.437500
vt 0.593750 0.562500
vt 0.593750 0.625000
vt 0.593750 0.062500
vt 0.593750 0.125000
vt 0.593750 0.500000
vt 0.593750 0.937500
vt 0.609375 1.000000
vt 0.609375 0.000000
vt 0.593750 0.437500
vt 0.593750 0.875000
vt 0.593750 0.375000
vt 0.593750 0.812500
vt 0.593750 0.312500
vt 0.593750 0.750000
vt 0.593750 0.250000
vt 0.593750 0.687500
vt 0.593750 0.187500
vt 0.562500 0.312500
vt 0.562500 0.375000
vt 0.562500 0.750000
vt 0.562500 0.812500
vt 0.562500 0.250000
vt 0.562500 0.687500
vt 0.562500 0.187500
vt 0.562500 0.625000
vt 0.562500 0.125000
vt 0.562500 0.562500
vt 0.562500 0.062500
vt 0.562500 0.500000
vt 0.562500 0.937500
vt 0.578125 1.000000
vt 0.578125 0.000000
vt 0.562500 0.437500
vt 0.562500 0.875000
vt 0.531250 0.062500
vt 0.531250 0.125000
vt 0.531250 0.500000
vt 0.531250 0.562500
vt 0.531250 0.937500
vt 0.546875 1.000000
vt 0.546875 0.000000
vt 0.531250 0.437500
vt 0.531250 0.875000
vt 0.531250 0.375000
vt 0.531250 0.812500
vt 0.531250 0.312500
vt 0.531250 0.750000
vt 0.531250 0.250000
vt 0.531250 0.687500
vt 0.531250 0.187500
vt 0.531250 0.625000
vt 0.500000 0.250000
vt 0.500000 0.312500
vt 0.500000 0.687500
vt 0.500000 0.750000
vt 0.500000 0.187500
vt 0.500000 0.625000
vt 0.500000 0.125000
vt 0.500000 0.562500
vt 0.500000 0.062500
vt 0.500000 0.500000
vt 0.500000 0.937500
vt 0.515625 1.000000
vt 0.515625 0.000000
vt 0.500000 0.437500
vt 0.500000 0.875000
vt 0.500000 0.375000
vt 0.500000 0.812500
vt 0.468750 0.937500
vt 0.484375 1.000000
vt 0.484375 0.000000
vt 0.468750 0.062500
vt 0.468750 0.437500
vt 0.468750 0.500000
vt 0.468750 0.875000
vt 0.468750 0.375000
vt 0.468750 0.812500
vt 0.468750 0.312500
vt 0.468750 0.750000
vt 0.468750 0.250000
vt 0.468750 0.687500
vt 0.468750 0.187500
vt 0.468750 0.625000
vt 0.468750 0.125000
vt 0.468750 0.562500
vt 0.437500 0.687500
vt 0.437500 0.750000
vt 0.437500 0.187500
vt 0.437500 0.250000
vt 0.437500 0.625000
vt 0.437500 0.125000
vt 0.437500 0.562500
vt 0.437500 0.062500
vt 0.437500 0.500000
vt 0.437500 0.937500
vt 0.453125 1.000000
vt 0.453125 0.000000
vt 0.437500 0.437500
vt 0.437500 0.875000
vt 0.437500 0.375000
vt 0.437500 0.812500
vt 0.437500 0.312500
vt 0.406250 0.437500
vt 0.406250 0.500000
vt 0.406250 0.875000
vt 0.406250 0.937500
vt 0.406250 0.375000
vt 0.406250 0.812500
vt 0.406250 0.312500
vt 0.406250 0.750000
vt 0.406250 0.250000
vt 0.406250 0.687500
vt 0.406250 0.187500
vt 0.406250 0.625000
vt 0.406250 0.125000
vt 0.406250 0.562500
vt 0.406250 0.062500
vt 0.421875 1.000000
vt 0.421875 0.000000
vt 0.375000 0.187500
vt 0.375000 0.250000
vt 0.375000 0.625000
vt 0.375000 0.687500
vt 0.375000 0.125000
vt 0.375000 0.562500
vt 0.375000 0.062500
vt 0.375000 0.500000
vt 0.375000 0.937500
vt 0.390625 1.000000
vt 0.390625 0.000000
vt 0.375000 0.437500
vt 0.375000 0.875000
vt 0.375000 0.375000
vt 0.375000 0.812500
vt 0.375000 0.312500
vt 0.375000 0.750000
vt 0.343750 0.875000
vt 0.343750 0.937500
vt 0.343750 0.375000
vt 0.343750 0.437500
vt 0.343750 0.812500
vt 0.343750 0.312500
vt 0.343750 0.750000
vt 0.343750 0.250000
vt 0.343750 0.687500
vt 0.343750 0.187500
vt 0.343750 0.625000
vt 0.343750 0.125000
vt 0.343750 0.562500
vt 0.343750 0.062500
vt 0.343750 0.500000
vt 0.359375 1.000000
vt 0.359375 0.000000
vt 0.312500 0.625000
vt 0.312500 0.687500
vt 0.312500 0.125000
vt 0.312500 0.187500
vt 0.312500 0.562500
vt 0.312500 0.062500
vt 0.312500 0.500000
vt 0.312500 0.937500
vt 0.328125 1.000000
vt 0.328125 0.000000
vt 0.312500 0.437500
vt 0.312500 0.875000
vt 0.312500 0.375000
vt 0.312500 0.812500
vt 0.312500 0.312500
vt 0.312500 0.750000
vt 0.312500 0.250000
vt 0.281250 0.375000
vt 0.281250 0.437500
vt 0.281250 0.812500
vt 0.281250 0.875000
vt 0.281250 0.312500
vt 0.281250 0.750000
vt 0.281250 0.250000
vt 0.281250 0.687500
vt 0.281250 0.187500
vt 0.281250 0.625000
vt 0.281250 0.125000
vt 0.281250 0.562500
vt 0.281250 0.062500
vt 0.281250 0.500000
vt 0.281250 0.937500
vt 0.296875 1.000000
vt 0.296875 0.000000
vt 0.250000 0.125000
vt 0.250000 0.187500
vt 0.250000 0.562500
vt 0.250000 0.625000
vt 0.250000 0.062500
vt 0.250000 0.500000
vt 0.250000 0.937500
vt 0.265625 1.000000
vt 0.265625 0.000000
vt 0.250000 0.437500
vt 0.250000 0.875000
vt 0.250000 0.375000
vt 0.250000 0.812500
vt 0.250000 0.312500
vt 0.250000 0.750000
vt 0.250000 0.250000
vt 0.250000 0.687500
vt 0.218750 0.312500
vt 0.218750 0.375000
vt 0.218750 0.750000
vt 0.218750 0.812500
vt 0.218750 0.250000
vt 0.218750 0.687500
vt 0.218750 0.187500
vt 0.218750 0.625000
vt 0.218750 0.125000
vt 0.218750 0.562500
vt 0.218750 0.062500
vt 0.218750 0.500000
vt 0.218750 0.937500
vt 0.234375 1.000000
vt 0.234375 0.000000
vt 0.218750 0.437500
vt 0.218750 0.875000
vt 0.187500 0.062500
vt 0.187500 0.125000
vt 0.187500 0.500000
vt 0.187500 0.562500
vt 0.187500 0.937500
vt 0.203125 1.000000
vt 0.203125 0.000000
vt 0.187500 0.437500
vt 0.187500 0.875000
vt 0.187500 0.375000
vt 0.187500 0.812500
vt 0.187500 0.312500
vt 0.187500 0.750000
vt 0.187500 0.250000
vt 0.187500 0.687500
vt 0.187500 0.187500
vt 0.187500 0.625000
vt 0.156250 0.750000
vt 0.156250 0.812500
vt 0.156250 0.250000
vt 0.156250 0.312500
vt 0.156250 0.687500
vt 0.156250 0.187500
vt 0.156250 0.625000
vt 0.156250 0.125000
vt 0.156250 0.562500
vt 0.156250 0.062500
vt 0.156250 0.500000
vt 0.156250 0.937500
vt 0.171875 1.000000
vt 0.171875 0.000000
vt 0.156250 0.437500
vt 0.156250 0.875000
vt 0.156250 0.375000
vt 0.125000 0.500000
vt 0.125000 0.562500
vt 0.125000 0.937500
vt 0.140625 1.000000
vt 0.140625 0.000000
vt 0.125000 0.062500
vt 0.125000 0.437500
vt 0.125000 0.875000
vt 0.125000 0.375000
vt 0.125000 0.812500
vt 0.125000 0.312500
vt 0.125000 0.750000
vt 0.125000 0.250000
vt 0.125000 0.687500
vt 0.125000 0.187500
vt 0.125000 0.625000
vt 0.125000 0.125000
vt 0.093750 0.250000
vt 0.093750 0.312500
vt 0.093750 0.687500
vt 0.093750 0.750000
vt 0.093750 0.187500
vt 0.093750 0.625000
vt 0.093750 0.125000
vt 0.093750 0.562500
vt 0.093750 0.062500
vt 0.093750 0.500000
vt 0.093750 0.937500
vt 0.109375 1.000000
vt 0.109375 0.000000
vt 0.093750 0.437500
vt 0.093750 0.875000
vt 0.093750 0.375000
vt 0.093750 0.812500
vt 0.062500 0.937500
vt 0.078125 1.000000
vt 0.078125 0.000000
vt 0.062500 0.062500
vt 0.062500 0.437500
vt 0.062500 0.500000
vt 0.062500 0.875000
vt 0.062500 0.375000
vt 0.062500 0.812500
vt 0.062500 0.312500
vt 0.062500 0.750000
vt 0.062500 0.250000
vt 0.062500 0.687500
vt 0.062500 0.187500
vt 0.062500 0.625000
vt 0.062500 0.125000
vt 0.062500 0.562500
vt 0.031250 0.687500
vt 0.031250 0.750000
vt 0.031250 0.187500
vt 0.031250 0.250000
vt 0.031250 0.625000
vt 0.031250 0.125000
vt 0.031250 0.562500
vt 0.031250 0.062500
vt 0.031250 0.500000
vt 0.031250 0.937500
vt 0.046875 1.000000
vt 0.046875 0.000000
vt 0.031250 0.437500
vt 0.031250 0.875000
vt 0.031250 0.375000
vt 0.031250 0.812500
vt 0.031250 0.312500
vt 0.000000 0.437500
vt 0.000000 0.500000
vt 0.000000 0.875000
vt 0.000000 0.937500
vt 0.000000 0.375000
vt 0.000000 0.812500
vt 0.000000 0.312500
vt 0.000000 0.750000
vt 0.000000 0.250000
vt 0.000000 0.687500
vt 0.000000 0.187500
vt 0.000000 0.625000
vt 0.000000 0.125000
vt 0.000000 0.562500
vt 0.000000 0.062500
vt 0.015625 1.000000
vt 0.015625 0.000000
vt 1.000000 0.187500
vt 0.968750 0.187500
vt 0.968750 0.250000
vt 1.000000 0.250000
vt 1.000000 0.625000
vt 0.968750 0.625000
vt 0.968750 0.687500
vt 1.000000 0.687500
vt 1.000000 0.125000
vt 0.968750 0.125000
vt 1.000000 0.562500
vt 0.968750 0.562500
vt 1.000000 0.062500
vt 0.968750 0.062500
vt 1.000000 0.500000
vt 0.968750 0.500000
vt 1.000000 0.937500
vt 0.968750 0.937500
vt 0.984375 1.000000
vt 0.984375 0.000000
vt 1.000000 0.437500
vt 0.968750 0.437500
vt 1.000000 0.875000
vt 0.968750 0.875000
vt 1.000000 0.375000
vt 0.968750 0.375000
vt 1.000000 0.812500
vt 0.968750 0.812500
vt 1.000000 0.312500
vt 0.968750 0.312500
vt 1.000000 0.750000
vt 0.968750 0.750000
vt 0.937500 0.375000
vt 0.937500 0.437500
vt 0.937500 0.812500
vt 0.937500 0.875000
vt 0.937500 0.312500
vt 0.937500 0.750000
vt 0.937500 0.250000
vt 0.937500 0.687500
vt 0.937500 0.187500
vt 0.937500 0.625000
vt 0.937500 0.125000
vt 0.937500 0.562500
vt 0.937500 0.062500
vt 0.937500 0.500000
vt 0.937500 0.937500
vt 0.953125 1.000000
vt 0.953125 0.000000
vt 0.906250 0.125000
vt 0.906250 0.187500
vt 0.906250 0.562500
vt 0.906250 0.625000
vt 0.906250 0.062500
vt 0.906250 0.500000
vt 0.906250 0.937500
vt 0.921875 1.000000
vt 0.921875 0.000000
vt 0.906250 0.437500
vt 0.906250 0.875000
vt 0.906250 0.375000
vt 0.906250 0.812500
vt 0.906250 0.312500
vt 0.906250 0.750000
vt 0.906250 0.250000
vt 0.906250 0.687500
vt 0.875000 0.812500
vt 0.875000 0.875000
vt 0.875000 0.312500
vt 0.875000 0.375000
vt 0.875000 0.750000
vt 0.875000 0.250000
vt 0.875000 0.687500
vt 0.875000 0.187500
vt 0.875000 0.625000
vt 0.875000 0.125000
vt 0.875000 0.562500
vt 0.875000 0.062500
vt 0.875000 0.500000
vt 0.875000 0.937500
vt 0.890625 1.000000
vt 0.890625 0.000000
vt 0.875000 0.437500
vt 0.843750 0.562500
vt 0.843750 0.625000
vt 0.843750 0.062500
vt 0.843750 0.125000
vt 0.843750 0.500000
vt 0.843750 0.937500
vt 0.859375 1.000000
vt 0.859375 0.000000
vt 0.843750 0.437500
vt 0.843750 0.875000
vt 0.843750 0.375000
vt 0.843750 0.812500
vt 0.843750 0.312500
vt 0.843750 0.750000
vt 0.843750 0.250000
vt 0.843750 0.687500
vt 0.843750 0.187500
vt 0.812500 0.312500
vt 0.812500 0.375000
vt 0.812500 0.750000
vt 0.812500 0.812500
vt 0.812500 0.250000
vt 0.812500 0.687500
vt 0.812500 0.187500
vt 0.812500 0.625000
vt 0.812500 0.125000
vt 0.812500 0.562500
vt 0.812500 0.062500
vt 0.812500 0.500000
vt 0.812500 0.937500
vt 0.828125 1.000000
vt 0.828125 0.000000
vt 0.812500 0.437500
vt 0.812500 0.875000
vt 0.781250 0.062500
vt 0.781250 0.125000
vt 0.781250 0.500000
vt 0.781250 0.562500
vt 0.781250 0.937500
vt 0.796875 1.000000
vt 0.796875 0.000000
vt 0.781250 0.437500
vt 0.781250 0.875000
vt 0.781250 0.375000
vt 0.781250 0.812500
vt 0.781250 0.312500
vt 0.781250 0.750000
vt 0.781250 0.250000
vt 0.781250 0.687500
vt 0.781250 0.187500
vt 0.781250 0.625000
vt 0.765625 1.000000
vt 0.765625 0.000000
s 1
usemtl Skin1
f 489/560/489 501/561/501 500/562/500 960/563/960
f 958/564/958 494/565/494 493/566/493 484/567/484
f 961/568/961 502/569/502 501/561/501 489/560/489
f 485/570/485 495/571/495 494/565/494 958/564/958
f 962/572/962 503/573/503 502/569/502 961/568/961
f 959/574/959 496/575/496 495/571/495 485/570/485
f 963/576/963 504/577/504 503/573/503 962/572/962
f 486/578/486 497/579/497 496/575/496 959/574/959
f 964/580/964 505/581/505 504/577/504 963/576/963
f 487/582/487 498/583/498 497/579/497 486/578/486
f 956/584/956 491/585/491 483/586/483
f 490/587/490 505/581/505 964/580/964
f 488/588/488 499/589/499 498/583/498 487/582/487
f 957/590/957 492/591/492 491/585/491 956/584/956
f 960/563/960 500/562/500 499/589/499 488/588/488
f 484/567/484 493/566/493 492/591/492 957/590/957
f 500/562/500 515/592/515 514/593/514 499/589/499
f 493/566/493 508/594/508 507/595/507 492/591/492
f 501/561/501 516/596/516 515/592/515 500/562/500
f 494/565/494 509/597/509 508/594/508 493/566/493
f 502/569/502 517/598/517 516/596/516 501/561/501
f 495/571/495 510/599/510 509/597/509 494/565/494
f 503/573/503 518/600/518 517/598/517 502/569/502
f 496/575/496 511/601/511 510/599/510 495/571/495
f 504/577/504 519/602/519 518/600/518 503/573/503
f 497/579/497 512/603/512 511/601/511 496/575/496
f 505/581/505 520/604/520 519/602/519 504/577/504
f 498/583/498 513/605/513 512/603/512 497/579/497
f 491/585/491 506/606/506 483/607/483
f 490/608/490 520/604/520 505/581/505
f 499/589/499 514/593/514 513/605/513 498/583/498
f 492/591/492 507/595/507 506/606/506 491/585/491
f 519/602/519 534/609/534 533/610/533 518/600/518
f 512/603/512 527/611/527 526/612/526 511/601/511
f 520/604/520 535/613/535 534/609/534 519/602/519
f 513/605/513 528/614/528 527/611/527 512/603/512
f 506/606/506 521/615/521 483/616/483
f 490/617/490 535/613/535 520/604/520
f 514/593/514 529/618/529 528/614/528 513/605/513
f 507/595/507 522/619/522 521/615/521 506/606/506
f 515/592/515 530/620/530 529/618/529 514/593/514
f 508/594/508 523/621/523 522/619/522 507/595/507
f 516/596/516 531/622/531 530/620/530 515/592/515
f 509/597/509 524/623/524 523/621/523 508/594/508
f 517/598/517 532/624/532 531/622/531 516/596/516
f 510/599/510 525/625/525 524/623/524 509/597/509
f 518/600/518 533/610/533 532/624/532 517/598/517
f 511/601/511 526/612/526 525/625/525 510/599/510
f 523/621/523 538/626/538 537/627/537 522/619/522
f 531/622/531 546/628/546 545/629/545 530/620/530
f 524/623/524 539/630/539 538/626/538 523/621/523
f 532/624/532 547/631/547 546/628/546 531/622/531
f 525/625/525 540/632/540 539/630/539 524/623/524
f 533/610/533 548/633/548 547/631/547 532/624/532
f 526/612/526 541/634/541 540/632/540 525/625/525
f 534/609/534 549/635/549 548/633/548 533/610/533
f 527/611/527 542/636/542 541/634/541 526/612/526
f 535/613/535 550/637/550 549/635/549 534/609/534
f 528/614/528 543/638/543 542/636/542 527/611/527
f 521/615/521 536/639/536 483/640/483
f 490/641/490 550/637/550 535/613/535
f 529/618/529 544/642/544 543/638/543 528/614/528
f 522/619/522 537/627/537 536/639/536 521/615/521
f 530/620/530 545/629/545 544/642/544 529/618/529
f 542/636/542 557/643/557 556/644/556 541/634/541
f 550/637/550 565/645/565 564/646/564 549/635/549
f 543/638/543 558/647/558 557/643/557 542/636/542
f 536/639/536 551/648/551 483/649/483
f 490/650/490 565/645/565 550/637/550
f 544/642/544 559/651/559 558/647/558 543/638/543
f 537/627/537 552/652/552 551/648/551 536/639/536
f 545/629/545 560/653/560 559/651/559 544/642/544
f 538/626/538 553/654/553 552/652/552 537/627/537
f 546/628/546 561/655/561 560/653/560 545/629/545
f 539/630/539 554/656/554 553/654/553 538/626/538
f 547/631/547 562/657/562 561/655/561 546/628/546
f 540/632/540 555/658/555 554/656/554 539/630/539
f 548/633/548 563/659/563 562/657/562 547/631/547
f 541/634/541 556/644/556 555/658/555 540/632/540
f 549/635/549 564/646/564 563/659/563 548/633/548
f 561/655/561 576/660/576 575/661/575 560/653/560
f 554/656/554 569/662/569 568/663/568 553/654/553
f 562/657/562 577/664/577 576/660/576 561/655/561
f 555/658/555 570/665/570 569/662/569 554/656/554
f 563/659/563 578/666/578 577/664/577 562/657/562
f 556/644/556 571/667/571 570/665/570 555/658/555
f 564/646/564 579/668/579 578/666/578 563/659/563
f 557/643/557 572/669/572 571/667/571 556/644/556
f 565/645/565 580/670/580 579/668/579 564/646/564
f 558/647/558 573/671/573 572/669/572 557/643/557
f 551/648/551 566/672/566 483/673/483
f 490/674/490 580/670/580 565/645/565
f 559/651/559 574/675/574 573/671/573 558/647/558
f 552/652/552 567/676/567 566/672/566 551/648/551
f 560/653/560 575/661/575 574/675/574 559/651/559
f 553/654/553 568/663/568 567/676/567 552/652/552
f 580/670/580 595/677/595 594/678/594 579/668/579
f 573/671/573 588/679/588 587/680/587 572/669/572
f 566/672/566 581/681/581 483/682/483
f 490/683/490 595/677/595 580/670/580
f 574/675/574 589/684/589 588/679/588 573/671/573
f 567/676/567 582/685/582 581/681/581 566/672/566
f 575/661/575 590/686/590 589/684/589 574/675/574
f 568/663/568 583/687/583 582/685/582 567/676/567
f 576/660/576 591/688/591 590/686/590 575/661/575
f 569/662/569 584/689/584 583/687/583 568/663/568
f 577/664/577 592/690/592 591/688/591 576/660/576
f 570/665/570 585/691/585 584/689/584 569/662/569
f 578/666/578 593/692/593 592/690/592 577/664/577
f 571/667/571 586/693/586 585/691/585 570/665/570
f 579/668/579 594/678/594 593/692/593 578/666/578
f 572/669/572 587/680/587 586/693/586 571/667/571
f 592/690/592 607/694/607 606/695/606 591/688/591
f 585/691/585 600/696/600 599/697/599 584/689/584
f 593/692/593 608/698/608 607/694/607 592/690/592
f 586/693/586 601/699/601 600/696/600 585/691/585
f 594/678/594 609/700/609 608/698/608 593/692/593
f 587/680/587 602/701/602 601/699/601 586/693/586
f 595/677/595 610/702/610 609/700/609 594/678/594
f 588/679/588 603/703/603 602/701/602 587/680/587
f 581/681/581 596/704/596 483/705/483
f 490/706/490 610/702/610 595/677/595
f 589/684/589 604/707/604 603/703/603 588/679/588
f 582/685/582 597/708/597 596/704/596 581/681/581
f 590/686/590 605/709/605 604/707/604 589/684/589
f 583/687/583 598/710/598 597/708/597 582/685/582
f 591/688/591 606/695/606 605/709/605 590/686/590
f 584/689/584 599/697/599 598/710/598 583/687/583
f 596/704/596 611/711/611 483/712/483
f 490/713/490 625/714/625 610/702/610
f 604/707/604 619/715/619 618/716/618 603/703/603
f 597/708/597 612/717/612 611/711/611 596/704/596
f 605/709/605 620/718/620 619/715/619 604/707/604
f 598/710/598 613/719/613 612/717/612 597/708/597
f 606/695/606 621/720/621 620/718/620 605/709/605
f 599/697/599 614/721/614 613/719/613 598/710/598
f 607/694/607 622/722/622 621/720/621 606/695/606
f 600/696/600 615/723/615 614/721/614 599/697/599
f 608/698/608 623/724/623 622/722/622 607/694/607
f 601/699/601 616/725/616 615/723/615 600/696/600
f 609/700/609 624/726/624 623/724/623 608/698/608
f 602/701/602 617/727/617 616/725/616 601/699/601
f 610/702/610 625/714/625 624/726/624 609/700/609
f 603/703/603 618/716/618 617/727/617 602/701/602
f 615/723/615 630/728/630 629/729/629 614/721/614
f 623/724/623 638/730/638 637/731/637 622/722/622
f 616/725/616 631/732/631 630/728/630 615/723/615
f 624/726/624 639/733/639 638/730/638 623/724/623
f 617/727/617 632/734/632 631/732/631 616/725/616
f 625/714/625 640/735/640 639/733/639 624/726/624
f 618/716/618 633/736/633 632/734/632 617/727/617
f 611/711/611 626/737/626 483/738/483
f 490/739/490 640/735/640 625/714/625
f 619/715/619 634/740/634 633/736/633 618/716/618
f 612/717/612 627/741/627 626/737/626 611/711/611
f 620/718/620 635/742/635 634/740/634 619/715/619
f 613/719/613 628/743/628 627/741/627 612/717/612
f 621/720/621 636/744/636 635/742/635 620/718/620
f 614/721/614 629/729/629 628/743/628 613/719/613
f 622/722/622 637/731/637 636/744/636 621/720/621
f 634/740/634 649/745/649 648/746/648 633/736/633
f 627/741/627 642/747/642 641/748/641 626/737/626
f 635/742/635 650/749/650 649/745/649 634/740/634
f 628/743/628 643/750/643 642/747/642 627/741/627
f 636/744/636 651/751/651 650/749/650 635/742/635
f 629/729/629 644/752/644 643/750/643 628/743/628
f 637/731/637 652/753/652 651/751/651 636/744/636
f 630/728/630 645/754/645 644/752/644 629/729/629
f 638/730/638 653/755/653 652/753/652 637/731/637
f 631/732/631 646/756/646 645/754/645 630/728/630
f 639/733/639 654/757/654 653/755/653 638/730/638
f 632/734/632 647/758/647 646/756/646 631/732/631
f 640/735/640 655/759/655 654/757/654 639/733/639
f 633/736/633 648/746/648 647/758/647 632/734/632
f 626/737/626 641/748/641 483/760/483
f 490/761/490 655/759/655 640/735/640
f 653/755/653 668/762/668 667/763/667 652/753/652
f 646/756/646 661/764/661 660/765/660 645/754/645
f 654/757/654 669/766/669 668/762/668 653/755/653
f 647/758/647 662/767/662 661/764/661 646/756/646
f 655/759/655 670/768/670 669/766/669 654/757/654
f 648/746/648 663/769/663 662/767/662 647/758/647
f 641/748/641 656/770/656 483/771/483
f 490/772/490 670/768/670 655/759/655
f 649/745/649 664/773/664 663/769/663 648/746/648
f 642/747/642 657/774/657 656/770/656 641/748/641
f 650/749/650 665/775/665 664/773/664 649/745/649
f 643/750/643 658/776/658 657/774/657 642/747/642
f 651/751/651 666/777/666 665/775/665 650/749/650
f 644/752/644 659/778/659 658/776/658 643/750/643
f 652/753/652 667/763/667 666/777/666 651/751/651
f 645/754/645 660/765/660 659/778/659 644/752/644
f 657/774/657 672/779/672 671/780/671 656/770/656
f 665/775/665 680/781/680 679/782/679 664/773/664
f 658/776/658 673/783/673 672/779/672 657/774/657
f 666/777/666 681/784/681 680/781/680 665/775/665
f 659/778/659 674/785/674 673/783/673 658/776/658
f 667/763/667 682/786/682 681/784/681 666/777/666
f 660/765/660 675/787/675 674/785/674 659/778/659
f 668/762/668 683/788/683 682/786/682 667/763/667
f 661/764/661 676/789/676 675/787/675 660/765/660
f 669/766/669 684/790/684 683/788/683 668/762/668
f 662/767/662 677/791/677 676/789/676 661/764/661
f 670/768/670 685/792/685 684/790/684 669/766/669
f 663/769/663 678/793/678 677/791/677 662/767/662
f 656/770/656 671/780/671 483/794/483
f 490/795/490 685/792/685 670/768/670
f 664/773/664 679/782/679 678/793/678 663/769/663
f 676/789/676 691/796/691 690/797/690 675/787/675
f 684/790/684 699/798/699 698/799/698 683/788/683
f 677/791/677 692/800/692 691/796/691 676/789/676
f 685/792/685 700/801/700 699/798/699 684/790/684
f 678/793/678 693/802/693 692/800/692 677/791/677
f 671/780/671 686/803/686 483/804/483
f 490/805/490 700/801/700 685/792/685
f 679/782/679 694/806/694 693/802/693 678/793/678
f 672/779/672 687/807/687 686/803/686 671/780/671
f 680/781/680 695/808/695 694/806/694 679/782/679
f 673/783/673 688/809/688 687/807/687 672/779/672
f 681/784/681 696/810/696 695/808/695 680/781/680
f 674/785/674 689/811/689 688/809/688 673/783/673
f 682/786/682 697/812/697 696/810/696 681/784/681
f 675/787/675 690/797/690 689/811/689 674/785/674
f 683/788/683 698/799/698 697/812/697 682/786/682
f 695/808/695 710/813/710 709/814/709 694/806/694
f 688/809/688 703/815/703 702/816/702 687/807/687
f 696/810/696 711/817/711 710/813/710 695/808/695
f 689/811/689 704/818/704 703/815/703 688/809/688
f 697/812/697 712/819/712 711/817/711 696/810/696
f 690/797/690 705/820/705 704/818/704 689/811/689
f 698/799/698 713/821/713 712/819/712 697/812/697
f 691/796/691 706/822/706 705/820/705 690/797/690
f 699/798/699 714/823/714 713/821/713 698/799/698
f 692/800/692 707/824/707 706/822/706 691/796/691
f 700/801/700 715/825/715 714/823/714 699/798/699
f 693/802/693 708/826/708 707/824/707 692/800/692
f 686/803/686 701/827/701 483/828/483
f 490/829/490 715/825/715 700/801/700
f 694/806/694 709/814/709 708/826/708 693/802/693
f 687/807/687 702/816/702 701/827/701 686/803/686
f 714/823/714 729/830/729 728/831/728 713/821/713
f 707/824/707 722/832/722 721/833/721 706/822/706
f 715/825/715 730/834/730 729/830/729 714/823/714
f 708/826/708 723/835/723 722/832/722 707/824/707
f 701/827/701 716/836/716 483/837/483
f 490/838/490 730/834/730 715/825/715
f 709/814/709 724/839/724 723/835/723 708/826/708
f 702/816/702 717/840/717 716/836/716 701/827/701
f 710/813/710 725/841/725 724/839/724 709/814/709
f 703/815/703 718/842/718 717/840/717 702/816/702
f 711/817/711 726/843/726 725/841/725 710/813/710
f 704/818/704 719/844/719 718/842/718 703/815/703
f 712/819/712 727/845/727 726/843/726 711/817/711
f 705/820/705 720/846/720 719/844/719 704/818/704
f 713/821/713 728/831/728 727/845/727 712/819/712
f 706/822/706 721/833/721 720/846/720 705/820/705
f 726/843/726 741/847/741 740/848/740 725/841/725
f 719/844/719 734/849/734 733/850/733 718/842/718
f 727/845/727 742/851/742 741/847/741 726/843/726
f 720/846/720 735/852/735 734/849/734 719/844/719
f 728/831/728 743/853/743 742/851/742 727/845/727
f 721/833/721 736/854/736 735/852/735 720/846/720
f 729/830/729 744/855/744 743/853/743 728/831/728
f 722/832/722 737/856/737 736/854/736 721/833/721
f 730/834/730 745/857/745 744/855/744 729/830/729
f 723/835/723 738/858/738 737/856/737 722/832/722
f 716/836/716 731/859/731 483/860/483
f 490/861/490 745/857/745 730/834/730
f 724/839/724 739/862/739 738/858/738 723/835/723
f 717/840/717 732/863/732 731/859/731 716/836/716
f 725/841/725 740/848/740 739/862/739 724/839/724
f 718/842/718 733/850/733 732/863/732 717/840/717
f 745/857/745 760/864/760 759/865/759 744/855/744
f 738/858/738 753/866/753 752/867/752 737/856/737
f 731/859/731 746/868/746 483/869/483
f 490/870/490 760/864/760 745/857/745
f 739/862/739 754/871/754 753/866/753 738/858/738
f 732/863/732 747/872/747 746/868/746 731/859/731
f 740/848/740 755/873/755 754/871/754 739/862/739
f 733/850/733 748/874/748 747/872/747 732/863/732
f 741/847/741 756/875/756 755/873/755 740/848/740
f 734/849/734 749/876/749 748/874/748 733/850/733
f 742/851/742 757/877/757 756/875/756 741/847/741
f 735/852/735 750/878/750 749/876/749 734/849/734
f 743/853/743 758/879/758 757/877/757 742/851/742
f 736/854/736 751/880/751 750/878/750 735/852/735
f 744/855/744 759/865/759 758/879/758 743/853/743
f 737/856/737 752/867/752 751/880/751 736/854/736
f 749/876/749 764/881/764 763/882/763 748/874/748
f 757/877/757 772/883/772 771/884/771 756/875/756
f 750/878/750 765/885/765 764/881/764 749/876/749
f 758/879/758 773/886/773 772/883/772 757/877/757
f 751/880/751 766/887/766 765/885/765 750/878/750
f 759/865/759 774/888/774 773/886/773 758/879/758
f 752/867/752 767/889/767 766/887/766 751/880/751
f 760/864/760 775/890/775 774/888/774 759/865/759
f 753/866/753 768/891/768 767/889/767 752/867/752
f 746/868/746 761/892/761 483/893/483
f 490/894/490 775/890/775 760/864/760
f 754/871/754 769/895/769 768/891/768 753/866/753
f 747/872/747 762/896/762 761/892/761 746/868/746
f 755/873/755 770/897/770 769/895/769 754/871/754
f 748/874/748 763/882/763 762/896/762 747/872/747
f 756/875/756 771/884/771 770/897/770 755/873/755
f 768/891/768 783/898/783 782/899/782 767/889/767
f 761/892/761 776/900/776 483/901/483
f 490/902/490 790/903/790 775/890/775
f 769/895/769 784/904/784 783/898/783 768/891/768
f 762/896/762 777/905/777 776/900/776 761/892/761
f 770/897/770 785/906/785 784/904/784 769/895/769
f 763/882/763 778/907/778 777/905/777 762/896/762
f 771/884/771 786/908/786 785/906/785 770/897/770
f 764/881/764 779/909/779 778/907/778 763/882/763
f 772/883/772 787/910/787 786/908/786 771/884/771
f 765/885/765 780/911/780 779/909/779 764/881/764
f 773/886/773 788/912/788 787/910/787 772/883/772
f 766/887/766 781/913/781 780/911/780 765/885/765
f 774/888/774 789/914/789 788/912/788 773/886/773
f 767/889/767 782/899/782 781/913/781 766/887/766
f 775/890/775 790/903/790 789/914/789 774/888/774
f 787/910/787 802/915/802 801/916/801 786/908/786
f 780/911/780 795/917/795 794/918/794 779/909/779
f 788/912/788 803/919/803 802/915/802 787/910/787
f 781/913/781 796/920/796 795/917/795 780/911/780
f 789/914/789 804/921/804 803/919/803 788/912/788
f 782/899/782 797/922/797 796/920/796 781/913/781
f 790/903/790 805/923/805 804/921/804 789/914/789
f 783/898/783 798/924/798 797/922/797 782/899/782
f 776/900/776 791/925/791 483/926/483
f 490/927/490 805/923/805 790/903/790
f 784/904/784 799/928/799 798/924/798 783/898/783
f 777/905/777 792/929/792 791/925/791 776/900/776
f 785/906/785 800/930/800 799/928/799 784/904/784
f 778/907/778 793/931/793 792/929/792 777/905/777
f 786/908/786 801/916/801 800/930/800 785/906/785
f 779/909/779 794/918/794 793/931/793 778/907/778
f 791/925/791 806/932/806 483/933/483
f 490/934/490 820/935/820 805/923/805
f 799/928/799 814/936/814 813/937/813 798/924/798
f 792/929/792 807/938/807 806/932/806 791/925/791
f 800/930/800 815/939/815 814/936/814 799/928/799
f 793/931/793 808/940/808 807/938/807 792/929/792
f 801/916/801 816/941/816 815/939/815 800/930/800
f 794/918/794 809/942/809 808/940/808 793/931/793
f 802/915/802 817/943/817 816/941/816 801/916/801
f 795/917/795 810/944/810 809/942/809 794/918/794
f 803/919/803 818/945/818 817/943/817 802/915/802
f 796/920/796 811/946/811 810/944/810 795/917/795
f 804/921/804 819/947/819 818/945/818 803/919/803
f 797/922/797 812/948/812 811/946/811 796/920/796
f 805/923/805 820/935/820 819/947/819 804/921/804
f 798/924/798 813/937/813 812/948/812 797/922/797
f 810/944/810 825/949/825 824/950/824 809/942/809
f 818/945/818 833/951/833 832/952/832 817/943/817
f 811/946/811 826/953/826 825/949/825 810/944/810
f 819/947/819 834/954/834 833/951/833 818/945/818
f 812/948/812 827/955/827 826/953/826 811/946/811
f 820/935/820 835/956/835 834/954/834 819/947/819
f 813/937/813 828/957/828 827/955/827 812/948/812
f 806/932/806 821/958/821 483/959/483
f 490/960/490 835/956/835 820/935/820
f 814/936/814 829/961/829 828/957/828 813/937/813
f 807/938/807 822/962/822 821/958/821 806/932/806
f 815/939/815 830/963/830 829/961/829 814/936/814
f 808/940/808 823/964/823 822/962/822 807/938/807
f 816/941/816 831/965/831 830/963/830 815/939/815
f 809/942/809 824/950/824 823/964/823 808/940/808
f 817/943/817 832/952/832 831/965/831 816/941/816
f 829/961/829 844/966/844 843/967/843 828/957/828
f 822/962/822 837/968/837 836/969/836 821/958/821
f 830/963/830 845/970/845 844/966/844 829/961/829
f 823/964/823 838/971/838 837/968/837 822/962/822
f 831/965/831 846/972/846 845/970/845 830/963/830
f 824/950/824 839/973/839 838/971/838 823/964/823
f 832/952/832 847/974/847 846/972/846 831/965/831
f 825/949/825 840/975/840 839/973/839 824/950/824
f 833/951/833 848/976/848 847/974/847 832/952/832
f 826/953/826 841/977/841 840/975/840 825/949/825
f 834/954/834 849/978/849 848/976/848 833/951/833
f 827/955/827 842/979/842 841/977/841 826/953/826
f 835/956/835 850/980/850 849/978/849 834/954/834
f 828/957/828 843/967/843 842/979/842 827/955/827
f 821/958/821 836/969/836 483/981/483
f 490/982/490 850/980/850 835/956/835
f 848/983/848 863/984/863 862/985/862 847/986/847
f 841/987/841 856/988/856 855/989/855 840/990/840
f 849/991/849 864/992/864 863/984/863 848/983/848
f 842/993/842 857/994/857 856/988/856 841/987/841
f 850/995/850 865/996/865 864/992/864 849/991/849
f 843/997/843 858/998/858 857/994/857 842/993/842
f 836/999/836 851/1000/851 483/1001/483
f 490/1002/490 865/996/865 850/995/850
f 844/1003/844 859/1004/859 858/998/858 843/997/843
f 837/1005/837 852/1006/852 851/1000/851 836/999/836
f 845/1007/845 860/1008/860 859/1004/859 844/1003/844
f 838/1009/838 853/1010/853 852/1006/852 837/1005/837
f 846/1011/846 861/1012/861 860/1008/860 845/1007/845
f 839/1013/839 854/1014/854 853/1010/853 838/1009/838
f 847/986/847 862/985/862 861/1012/861 846/1011/846
f 840/990/840 855/989/855 854/1014/854 839/1013/839
f 860/1008/860 875/1015/875 874/1016/874 859/1004/859
f 853/1010/853 868/1017/868 867/1018/867 852/1006/852
f 861/1012/861 876/1019/876 875/1015/875 860/1008/860
f 854/1014/854 869/1020/869 868/1017/868 853/1010/853
f 862/985/862 877/1021/877 876/1019/876 861/1012/861
f 855/989/855 870/1022/870 869/1020/869 854/1014/854
f 863/984/863 878/1023/878 877/1021/877 862/985/862
f 856/988/856 871/1024/871 870/1022/870 855/989/855
f 864/992/864 879/1025/879 878/1023/878 863/984/863
f 857/994/857 872/1026/872 871/1024/871 856/988/856
f 865/996/865 880/1027/880 879/1025/879 864/992/864
f 858/998/858 873/1028/873 872/1026/872 857/994/857
f 851/1000/851 866/1029/866 483/1030/483
f 490/1031/490 880/1027/880 865/996/865
f 859/1004/859 874/1016/874 873/1028/873 858/998/858
f 852/1006/852 867/1018/867 866/1029/866 851/1000/851
f 879/1025/879 894/1032/894 893/1033/893 878/1023/878
f 872/1026/872 887/1034/887 886/1035/886 871/1024/871
f 880/1027/880 895/1036/895 894/1032/894 879/1025/879
f 873/1028/873 888/1037/888 887/1034/887 872/1026/872
f 866/1029/866 881/1038/881 483/1039/483
f 490/1040/490 895/1036/895 880/1027/880
f 874/1016/874 889/1041/889 888/1037/888 873/1028/873
f 867/1018/867 882/1042/882 881/1038/881 866/1029/866
f 875/1015/875 890/1043/890 889/1041/889 874/1016/874
f 868/1017/868 883/1044/883 882/1042/882 867/1018/867
f 876/1019/876 891/1045/891 890/1043/890 875/1015/875
f 869/1020/869 884/1046/884 883/1044/883 868/1017/868
f 877/1021/877 892/1047/892 891/1045/891 876/1019/876
f 870/1022/870 885/1048/885 884/1046/884 869/1020/869
f 878/1023/878 893/1033/893 892/1047/892 877/1021/877
f 871/1024/871 886/1035/886 885/1048/885 870/1022/870
f 883/1044/883 898/1049/898 897/1050/897 882/1042/882
f 891/1045/891 906/1051/906 905/1052/905 890/1043/890
f 884/1046/884 899/1053/899 898/1049/898 883/1044/883
f 892/1047/892 907/1054/907 906/1051/906 891/1045/891
f 885/1048/885 900/1055/900 899/1053/899 884/1046/884
f 893/1033/893 908/1056/908 907/1054/907 892/1047/892
f 886/1035/886 901/1057/901 900/1055/900 885/1048/885
f 894/1032/894 909/1058/909 908/1056/908 893/1033/893
f 887/1034/887 902/1059/902 901/1057/901 886/1035/886
f 895/1036/895 910/1060/910 909/1058/909 894/1032/894
f 888/1037/888 903/1061/903 902/1059/902 887/1034/887
f 881/1038/881 896/1062/896 483/1063/483
f 490/1064/490 910/1060/910 895/1036/895
f 889/1041/889 904/1065/904 903/1061/903 888/1037/888
f 882/1042/882 897/1050/897 896/1062/896 881/1038/881
f 890/1043/890 905/1052/905 904/1065/904 889/1041/889
f 902/1059/902 917/1066/917 916/1067/916 901/1057/901
f 910/1060/910 925/1068/925 924/1069/924 909/1058/909
f 903/1061/903 918/1070/918 917/1066/917 902/1059/902
f 896/1062/896 911/1071/911 483/1072/483
f 490/1073/490 925/1068/925 910/1060/910
f 904/1065/904 919/1074/919 918/1070/918 903/1061/903
f 897/1050/897 912/1075/912 911/1071/911 896/1062/896
f 905/1052/905 920/1076/920 919/1074/919 904/1065/904
f 898/1049/898 913/1077/913 912/1075/912 897/1050/897
f 906/1051/906 921/1078/921 920/1076/920 905/1052/905
f 899/1053/899 914/1079/914 913/1077/913 898/1049/898
f 907/1054/907 922/1080/922 921/1078/921 906/1051/906
f 900/1055/900 915/1081/915 914/1079/914 899/1053/899
f 908/1056/908 923/1082/923 922/1080/922 907/1054/907
f 901/1057/901 916/1067/916 915/1081/915 900/1055/900
f 909/1058/909 924/1069/924 923/1082/923 908/1056/908
f 921/1078/921 936/1083/936 935/1084/935 920/1076/920
f 914/1079/914 929/1085/929 928/1086/928 913/1077/913
f 922/1080/922 937/1087/937 936/1083/936 921/1078/921
f 915/1081/915 930/1088/930 929/1085/929 914/1079/914
f 923/1082/923 938/1089/938 937/1087/937 922/1080/922
f 916/1067/916 931/1090/931 930/1088/930 915/1081/915
f 924/1069/924 939/1091/939 938/1089/938 923/1082/923
f 917/1066/917 932/1092/932 931/1090/931 916/1067/916
f 925/1068/925 940/1093/940 939/1091/939 924/1069/924
f 918/1070/918 933/1094/933 932/1092/932 917/1066/917
f 911/1071/911 926/1095/926 483/1096/483
f 490/1097/490 940/1093/940 925/1068/925
f 919/1074/919 934/1098/934 933/1094/933 918/1070/918
f 912/1075/912 927/1099/927 926/1095/926 911/1071/911
f 920/1076/920 935/1084/935 934/1098/934 919/1074/919
f 913/1077/913 928/1086/928 927/1099/927 912/1075/912
f 940/1093/940 955/1100/955 954/1101/954 939/1091/939
f 933/1094/933 948/1102/948 947/1103/947 932/1092/932
f 926/1095/926 941/1104/941 483/1105/483
f 490/1106/490 955/1100/955 940/1093/940
f 934/1098/934 949/1107/949 948/1102/948 933/1094/933
f 927/1099/927 942/1108/942 941/1104/941 926/1095/926
f 935/1084/935 950/1109/950 949/1107/949 934/1098/934
f 928/1086/928 943/1110/943 942/1108/942 927/1099/927
f 936/1083/936 951/1111/951 950/1109/950 935/1084/935
f 929/1085/929 944/1112/944 943/1110/943 928/1086/928
f 937/1087/937 952/1113/952 951/1111/951 936/1083/936
f 930/1088/930 945/1114/945 944/1112/944 929/1085/929
f 938/1089/938 953/1115/953 952/1113/952 937/1087/937
f 931/1090/931 946/1116/946 945/1114/945 930/1088/930
f 939/1091/939 954/1101/954 953/1115/953 938/1089/938
f 932/1092/932 947/1103/947 946/1116/946 931/1090/931
f 944/1112/944 958/564/958 484/567/484 943/1110/943
f 952/1113/952 961/568/961 489/560/489 951/1111/951
f 945/1114/945 485/570/485 958/564/958 944/1112/944
f 953/1115/953 962/572/962 961/568/961 952/1113/952
f 946/1116/946 959/574/959 485/570/485 945/1114/945
f 954/1101/954 963/576/963 962/572/962 953/1115/953
f 947/1103/947 486/578/486 959/574/959 946/1116/946
f 955/1100/955 964/580/964 963/576/963 954/1101/954
f 948/1102/948 487/582/487 486/578/486 947/1103/947
f 941/1104/941 956/584/956 483/1117/483
f 490/1118/490 964/580/964 955/1100/955
f 949/1107/949 488/588/488 487/582/487 948/1102/948
f 942/1108/942 957/590/957 956/584/956 941/1104/941
f 950/1109/950 960/563/960 488/588/488 949/1107/949
f 943/1110/943 484/567/484 957/590/957 942/1108/942
f 951/1111/951 489/560/489 960/563/960 950/1109/950
o Inside
v 0.088456 0.162177 -0.117083
v 0.088456 0.155040 -0.369737
v 0.088456 0.143357 -0.495206
v 0.088456 0.128091 -0.563109
v 0.088456 0.119830 -0.571847
v 0.088456 0.111569 -0.563109
v 0.088456 0.096303 -0.495206
v 0.088456 0.077483 -0.117083
v 0.105899 0.161363 -0.204099
v 0.122671 0.158954 -0.287770
v 0.138128 0.155040 -0.364882
v 0.151676 0.149774 -0.432471
v 0.162795 0.143357 -0.487940
v 0.171057 0.136035 -0.529158
v 0.176145 0.128091 -0.554539
v 0.177863 0.119830 -0.563109
v 0.176145 0.111569 -0.554539
v 0.171057 0.103625 -0.529158
v 0.162795 0.096303 -0.487940
v 0.151676 0.089886 -0.432471
v 0.138128 0.084620 -0.364882
v 0.122671 0.080706 -0.287770
v 0.105899 0.078297 -0.204099
v 0.122671 0.161363 -0.199050
v 0.155570 0.158954 -0.277867
v 0.185890 0.155040 -0.350505
v 0.212466 0.149774 -0.414172
v 0.234277 0.143357 -0.466423
v 0.250483 0.136035 -0.505249
v 0.260463 0.128091 -0.529158
v 0.263833 0.119830 -0.537231
v 0.260463 0.111569 -0.529158
v 0.250483 0.103625 -0.505249
v 0.234277 0.096303 -0.466423
v 0.212466 0.089886 -0.414172
v 0.185890 0.084620 -0.350505
v 0.155570 0.080706 -0.277867
v 0.122671 0.078297 -0.199050
v 0.138128 0.161363 -0.190851
v 0.185890 0.158954 -0.261785
v 0.229909 0.155040 -0.327157
v 0.268491 0.149774 -0.384456
v 0.300155 0.143357 -0.431481
v 0.323683 0.136035 -0.466423
v 0.338172 0.128091 -0.487940
v 0.343064 0.119830 -0.495206
v 0.338172 0.111569 -0.487940
v 0.323683 0.103625 -0.466423
v 0.300155 0.096303 -0.431481
v 0.268491 0.089886 -0.384456
v 0.229909 0.084620 -0.327157
v 0.185890 0.080706 -0.261785
v 0.138128 0.078297 -0.190851
v 0.151676 0.161363 -0.179818
v 0.212466 0.158954 -0.240142
v 0.268491 0.155040 -0.295736
v 0.317597 0.149774 -0.344465
v 0.357897 0.143357 -0.384456
v 0.387843 0.136035 -0.414172
v 0.406284 0.128091 -0.432471
v 0.412510 0.119830 -0.438650
v 0.406284 0.111569 -0.432471
v 0.387843 0.103625 -0.414172
v 0.357897 0.096303 -0.384456
v 0.317597 0.089886 -0.344465
v 0.268491 0.084620 -0.295736
v 0.212466 0.080706 -0.240142
v 0.151676 0.078297 -0.179818
v 0.162795 0.161363 -0.166374
v 0.234277 0.158954 -0.213770
v 0.300155 0.155040 -0.257450
v 0.357897 0.149774 -0.295736
v 0.405285 0.143357 -0.327157
v 0.440498 0.136035 -0.350505
v 0.462182 0.128091 -0.364882
v 0.469503 0.119830 -0.369737
v 0.462182 0.111569 -0.364882
v 0.440498 0.103625 -0.350505
v 0.405285 0.096303 -0.327157
v 0.357897 0.089886 -0.295736
v 0.300155 0.084620 -0.257450
v 0.234277 0.080706 -0.213770
v 0.162795 0.078297 -0.166374
v 0.171057 0.161363 -0.151035
v 0.250483 0.158954 -0.183682
v 0.323683 0.155040 -0.213770
v 0.387843 0.149774 -0.240142
v 0.440498 0.143357 -0.261785
v 0.479624 0.136035 -0.277867
v 0.503718 0.128091 -0.287770
v 0.511853 0.119830 -0.291114
v 0.503718 0.111569 -0.287770
v 0.479624 0.103625 -0.277867
v 0.440498 0.096303 -0.261785
v 0.387843 0.089886 -0.240142
v 0.323683 0.084620 -0.213770
v 0.250483 0.080706 -0.183682
v 0.171057 0.078297 -0.151035
v 0.176145 0.161363 -0.134392
v 0.260463 0.158954 -0.151035
v 0.338172 0.155040 -0.166374
v 0.406284 0.149774 -0.179818
v 0.462182 0.143357 -0.190851
v 0.503718 0.136035 -0.199050
v 0.529295 0.128091 -0.204099
v 0.537932 0.119830 -0.205803
v 0.529295 0.111569 -0.204099
v 0.503718 0.103625 -0.199050
v 0.462182 0.096303 -0.190851
v 0.406284 0.089886 -0.179818
v 0.338172 0.084620 -0.166374
v 0.260463 0.080706 -0.151035
v 0.176145 0.078297 -0.134392
v 0.177863 0.161363 -0.117083
v 0.263833 0.158954 -0.117083
v 0.343064 0.155040 -0.117083
v 0.412510 0.149774 -0.117083
v 0.469503 0.143357 -0.117083
v 0.511853 0.136035 -0.117083
v 0.537932 0.128091 -0.117083
v 0.546737 0.119830 -0.117083
v 0.537932 0.111569 -0.117083
v 0.511853 0.103625 -0.117083
v 0.469503 0.096303 -0.117083
v 0.412510 0.089886 -0.117083
v 0.343064 0.084620 -0.117083
v 0.263833 0.080706 -0.117083
v 0.177863 0.078297 -0.117083
v 0.176145 0.161363 -0.099775
v 0.260463 0.158954 -0.083132
v 0.338172 0.155040 -0.067793
v 0.406283 0.149774 -0.054349
v 0.462182 0.143357 -0.043315
v 0.503718 0.136035 -0.035117
v 0.529295 0.128091 -0.030068
v 0.537932 0.119830 -0.028363
v 0.529295 0.111569 -0.030068
v 0.503718 0.103625 -0.035117
v 0.462182 0.096303 -0.043315
v 0.406283 0.089886 -0.054349
v 0.338172 0.084620 -0.067793
v 0.260463 0.080706 -0.083132
v 0.176145 0.078297 -0.099775
v 0.171057 0.161363 -0.083132
v 0.250483 0.158954 -0.050485
v 0.323683 0.155040 -0.020397
v 0.387843 0.149774 0.005975
v 0.440498 0.143357 0.027618
v 0.479624 0.136035 0.043700
v 0.503718 0.128091 0.053603
v 0.511853 0.119830 0.056947
v 0.503718 0.111569 0.053603
v 0.479624 0.103625 0.043700
v 0.440498 0.096303 0.027618
v 0.387843 0.089886 0.005975
v 0.323683 0.084620 -0.020397
v 0.250483 0.080706 -0.050485
v 0.171057 0.078297 -0.083132
v 0.162795 0.161363 -0.067793
v 0.234277 0.158954 -0.020397
v 0.300155 0.155040 0.023283
v 0.357897 0.149774 0.061569
v 0.405285 0.143357 0.092990
v 0.440498 0.136035 0.116338
v 0.462182 0.128091 0.130715
v 0.469503 0.119830 0.135570
v 0.462182 0.111569 0.130715
v 0.440498 0.103625 0.116338
v 0.405285 0.096303 0.092990
v 0.357897 0.089886 0.061569
v 0.300155 0.084620 0.023283
v 0.234277 0.080706 -0.020397
v 0.162795 0.078297 -0.067793
v 0.151676 0.161363 -0.054349
v 0.212466 0.158954 0.005975
v 0.268491 0.155040 0.061569
v 0.317597 0.149774 0.110299
v 0.357897 0.143357 0.150290
v 0.387843 0.136035 0.180005
v 0.406283 0.128091 0.198305
v 0.412510 0.119830 0.204483
v 0.406283 0.111569 0.198305
v 0.387843 0.103625 0.180005
v 0.357897 0.096303 0.150290
v 0.317597 0.089886 0.110299
v 0.268491 0.084620 0.061569
v 0.212466 0.080706 0.005975
v 0.151676 0.078297 -0.054349
v 0.138128 0.161363 -0.043315
v 0.185890 0.158954 0.027618
v 0.229909 0.155040 0.092990
v 0.268491 0.149774 0.150290
v 0.300155 0.143357 0.197314
v 0.323683 0.136035 0.232256
v 0.338172 0.128091 0.253774
v 0.343064 0.119830 0.261039
v 0.338172 0.111569 0.253774
v 0.323683 0.103625 0.232256
v 0.300155 0.096303 0.197314
v 0.268491 0.089886 0.150290
v 0.229909 0.084620 0.092990
v 0.185890 0.080706 0.027618
v 0.138128 0.078297 -0.043315
v 0.122671 0.161363 -0.035117
v 0.155570 0.158954 0.043700
v 0.185890 0.155040 0.116338
v 0.212466 0.149774 0.180005
v 0.234277 0.143357 0.232256
v 0.250483 0.136035 0.271082
v 0.260463 0.128091 0.294991
v 0.263833 0.119830 0.303064
v 0.260463 0.111569 0.294991
v 0.250483 0.103625 0.271082
v 0.234277 0.096303 0.232256
v 0.212466 0.089886 0.180005
v 0.185890 0.084620 0.116338
v 0.155570 0.080706 0.043700
v 0.122671 0.078297 -0.035117
v 0.105899 0.161363 -0.030068
v 0.122671 0.158954 0.053603
v 0.138128 0.155040 0.130715
v 0.151676 0.149774 0.198305
v 0.162795 0.143357 0.253773
v 0.171057 0.136035 0.294991
v 0.176145 0.128091 0.320372
v 0.177862 0.119830 0.328942
v 0.176145 0.111569 0.320372
v 0.171057 0.103625 0.294991
v 0.162795 0.096303 0.253773
v 0.151676 0.089886 0.198305
v 0.138128 0.084620 0.130715
v 0.122671 0.080706 0.053603
v 0.105899 0.078297 -0.030068
v 0.088456 0.161363 -0.028363
v 0.088456 0.158954 0.056947
v 0.088456 0.155040 0.135570
v 0.088456 0.149774 0.204483
v 0.088456 0.143357 0.261039
v 0.088456 0.136035 0.303064
v 0.088456 0.128091 0.328942
v 0.088456 0.119830 0.337680
v 0.088456 0.111569 0.328942
v 0.088456 0.103625 0.303064
v 0.088456 0.096303 0.261039
v 0.088456 0.089886 0.204483
v 0.088456 0.084620 0.135570
v 0.088456 0.080706 0.056947
v 0.088456 0.078297 -0.028363
v 0.071014 0.161363 -0.030068
v 0.054242 0.158954 0.053603
v 0.038785 0.155040 0.130715
v 0.025237 0.149774 0.198304
v 0.014118 0.143357 0.253773
v 0.005856 0.136035 0.294991
v 0.000768 0.128091 0.320372
v -0.000950 0.119830 0.328942
v 0.000768 0.111569 0.320372
v 0.005856 0.103625 0.294991
v 0.014118 0.096303 0.253773
v 0.025237 0.089886 0.198304
v 0.038785 0.084620 0.130715
v 0.054242 0.080706 0.053603
v 0.071014 0.078297 -0.030068
v 0.054242 0.161363 -0.035117
v 0.021343 0.158954 0.043700
v -0.008978 0.155040 0.116338
v -0.035554 0.149774 0.180005
v -0.057364 0.143357 0.232256
v -0.073570 0.136035 0.271082
v -0.083550 0.128091 0.294991
v -0.086920 0.119830 0.303063
v -0.083550 0.111569 0.294991
v -0.073570 0.103625 0.271082
v -0.057364 0.096303 0.232256
v -0.035554 0.089886 0.180005
v -0.008978 0.084620 0.116338
v 0.021343 0.080706 0.043700
v 0.054242 0.078297 -0.035117
v 0.038785 0.161363 -0.043315
v -0.008978 0.158954 0.027618
v -0.052996 0.155040 0.092990
v -0.091578 0.149774 0.150290
v -0.123242 0.143357 0.197314
v -0.146770 0.136035 0.232256
v -0.161259 0.128091 0.253773
v -0.166151 0.119830 0.261039
v -0.161259 0.111569 0.253773
v -0.146770 0.103625 0.232256
v -0.123242 0.096303 0.197314
v -0.091578 0.089886 0.150290
v -0.052996 0.084620 0.092990
v -0.008978 0.080706 0.027618
v 0.038785 0.078297 -0.043315
v 0.025237 0.161363 -0.054349
v -0.035554 0.158954 0.005975
v -0.091578 0.155040 0.061569
v -0.140684 0.149774 0.110299
v -0.180984 0.143357 0.150289
v -0.210930 0.136035 0.180005
v -0.229371 0.128091 0.198304
v -0.235597 0.119830 0.204483
v -0.229371 0.111569 0.198304
v -0.210930 0.103625 0.180005
v -0.180984 0.096303 0.150289
v -0.140684 0.089886 0.110299
v -0.091578 0.084620 0.061569
v -0.035554 0.080706 0.005975
v 0.025237 0.078297 -0.054349
v 0.014118 0.161363 -0.067793
v -0.057364 0.158954 -0.020397
v -0.123242 0.155040 0.023283
v -0.180985 0.149774 0.061569
v -0.228373 0.143357 0.092990
v -0.263585 0.136035 0.116338
v -0.285269 0.128091 0.130715
v -0.292590 0.119830 0.135570
v -0.285269 0.111569 0.130715
v -0.263585 0.103625 0.116338
v -0.228373 0.096303 0.092990
v -0.180985 0.089886 0.061569
v -0.123242 0.084620 0.023283
v -0.057364 0.080706 -0.020397
v 0.014118 0.078297 -0.067793
v 0.005856 0.161363 -0.083132
v -0.073571 0.158954 -0.050485
v -0.146770 0.155040 -0.020397
v -0.210930 0.149774 0.005975
v -0.263585 0.143357 0.027618
v -0.302711 0.136035 0.043700
v -0.326805 0.128091 0.053603
v -0.334940 0.119830 0.056947
v -0.326805 0.111569 0.053603
v -0.302711 0.103625 0.043700
v -0.263585 0.096303 0.027618
v -0.210930 0.089886 0.005975
v -0.146770 0.084620 -0.020397
v -0.073571 0.080706 -0.050485
v 0.005856 0.078297 -0.083132
v 0.000768 0.161363 -0.099775
v -0.083550 0.158954 -0.083132
v -0.161259 0.155040 -0.067793
v -0.229371 0.149774 -0.054349
v -0.285269 0.143357 -0.043315
v -0.326805 0.136035 -0.035117
v -0.352383 0.128091 -0.030068
v -0.361019 0.119830 -0.028364
v -0.352383 0.111569 -0.030068
v -0.326805 0.103625 -0.035117
v -0.285269 0.096303 -0.043315
v -0.229371 0.089886 -0.054349
v -0.161259 0.084620 -0.067793
v -0.083550 0.080706 -0.083132
v 0.000768 0.078297 -0.099775
v -0.000950 0.161363 -0.117083
v -0.086920 0.158954 -0.117083
v -0.166151 0.155040 -0.117083
v -0.235597 0.149774 -0.117083
v -0.292591 0.143357 -0.117083
v -0.334940 0.136035 -0.117083
v -0.361019 0.128091 -0.117084
v -0.369825 0.119830 -0.117084
v -0.361019 0.111569 -0.117084
v -0.334940 0.103625 -0.117083
v -0.292591 0.096303 -0.117083
v -0.235597 0.089886 -0.117083
v -0.166151 0.084620 -0.117083
v -0.086920 0.080706 -0.117083
v -0.000950 0.078297 -0.117083
v 0.000768 0.161363 -0.134392
v -0.083550 0.158954 -0.151035
v -0.161259 0.155040 -0.166374
v -0.229371 0.149774 -0.179818
v -0.285269 0.143357 -0.190852
v -0.326805 0.136035 -0.199050
v -0.352383 0.128091 -0.204099
v -0.361019 0.119830 -0.205804
v -0.352383 0.111569 -0.204099
v -0.326805 0.103625 -0.199050
v -0.285269 0.096303 -0.190852
v -0.229371 0.089886 -0.179818
v -0.161259 0.084620 -0.166374
v -0.083550 0.080706 -0.151035
v 0.000768 0.078297 -0.134392
v 0.005856 0.161363 -0.151035
v -0.073570 0.158954 -0.183682
v -0.146770 0.155040 -0.213770
v -0.210930 0.149774 -0.240142
v -0.263585 0.143357 -0.261785
v -0.302711 0.136035 -0.277867
v -0.326805 0.128091 -0.287770
v -0.334940 0.119830 -0.291114
v -0.326805 0.111569 -0.287770
v -0.302711 0.103625 -0.277867
v -0.263585 0.096303 -0.261785
v -0.210930 0.089886 -0.240142
v -0.146770 0.084620 -0.213770
v -0.073570 0.080706 -0.183682
v 0.005856 0.078297 -0.151035
v 0.014118 0.161363 -0.166374
v -0.057364 0.158954 -0.213770
v -0.123242 0.155040 -0.257450
v -0.180984 0.149774 -0.295736
v -0.228372 0.143357 -0.327157
v -0.263585 0.136035 -0.350505
v -0.285269 0.128091 -0.364882
v -0.292590 0.119830 -0.369737
v -0.285269 0.111569 -0.364882
v -0.263585 0.103625 -0.350505
v -0.228372 0.096303 -0.327157
v -0.180984 0.089886 -0.295736
v -0.123242 0.084620 -0.257450
v -0.057364 0.080706 -0.213770
v 0.014118 0.078297 -0.166374
v 0.025237 0.161363 -0.179818
v -0.035554 0.158954 -0.240142
v -0.091578 0.155040 -0.295736
v -0.140684 0.149774 -0.344465
v -0.180984 0.143357 -0.384456
v -0.210930 0.136035 -0.414172
v -0.229371 0.128091 -0.432471
v -0.235597 0.119830 -0.438650
v -0.229371 0.111569 -0.432471
v -0.210930 0.103625 -0.414172
v -0.180984 0.096303 -0.384456
v -0.140684 0.089886 -0.344465
v -0.091578 0.084620 -0.295736
v -0.035554 0.080706 -0.240142
v 0.025237 0.078297 -0.179818
v 0.038785 0.161363 -0.190851
v -0.008978 0.158954 -0.261785
v -0.052996 0.155040 -0.327157
v -0.091578 0.149774 -0.384456
v -0.123242 0.143357 -0.431481
v -0.146770 0.136035 -0.466423
v -0.161259 0.128091 -0.487940
v -0.166151 0.119830 -0.495206
v -0.161259 0.111569 -0.487940
v -0.146770 0.103625 -0.466423
v -0.123242 0.096303 -0.431481
v -0.091578 0.089886 -0.384456
v -0.052996 0.084620 -0.327157
v -0.008978 0.080706 -0.261785
v 0.038785 0.078297 -0.190851
v 0.054242 0.161363 -0.199050
v 0.021343 0.158954 -0.277867
v -0.008978 0.155040 -0.350505
v -0.035554 0.149774 -0.414172
v -0.057364 0.143357 -0.466423
v -0.073570 0.136035 -0.505249
v -0.083550 0.128091 -0.529157
v -0.086920 0.119830 -0.537230
v -0.083550 0.111569 -0.529157
v -0.073570 0.103625 -0.505249
v -0.057364 0.096303 -0.466423
v -0.035554 0.089886 -0.414172
v -0.008978 0.084620 -0.350505
v 0.021343 0.080706 -0.277867
v 0.054242 0.078297 -0.199050
v 0.071014 0.161363 -0.204099
v 0.054242 0.158954 -0.287770
v 0.038785 0.155040 -0.364882
v 0.025237 0.149774 -0.432471
v 0.014118 0.143357 -0.487940
v 0.005856 0.136035 -0.529157
v 0.000768 0.128091 -0.554539
v -0.000950 0.119830 -0.563109
v 0.000768 0.111569 -0.554539
v 0.005856 0.103625 -0.529157
v 0.014118 0.096303 -0.487940
v 0.025237 0.089886 -0.432471
v 0.038785 0.084620 -0.364882
v 0.054242 0.080706 -0.287770
v 0.071014 0.078297 -0.204099
v 0.088456 0.161363 -0.205803
v 0.088456 0.158954 -0.291114
v 0.088456 0.149774 -0.438650
v 0.088456 0.136035 -0.537230
v 0.088456 0.103625 -0.537230
v 0.088456 0.089886 -0.438650
v 0.088456 0.084620 -0.369736
v 0.088456 0.080706 -0.291114
v 0.088456 0.078297 -0.205803
v -0.168835 0.161189 0.156663
v -0.168835 0.155054 -0.060513
v -0.168835 0.145011 -0.168363
v -0.168835 0.131889 -0.226731
v -0.168835 0.124788 -0.234243
v -0.168835 0.117687 -0.226731
v -0.168835 0.104565 -0.168363
v -0.168835 0.088387 0.156663
v -0.153842 0.160489 0.081866
v -0.139425 0.158418 0.009944
v -0.126138 0.155054 -0.056340
v -0.114492 0.150527 -0.114438
v -0.104935 0.145011 -0.162118
v -0.097833 0.138718 -0.197547
v -0.093460 0.131889 -0.219365
v -0.091983 0.124788 -0.226731
v -0.093460 0.117687 -0.219365
v -0.097833 0.110858 -0.197547
v -0.104935 0.104565 -0.162118
v -0.114492 0.099049 -0.114438
v -0.126138 0.094522 -0.056340
v -0.139425 0.091158 0.009944
v -0.153842 0.089087 0.081866
v -0.139425 0.160489 0.086206
v -0.111145 0.158418 0.018457
v -0.085082 0.155054 -0.043981
v -0.062238 0.150527 -0.098708
v -0.043490 0.145011 -0.143622
v -0.029560 0.138718 -0.176996
v -0.020981 0.131889 -0.197547
v -0.018084 0.124788 -0.204487
v -0.020981 0.117687 -0.197547
v -0.029560 0.110858 -0.176996
v -0.043490 0.104565 -0.143622
v -0.062238 0.099049 -0.098708
v -0.085082 0.094522 -0.043981
v -0.111145 0.091158 0.018457
v -0.139425 0.089087 0.086206
v -0.126138 0.160489 0.093254
v -0.085082 0.158418 0.032281
v -0.047245 0.155054 -0.023912
v -0.014081 0.150527 -0.073165
v 0.013137 0.145011 -0.113586
v 0.033361 0.138718 -0.143622
v 0.045815 0.131889 -0.162118
v 0.050021 0.124788 -0.168363
v 0.045815 0.117687 -0.162118
v 0.033361 0.110858 -0.143622
v 0.013137 0.104565 -0.113586
v -0.014081 0.099049 -0.073165
v -0.047245 0.094522 -0.023912
v -0.085082 0.091158 0.032281
v -0.126138 0.089087 0.093254
v -0.114492 0.160489 0.102738
v -0.062238 0.158418 0.050885
v -0.014081 0.155054 0.003097
v 0.028130 0.150527 -0.038790
v 0.062771 0.145011 -0.073165
v 0.088512 0.138718 -0.098708
v 0.104363 0.131889 -0.114438
v 0.109715 0.124788 -0.119749
v 0.104363 0.117687 -0.114438
v 0.088512 0.110858 -0.098708
v 0.062771 0.104565 -0.073165
v 0.028130 0.099049 -0.038790
v -0.014081 0.094522 0.003097
v -0.062238 0.091158 0.050885
v -0.114492 0.089087 0.102738
v -0.104935 0.160489 0.114294
v -0.043490 0.158418 0.073553
v 0.013137 0.155054 0.036007
v 0.062771 0.150527 0.003097
v 0.103505 0.145011 -0.023912
v 0.133773 0.138718 -0.043981
v 0.152412 0.131889 -0.056340
v 0.158705 0.124788 -0.060512
v 0.152412 0.117687 -0.056340
v 0.133773 0.110858 -0.043981
v 0.103505 0.104565 -0.023912
v 0.062771 0.099049 0.003097
v 0.013137 0.094522 0.036007
v -0.043490 0.091158 0.073553
v -0.104935 0.089087 0.114294
v -0.097833 0.160489 0.127479
v -0.029560 0.158418 0.099416
v 0.033361 0.155054 0.073554
v 0.088512 0.150527 0.050885
v 0.133773 0.145011 0.032281
v 0.167405 0.138718 0.018457
v 0.188115 0.131889 0.009944
v 0.195108 0.124788 0.007070
v 0.188115 0.117687 0.009944
v 0.167405 0.110858 0.018457
v 0.133773 0.104565 0.032281
v 0.088512 0.099049 0.050885
v 0.033361 0.094522 0.073554
v -0.029560 0.091158 0.099416
v -0.097833 0.089087 0.127479
v -0.093460 0.160489 0.141785
v -0.020981 0.158418 0.127479
v 0.045815 0.155054 0.114294
v 0.104363 0.150527 0.102738
v 0.152412 0.145011 0.093254
v 0.188115 0.138718 0.086206
v 0.210101 0.131889 0.081866
v 0.217525 0.124788 0.080401
v 0.210101 0.117687 0.081866
v 0.188115 0.110858 0.086206
v 0.152412 0.104565 0.093254
v 0.104363 0.099049 0.102738
v 0.045815 0.094522 0.114294
v -0.020981 0.091158 0.127479
v -0.093460 0.089087 0.141785
v -0.091983 0.160489 0.156663
v -0.018084 0.158418 0.156663
v 0.050021 0.155054 0.156663
v 0.109715 0.150527 0.156663
v 0.158705 0.145011 0.156663
v 0.195108 0.138718 0.156663
v 0.217525 0.131889 0.156663
v 0.225094 0.124788 0.156663
v 0.217525 0.117687 0.156663
v 0.195108 0.110858 0.156663
v 0.158705 0.104565 0.156663
v 0.109715 0.099049 0.156663
v 0.050021 0.094522 0.156663
v -0.018084 0.091158 0.156663
v -0.091983 0.089087 0.156663
v -0.093460 0.160489 0.171541
v -0.020981 0.158418 0.185847
v 0.045815 0.155054 0.199032
v 0.104363 0.150527 0.210588
v 0.152412 0.145011 0.220072
v 0.188115 0.138718 0.227120
v 0.210101 0.131889 0.231459
v 0.217525 0.124788 0.232925
v 0.210101 0.117687 0.231459
v 0.188115 0.110858 0.227120
v 0.152412 0.104565 0.220072
v 0.104363 0.099049 0.210588
v 0.045815 0.094522 0.199032
v -0.020981 0.091158 0.185847
v -0.093460 0.089087 0.171541
v -0.097833 0.160489 0.185847
v -0.029560 0.158418 0.213910
v 0.033361 0.155054 0.239772
v 0.088512 0.150527 0.262441
v 0.133773 0.145011 0.281045
v 0.167405 0.138718 0.294869
v 0.188115 0.131889 0.303382
v 0.195108 0.124788 0.306256
v 0.188115 0.117687 0.303382
v 0.167405 0.110858 0.294869
v 0.133773 0.104565 0.281045
v 0.088512 0.099049 0.262441
v 0.033361 0.094522 0.239772
v -0.029560 0.091158 0.213910
v -0.097833 0.089087 0.185847
v -0.104935 0.160489 0.199032
v -0.043490 0.158418 0.239772
v 0.013137 0.155054 0.277319
v 0.062771 0.150527 0.310229
v 0.103505 0.145011 0.337238
v 0.133773 0.138718 0.357307
v 0.152412 0.131889 0.369665
v 0.158705 0.124788 0.373838
v 0.152412 0.117687 0.369665
v 0.133773 0.110858 0.357307
v 0.103505 0.104565 0.337238
v 0.062771 0.099049 0.310229
v 0.013137 0.094522 0.277319
v -0.043490 0.091158 0.239772
v -0.104935 0.089087 0.199032
v -0.114492 0.160489 0.210588
v -0.062238 0.158418 0.262441
v -0.014081 0.155054 0.310229
v 0.028130 0.150527 0.352116
v 0.062771 0.145011 0.386491
v 0.088512 0.138718 0.412034
v 0.104363 0.131889 0.427764
v 0.109715 0.124788 0.433075
v 0.104363 0.117687 0.427764
v 0.088512 0.110858 0.412034
v 0.062771 0.104565 0.386491
v 0.028130 0.099049 0.352116
v -0.014081 0.094522 0.310229
v -0.062238 0.091158 0.262441
v -0.114492 0.089087 0.210588
v -0.126138 0.160489 0.220072
v -0.085082 0.158418 0.281045
v -0.047245 0.155054 0.337238
v -0.014081 0.150527 0.386491
v 0.013137 0.145011 0.426912
v 0.033361 0.138718 0.456948
v 0.045815 0.131889 0.475444
v 0.050020 0.124788 0.481689
v 0.045815 0.117687 0.475444
v 0.033361 0.110858 0.456948
v 0.013137 0.104565 0.426912
v -0.014081 0.099049 0.386491
v -0.047245 0.094522 0.337238
v -0.085082 0.091158 0.281045
v -0.126138 0.089087 0.220072
v -0.139425 0.160489 0.227120
v -0.111145 0.158418 0.294869
v -0.085082 0.155054 0.357307
v -0.062238 0.150527 0.412034
v -0.043491 0.145011 0.456948
v -0.029560 0.138718 0.490322
v -0.020981 0.131889 0.510873
v -0.018085 0.124788 0.517812
v -0.020981 0.117687 0.510873
v -0.029560 0.110858 0.490322
v -0.043491 0.104565 0.456948
v -0.062238 0.099049 0.412034
v -0.085082 0.094522 0.357307
v -0.111145 0.091158 0.294869
v -0.139425 0.089087 0.227120
v -0.153842 0.160489 0.231459
v -0.139425 0.158418 0.303382
v -0.126138 0.155054 0.369665
v -0.114492 0.150527 0.427764
v -0.104935 0.145011 0.475444
v -0.097833 0.138718 0.510873
v -0.093460 0.131889 0.532690
v -0.091983 0.124788 0.540057
v -0.093460 0.117687 0.532690
v -0.097833 0.110858 0.510873
v -0.104935 0.104565 0.475444
v -0.114492 0.099049 0.427764
v -0.126138 0.094522 0.369665
v -0.139425 0.091158 0.303382
v -0.153842 0.089087 0.231459
v -0.168835 0.160489 0.232925
v -0.168835 0.158418 0.306256
v -0.168835 0.155054 0.373838
v -0.168835 0.150527 0.433075
v -0.168835 0.145011 0.481689
v -0.168835 0.138718 0.517812
v -0.168835 0.131889 0.540057
v -0.168835 0.124788 0.547568
v -0.168835 0.117687 0.540057
v -0.168835 0.110858 0.517812
v -0.168835 0.104565 0.481689
v -0.168835 0.099049 0.433075
v -0.168835 0.094522 0.373838
v -0.168835 0.091158 0.306256
v -0.168835 0.089087 0.232925
v -0.183828 0.160489 0.231459
v -0.198244 0.158418 0.303382
v -0.211531 0.155054 0.369665
v -0.223177 0.150527 0.427764
v -0.232734 0.145011 0.475444
v -0.239836 0.138718 0.510873
v -0.244210 0.131889 0.532690
v -0.245686 0.124788 0.540057
v -0.244210 0.117687 0.532690
v -0.239836 0.110858 0.510873
v -0.232734 0.104565 0.475444
v -0.223177 0.099049 0.427764
v -0.211531 0.094522 0.369665
v -0.198244 0.091158 0.303382
v -0.183828 0.089087 0.231459
v -0.198244 0.160489 0.227120
v -0.226524 0.158418 0.294869
v -0.252587 0.155054 0.357307
v -0.275431 0.150527 0.412034
v -0.294179 0.145011 0.456948
v -0.308109 0.138718 0.490322
v -0.316688 0.131889 0.510873
v -0.319585 0.124788 0.517812
v -0.316688 0.117687 0.510873
v -0.308109 0.110858 0.490322
v -0.294179 0.104565 0.456948
v -0.275431 0.099049 0.412034
v -0.252587 0.094522 0.357307
v -0.226524 0.091158 0.294869
v -0.198244 0.089087 0.227120
v -0.211531 0.160489 0.220072
v -0.252587 0.158418 0.281045
v -0.290424 0.155054 0.337238
v -0.323588 0.150527 0.386491
v -0.350806 0.145011 0.426912
v -0.371030 0.138718 0.456948
v -0.383484 0.131889 0.475443
v -0.387690 0.124788 0.481689
v -0.383484 0.117687 0.475443
v -0.371030 0.110858 0.456948
v -0.350806 0.104565 0.426912
v -0.323588 0.099049 0.386491
v -0.290424 0.094522 0.337238
v -0.252587 0.091158 0.281045
v -0.211531 0.089087 0.220072
v -0.223177 0.160489 0.210588
v -0.275431 0.158418 0.262441
v -0.323588 0.155054 0.310229
v -0.365799 0.150527 0.352116
v -0.400440 0.145011 0.386491
v -0.426181 0.138718 0.412034
v -0.442032 0.131889 0.427764
v -0.447384 0.124788 0.433075
v -0.442032 0.117687 0.427764
v -0.426181 0.110858 0.412034
v -0.400440 0.104565 0.386491
v -0.365799 0.099049 0.352116
v -0.323588 0.094522 0.310229
v -0.275431 0.091158 0.262441
v -0.223177 0.089087 0.210588
v -0.232734 0.160489 0.199032
v -0.294179 0.158418 0.239772
v -0.350806 0.155054 0.277319
v -0.400440 0.150527 0.310229
v -0.441174 0.145011 0.337238
v -0.471442 0.138718 0.357307
v -0.490081 0.131889 0.369665
v -0.496374 0.124788 0.373838
v -0.490081 0.117687 0.369665
v -0.471442 0.110858 0.357307
v -0.441174 0.104565 0.337238
v -0.400440 0.099049 0.310229
v -0.350806 0.094522 0.277319
v -0.294179 0.091158 0.239772
v -0.232734 0.089087 0.199032
v -0.239836 0.160489 0.185847
v -0.308109 0.158418 0.213910
v -0.371030 0.155054 0.239772
v -0.426181 0.150527 0.262441
v -0.471442 0.145011 0.281045
v -0.505074 0.138718 0.294869
v -0.525784 0.131889 0.303381
v -0.532777 0.124788 0.306256
v -0.525784 0.117687 0.303381
v -0.505074 0.110858 0.294869
v -0.471442 0.104565 0.281045
v -0.426181 0.099049 0.262441
v -0.371030 0.094522 0.239772
v -0.308109 0.091158 0.213910
v -0.239836 0.089087 0.185847
v -0.244210 0.160489 0.171541
v -0.316688 0.158418 0.185847
v -0.383484 0.155054 0.199032
v -0.442032 0.150527 0.210588
v -0.490081 0.145011 0.220072
v -0.525784 0.138718 0.227120
v -0.547770 0.131889 0.231459
v -0.555194 0.124788 0.232925
v -0.547770 0.117687 0.231459
v -0.525784 0.110858 0.227120
v -0.490081 0.104565 0.220072
v -0.442032 0.099049 0.210588
v -0.383484 0.094522 0.199032
v -0.316688 0.091158 0.185847
v -0.244210 0.089087 0.171541
v -0.245686 0.160489 0.156663
v -0.319585 0.158418 0.156663
v -0.387690 0.155054 0.156663
v -0.447384 0.150527 0.156663
v -0.496374 0.145011 0.156663
v -0.532777 0.138718 0.156663
v -0.555194 0.131889 0.156663
v -0.562763 0.124788 0.156663
v -0.555194 0.117687 0.156663
v -0.532777 0.110858 0.156663
v -0.496374 0.104565 0.156663
v -0.447384 0.099049 0.156663
v -0.387690 0.094522 0.156663
v -0.319585 0.091158 0.156663
v -0.245686 0.089087 0.156663
v -0.244210 0.160489 0.141785
v -0.316688 0.158418 0.127479
v -0.383484 0.155054 0.114294
v -0.442032 0.150527 0.102738
v -0.490081 0.145011 0.093253
v -0.525784 0.138718 0.086206
v -0.547770 0.131889 0.081866
v -0.555194 0.124788 0.080401
v -0.547770 0.117687 0.081866
v -0.525784 0.110858 0.086206
v -0.490081 0.104565 0.093253
v -0.442032 0.099049 0.102738
v -0.383484 0.094522 0.114294
v -0.316688 0.091158 0.127479
v -0.244210 0.089087 0.141785
v -0.239836 0.160489 0.127479
v -0.308109 0.158418 0.099416
v -0.371030 0.155054 0.073553
v -0.426181 0.150527 0.050885
v -0.471442 0.145011 0.032281
v -0.505074 0.138718 0.018457
v -0.525784 0.131889 0.009944
v -0.532777 0.124788 0.007070
v -0.525784 0.117687 0.009944
v -0.505074 0.110858 0.018457
v -0.471442 0.104565 0.032281
v -0.426181 0.099049 0.050885
v -0.371030 0.094522 0.073553
v -0.308109 0.091158 0.099416
v -0.239836 0.089087 0.127479
v -0.232734 0.160489 0.114294
v -0.294179 0.158418 0.073554
v -0.350806 0.155054 0.036007
v -0.400440 0.150527 0.003097
v -0.441174 0.145011 -0.023912
v -0.471442 0.138718 -0.043981
v -0.490081 0.131889 -0.056340
v -0.496374 0.124788 -0.060512
v -0.490081 0.117687 -0.056340
v -0.471442 0.110858 -0.043981
v -0.441174 0.104565 -0.023912
v -0.400440 0.099049 0.003097
v -0.350806 0.094522 0.036007
v -0.294179 0.091158 0.073554
v -0.232734 0.089087 0.114294
v -0.223177 0.160489 0.102738
v -0.275431 0.158418 0.050885
v -0.323588 0.155054 0.003097
v -0.365799 0.150527 -0.038790
v -0.400440 0.145011 -0.073165
v -0.426181 0.138718 -0.098708
v -0.442032 0.131889 -0.114438
v -0.447384 0.124788 -0.119749
v -0.442032 0.117687 -0.114438
v -0.426181 0.110858 -0.098708
v -0.400440 0.104565 -0.073165
v -0.365799 0.099049 -0.038790
v -0.323588 0.094522 0.003097
v -0.275431 0.091158 0.050885
v -0.223177 0.089087 0.102738
v -0.211531 0.160489 0.093254
v -0.252587 0.158418 0.032281
v -0.290424 0.155054 -0.023912
v -0.323588 0.150527 -0.073165
v -0.350806 0.145011 -0.113586
v -0.371030 0.138718 -0.143622
v -0.383484 0.131889 -0.162118
v -0.387689 0.124788 -0.168363
v -0.383484 0.117687 -0.162118
v -0.371030 0.110858 -0.143622
v -0.350806 0.104565 -0.113586
v -0.323588 0.099049 -0.073165
v -0.290424 0.094522 -0.023912
v -0.252587 0.091158 0.032281
v -0.211531 0.089087 0.093254
v -0.198244 0.160489 0.086206
v -0.226524 0.158418 0.018457
v -0.252587 0.155054 -0.043981
v -0.275431 0.150527 -0.098708
v -0.294178 0.145011 -0.143622
v -0.308109 0.138718 -0.176996
v -0.316688 0.131889 -0.197547
v -0.319584 0.124788 -0.204486
v -0.316688 0.117687 -0.197547
v -0.308109 0.110858 -0.176996
v -0.294178 0.104565 -0.143622
v -0.275431 0.099049 -0.098708
v -0.252587 0.094522 -0.043981
v -0.226524 0.091158 0.018457
v -0.198244 0.089087 0.086206
v -0.183828 0.160489 0.081866
v -0.198244 0.158418 0.009944
v -0.211531 0.155054 -0.056339
v -0.223177 0.150527 -0.114438
v -0.232734 0.145011 -0.162118
v -0.239836 0.138718 -0.197547
v -0.244209 0.131889 -0.219364
v -0.245686 0.124788 -0.226731
v -0.244209 0.117687 -0.219364
v -0.239836 0.110858 -0.197547
v -0.232734 0.104565 -0.162118
v -0.223177 0.099049 -0.114438
v -0.211531 0.094522 -0.056339
v -0.198244 0.091158 0.009944
v -0.183828 0.089087 0.081866
v -0.168835 0.160489 0.080401
v -0.168835 0.158418 0.007070
v -0.168835 0.150527 -0.119749
v -0.168835 0.138718 -0.204486
v -0.168835 0.110858 -0.204486
v -0.168835 0.099049 -0.119749
v -0.168834 0.094522 -0.060512
v -0.168835 0.091158 0.007070
v -0.168835 0.089087 0.080401
vn 0.0049 -0.9988 -0.0497
vn 0.0287 0.9556 -0.2933
vn 0.0028 -0.9996 -0.0282
vn 0.0670 0.7250 -0.6855
vn 0.0009 1.0000 -0.0092
vn 0.0009 -1.0000 -0.0092
vn 0.0670 -0.7250 -0.6855
vn 0.0028 0.9996 -0.0282
vn 0.0287 -0.9556 -0.2933
vn 0.0049 0.9988 -0.0497
vn 0.0168 -0.9850 -0.1716
vn 0.0074 0.9971 -0.0762
vn 0.0110 -0.9936 -0.1127
vn 0.0110 0.9936 -0.1127
vn 0.0074 -0.9971 -0.0762
vn 0.0168 0.9850 -0.1716
vn 0.0221 -0.9971 -0.0733
vn 0.0497 0.9850 -0.1650
vn 0.0144 -0.9988 -0.0478
vn 0.0849 0.9556 -0.2821
vn 0.0082 -0.9996 -0.0272
vn 0.1985 0.7252 -0.6593
vn 0.0027 1.0000 -0.0088
vn 0.0027 -1.0000 -0.0088
vn 0.1985 -0.7252 -0.6593
vn 0.0082 0.9996 -0.0272
vn 0.0849 -0.9556 -0.2821
vn 0.0144 0.9988 -0.0478
vn 0.0497 -0.9850 -0.1650
vn 0.0221 0.9971 -0.0733
vn 0.0326 -0.9936 -0.1084
vn 0.0326 0.9936 -0.1084
vn 0.0133 0.9996 -0.0250
vn 0.1379 -0.9557 -0.2600
vn 0.0234 0.9988 -0.0441
vn 0.0807 -0.9851 -0.1521
vn 0.0358 0.9971 -0.0675
vn 0.0530 -0.9936 -0.0999
vn 0.0530 0.9936 -0.0999
vn 0.0358 -0.9971 -0.0675
vn 0.0807 0.9851 -0.1521
vn 0.0234 -0.9988 -0.0441
vn 0.1379 0.9557 -0.2600
vn 0.0133 -0.9996 -0.0250
vn 0.3224 0.7256 -0.6079
vn 0.0043 1.0000 -0.0081
vn 0.0043 -1.0000 -0.0081
vn 0.3224 -0.7256 -0.6079
vn 0.1086 0.9851 -0.1333
vn 0.0314 -0.9988 -0.0386
vn 0.1856 0.9558 -0.2279
vn 0.0179 -0.9996 -0.0219
vn 0.4342 0.7261 -0.5332
vn 0.0058 1.0000 -0.0071
vn 0.0058 -1.0000 -0.0071
vn 0.4342 -0.7261 -0.5332
vn 0.0179 0.9996 -0.0219
vn 0.1856 -0.9558 -0.2279
vn 0.0314 0.9988 -0.0386
vn 0.1086 -0.9851 -0.1333
vn 0.0482 0.9971 -0.0592
vn 0.0713 -0.9936 -0.0876
vn 0.0713 0.9936 -0.0876
vn 0.0482 -0.9971 -0.0592
vn 0.2262 -0.9560 -0.1871
vn 0.0383 0.9988 -0.0317
vn 0.1323 -0.9852 -0.1094
vn 0.0587 0.9971 -0.0486
vn 0.0869 -0.9936 -0.0719
vn 0.0869 0.9936 -0.0719
vn 0.0587 -0.9971 -0.0486
vn 0.1323 0.9852 -0.1094
vn 0.0383 -0.9988 -0.0317
vn 0.2262 0.9560 -0.1871
vn 0.0218 -0.9996 -0.0180
vn 0.5295 0.7266 -0.4379
vn 0.0071 1.0000 -0.0058
vn 0.0071 -1.0000 -0.0058
vn 0.5295 -0.7266 -0.4379
vn 0.0218 0.9996 -0.0180
vn 0.0437 -0.9988 -0.0235
vn 0.2581 0.9561 -0.1390
vn 0.0248 -0.9996 -0.0134
vn 0.6045 0.7270 -0.3256
vn 0.0081 1.0000 -0.0043
vn 0.0081 -1.0000 -0.0043
vn 0.6045 -0.7270 -0.3256
vn 0.0248 0.9996 -0.0134
vn 0.2581 -0.9561 -0.1390
vn 0.0437 0.9988 -0.0235
vn 0.1509 -0.9852 -0.0813
vn 0.0670 0.9971 -0.0361
vn 0.0991 -0.9936 -0.0534
vn 0.0991 0.9936 -0.0534
vn 0.0670 -0.9971 -0.0361
vn 0.1509 0.9852 -0.0813
vn 0.1638 -0.9852 -0.0501
vn 0.0727 0.9971 -0.0222
vn 0.1076 -0.9937 -0.0329
vn 0.1076 0.9937 -0.0329
vn 0.0727 -0.9971 -0.0222
vn 0.1638 0.9852 -0.0501
vn 0.0474 -0.9988 -0.0145
vn 0.2801 0.9562 -0.0856
vn 0.0269 -0.9996 -0.0082
vn 0.6562 0.7274 -0.2006
vn 0.0088 1.0000 -0.0027
vn 0.0088 -1.0000 -0.0027
vn 0.6562 -0.7274 -0.2006
vn 0.0269 0.9996 -0.0082
vn 0.2801 -0.9562 -0.0856
vn 0.0474 0.9988 -0.0145
vn 0.0280 -0.9996 -0.0028
vn 0.6826 0.7276 -0.0678
vn 0.0091 1.0000 -0.0009
vn 0.0091 -1.0000 -0.0009
vn 0.6826 -0.7276 -0.0678
vn 0.0280 0.9996 -0.0028
vn 0.2913 -0.9562 -0.0289
vn 0.0493 0.9988 -0.0049
vn 0.1703 -0.9852 -0.0169
vn 0.0756 0.9971 -0.0075
vn 0.1119 -0.9937 -0.0111
vn 0.1119 0.9937 -0.0111
vn 0.0756 -0.9971 -0.0075
vn 0.1703 0.9852 -0.0169
vn 0.0493 -0.9988 -0.0049
vn 0.2913 0.9562 -0.0289
vn 0.0756 0.9971 0.0075
vn 0.1119 -0.9937 0.0111
vn 0.1119 0.9937 0.0111
vn 0.0756 -0.9971 0.0075
vn 0.1703 0.9852 0.0169
vn 0.0493 -0.9988 0.0049
vn 0.2913 0.9562 0.0289
vn 0.0280 -0.9996 0.0028
vn 0.6826 0.7276 0.0678
vn 0.0091 1.0000 0.0009
vn 0.0091 -1.0000 0.0009
vn 0.6826 -0.7276 0.0678
vn 0.0280 0.9996 0.0028
vn 0.2913 -0.9562 0.0289
vn 0.0493 0.9988 0.0049
vn 0.1703 -0.9852 0.0169
vn 0.6562 0.7274 0.2006
vn 0.0088 1.0000 0.0027
vn 0.0088 -1.0000 0.0027
vn 0.6562 -0.7274 0.2006
vn 0.0269 0.9996 0.0082
vn 0.2801 -0.9562 0.0856
vn 0.0474 0.9988 0.0145
vn 0.1638 -0.9852 0.0501
vn 0.0727 0.9971 0.0222
vn 0.1076 -0.9937 0.0329
vn 0.1076 0.9937 0.0329
vn 0.0727 -0.9971 0.0222
vn 0.1638 0.9852 0.0501
vn 0.0474 -0.9988 0.0145
vn 0.2801 0.9562 0.0856
vn 0.0269 -0.9996 0.0082
vn 0.0991 -0.9936 0.0534
vn 0.0991 0.9936 0.0534
vn 0.0670 -0.9971 0.0361
vn 0.1509 0.9852 0.0813
vn 0.0437 -0.9988 0.0235
vn 0.2581 0.9561 0.1390
vn 0.0248 -0.9996 0.0134
vn 0.6045 0.7270 0.3256
vn 0.0081 1.0000 0.0043
vn 0.0081 -1.0000 0.0043
vn 0.6045 -0.7270 0.3256
vn 0.0248 0.9996 0.0134
vn 0.2581 -0.9561 0.1390
vn 0.0437 0.9988 0.0235
vn 0.1509 -0.9852 0.0813
vn 0.0670 0.9971 0.0361
vn 0.0071 1.0000 0.0058
vn 0.0071 -1.0000 0.0058
vn 0.5295 -0.7266 0.4379
vn 0.0218 0.9996 0.0180
vn 0.2262 -0.9560 0.1871
vn 0.0383 0.9988 0.0317
vn 0.1323 -0.9852 0.1094
vn 0.0587 0.9971 0.0486
vn 0.0869 -0.9936 0.0719
vn 0.0869 0.9936 0.0719
vn 0.0587 -0.9971 0.0486
vn 0.1323 0.9852 0.1094
vn 0.0383 -0.9988 0.0317
vn 0.2262 0.9560 0.1871
vn 0.0218 -0.9996 0.0180
vn 0.5295 0.7266 0.4379
vn 0.0713 0.9936 0.0876
vn 0.0482 -0.9971 0.0592
vn 0.1086 0.9851 0.1333
vn 0.0314 -0.9988 0.0386
vn 0.1856 0.9558 0.2279
vn 0.0179 -0.9996 0.0219
vn 0.4342 0.7260 0.5332
vn 0.0058 1.0000 0.0071
vn 0.0058 -1.0000 0.0071
vn 0.4342 -0.7260 0.5332
vn 0.0179 0.9996 0.0219
vn 0.1856 -0.9558 0.2279
vn 0.0314 0.9988 0.0386
vn 0.1086 -0.9851 0.1333
vn 0.0482 0.9971 0.0592
vn 0.0713 -0.9936 0.0876
vn 0.3224 -0.7256 0.6079
vn 0.0133 0.9996 0.0250
vn 0.1379 -0.9557 0.2600
vn 0.0234 0.9988 0.0441
vn 0.0807 -0.9851 0.1521
vn 0.0358 0.9971 0.0675
vn 0.0530 -0.9936 0.0999
vn 0.0530 0.9936 0.0999
vn 0.0358 -0.9971 0.0675
vn 0.0807 0.9851 0.1521
vn 0.0234 -0.9988 0.0441
vn 0.1379 0.9557 0.2600
vn 0.0133 -0.9996 0.0250
vn 0.3224 0.7256 0.6079
vn 0.0043 1.0000 0.0081
vn 0.0043 -1.0000 0.0081
vn 0.0221 -0.9971 0.0733
vn 0.0497 0.9850 0.1650
vn 0.0144 -0.9988 0.0478
vn 0.0849 0.9556 0.2821
vn 0.0082 -0.9996 0.0272
vn 0.1985 0.7252 0.6593
vn 0.0027 1.0000 0.0088
vn 0.0027 -1.0000 0.0088
vn 0.1985 -0.7252 0.6593
vn 0.0082 0.9996 0.0272
vn 0.0849 -0.9556 0.2821
vn 0.0144 0.9988 0.0478
vn 0.0497 -0.9850 0.1650
vn 0.0221 0.9971 0.0733
vn 0.0326 -0.9936 0.1084
vn 0.0326 0.9936 0.1084
vn 0.0287 -0.9556 0.2933
vn 0.0049 0.9988 0.0497
vn 0.0168 -0.9850 0.1716
vn 0.0074 0.9971 0.0762
vn 0.0110 -0.9936 0.1127
vn 0.0110 0.9936 0.1127
vn 0.0074 -0.9971 0.0762
vn 0.0168 0.9850 0.1716
vn 0.0049 -0.9988 0.0497
vn 0.0287 0.9556 0.2933
vn 0.0028 -0.9996 0.0282
vn 0.0670 0.7250 0.6855
vn 0.0009 1.0000 0.0092
vn 0.0009 -1.0000 0.0092
vn 0.0670 -0.7250 0.6855
vn 0.0028 0.9996 0.0282
vn -0.0049 -0.9988 0.0497
vn -0.0287 0.9556 0.2933
vn -0.0028 -0.9996 0.0282
vn -0.0670 0.7250 0.6855
vn -0.0009 1.0000 0.0092
vn -0.0009 -1.0000 0.0092
vn -0.0670 -0.7250 0.6855
vn -0.0028 0.9996 0.0282
vn -0.0287 -0.9556 0.2933
vn -0.0049 0.9988 0.0497
vn -0.0168 -0.9850 0.1716
vn -0.0074 0.9971 0.0762
vn -0.0110 -0.9936 0.1127
vn -0.0110 0.9936 0.1127
vn -0.0074 -0.9971 0.0762
vn -0.0168 0.9850 0.1716
vn -0.0144 0.9988 0.0478
vn -0.0497 -0.9850 0.1650
vn -0.0221 0.9971 0.0733
vn -0.0326 -0.9936 0.1084
vn -0.0326 0.9936 0.1084
vn -0.0221 -0.9971 0.0733
vn -0.0497 0.9850 0.1650
vn -0.0144 -0.9988 0.0478
vn -0.0849 0.9556 0.2821
vn -0.0082 -0.9996 0.0272
vn -0.1985 0.7252 0.6593
vn -0.0027 1.0000 0.0088
vn -0.0027 -1.0000 0.0088
vn -0.1985 -0.7252 0.6593
vn -0.0082 0.9996 0.0272
vn -0.0849 -0.9556 0.2821
vn -0.1379 0.9557 0.2600
vn -0.0133 -0.9996 0.0250
vn -0.3224 0.7256 0.6079
vn -0.0043 1.0000 0.0081
vn -0.0043 -1.0000 0.0081
vn -0.3224 -0.7256 0.6079
vn -0.0133 0.9996 0.0250
vn -0.1379 -0.9557 0.2600
vn -0.0234 0.9988 0.0441
vn -0.0807 -0.9851 0.1521
vn -0.0358 0.9971 0.0675
vn -0.0530 -0.9936 0.0999
vn -0.0530 0.9936 0.0999
vn -0.0358 -0.9971 0.0675
vn -0.0807 0.9851 0.1521
vn -0.0234 -0.9988 0.0441
vn -0.1086 -0.9851 0.1333
vn -0.0482 0.9971 0.0592
vn -0.0713 -0.9936 0.0876
vn -0.0713 0.9936 0.0876
vn -0.0482 -0.9971 0.0592
vn -0.1086 0.9851 0.1333
vn -0.0314 -0.9988 0.0386
vn -0.1856 0.9558 0.2279
vn -0.0179 -0.9996 0.0219
vn -0.4342 0.7260 0.5332
vn -0.0058 1.0000 0.0071
vn -0.0058 -1.0000 0.0071
vn -0.4342 -0.7260 0.5332
vn -0.0179 0.9996 0.0219
vn -0.1856 -0.9558 0.2279
vn -0.0314 0.9988 0.0386
vn -0.0218 -0.9996 0.0180
vn -0.5295 0.7266 0.4379
vn -0.0071 1.0000 0.0058
vn -0.0071 -1.0000 0.0058
vn -0.5295 -0.7266 0.4379
vn -0.0218 0.9996 0.0180
vn -0.2262 -0.9560 0.1871
vn -0.0383 0.9988 0.0317
vn -0.1323 -0.9852 0.1094
vn -0.0587 0.9971 0.0486
vn -0.0869 -0.9936 0.0719
vn -0.0869 0.9936 0.0719
vn -0.0587 -0.9971 0.0486
vn -0.1323 0.9852 0.1094
vn -0.0383 -0.9988 0.0317
vn -0.2262 0.9560 0.1871
vn -0.0670 0.9971 0.0361
vn -0.0991 -0.9936 0.0534
vn -0.0991 0.9936 0.0534
vn -0.0670 -0.9971 0.0361
vn -0.1509 0.9852 0.0813
vn -0.0437 -0.9988 0.0235
vn -0.2581 0.9561 0.1390
vn -0.0248 -0.9996 0.0134
vn -0.6045 0.7270 0.3256
vn -0.0081 1.0000 0.0043
vn -0.0081 -1.0000 0.0043
vn -0.6045 -0.7270 0.3256
vn -0.0248 0.9996 0.0134
vn -0.2581 -0.9561 0.1390
vn -0.0437 0.9988 0.0235
vn -0.1509 -0.9852 0.0813
vn -0.6562 0.7274 0.2006
vn -0.0088 1.0000 0.0027
vn -0.0088 -1.0000 0.0027
vn -0.6562 -0.7274 0.2006
vn -0.0269 0.9996 0.0082
vn -0.2801 -0.9562 0.0856
vn -0.0474 0.9988 0.0145
vn -0.1638 -0.9852 0.0501
vn -0.0727 0.9971 0.0222
vn -0.1076 -0.9937 0.0329
vn -0.1076 0.9937 0.0329
vn -0.0727 -0.9971 0.0222
vn -0.1638 0.9852 0.0501
vn -0.0474 -0.9988 0.0145
vn -0.2801 0.9562 0.0856
vn -0.0269 -0.9996 0.0082
vn -0.1119 -0.9937 0.0111
vn -0.1119 0.9937 0.0111
vn -0.0756 -0.9971 0.0075
vn -0.1703 0.9852 0.0169
vn -0.0493 -0.9988 0.0049
vn -0.2913 0.9562 0.0289
vn -0.0280 -0.9996 0.0028
vn -0.6826 0.7276 0.0678
vn -0.0091 1.0000 0.0009
vn -0.0091 -1.0000 0.0009
vn -0.6826 -0.7276 0.0678
vn -0.0280 0.9996 0.0028
vn -0.2913 -0.9562 0.0289
vn -0.0493 0.9988 0.0049
vn -0.1703 -0.9852 0.0169
vn -0.0756 0.9971 0.0075
vn -0.0091 -1.0000 -0.0009
vn -0.6826 -0.7276 -0.0678
vn -0.0280 0.9996 -0.0028
vn -0.2913 -0.9562 -0.0289
vn -0.0493 0.9988 -0.0049
vn -0.1703 -0.9852 -0.0169
vn -0.0756 0.9971 -0.0075
vn -0.1119 -0.9937 -0.0111
vn -0.1119 0.9937 -0.0111
vn -0.0756 -0.9971 -0.0075
vn -0.1703 0.9852 -0.0169
vn -0.0493 -0.9988 -0.0049
vn -0.2913 0.9562 -0.0289
vn -0.0280 -0.9996 -0.0028
vn -0.6826 0.7276 -0.0678
vn -0.0091 1.0000 -0.0009
vn -0.0727 -0.9971 -0.0222
vn -0.1638 0.9852 -0.0501
vn -0.0474 -0.9988 -0.0145
vn -0.2801 0.9562 -0.0856
vn -0.0269 -0.9996 -0.0082
vn -0.6562 0.7274 -0.2006
vn -0.0088 1.0000 -0.0027
vn -0.0088 -1.0000 -0.0027
vn -0.6562 -0.7274 -0.2006
vn -0.0269 0.9996 -0.0082
vn -0.2801 -0.9562 -0.0856
vn -0.0474 0.9988 -0.0145
vn -0.1638 -0.9852 -0.0501
vn -0.0727 0.9971 -0.0222
vn -0.1076 -0.9937 -0.0329
vn -0.1076 0.9937 -0.0329
vn -0.0248 0.9996 -0.0134
vn -0.2581 -0.9561 -0.1390
vn -0.0437 0.9988 -0.0235
vn -0.1509 -0.9852 -0.0813
vn -0.0670 0.9971 -0.0361
vn -0.0991 -0.9936 -0.0534
vn -0.0991 0.9936 -0.0534
vn -0.0670 -0.9971 -0.0361
vn -0.1509 0.9852 -0.0813
vn -0.0437 -0.9988 -0.0235
vn -0.2581 0.9561 -0.1390
vn -0.0248 -0.9996 -0.0134
vn -0.6045 0.7270 -0.3256
vn -0.0081 1.0000 -0.0043
vn -0.0081 -1.0000 -0.0043
vn -0.6045 -0.7270 -0.3256
vn -0.1323 0.9852 -0.1094
vn -0.0383 -0.9988 -0.0317
vn -0.2262 0.9560 -0.1871
vn -0.0218 -0.9996 -0.0180
vn -0.5295 0.7266 -0.4379
vn -0.0071 1.0000 -0.0058
vn -0.0071 -1.0000 -0.0058
vn -0.5295 -0.7266 -0.4379
vn -0.0218 0.9996 -0.0180
vn -0.2262 -0.9560 -0.1871
vn -0.0383 0.9988 -0.0317
vn -0.1323 -0.9852 -0.1094
vn -0.0587 0.9971 -0.0486
vn -0.0869 -0.9936 -0.0719
vn -0.0869 0.9936 -0.0719
vn -0.0587 -0.9971 -0.0486
vn -0.1856 -0.9558 -0.2279
vn -0.0314 0.9988 -0.0386
vn -0.1086 -0.9851 -0.1333
vn -0.0482 0.9971 -0.0592
vn -0.0713 -0.9936 -0.0876
vn -0.0713 0.9936 -0.0876
vn -0.0482 -0.9971 -0.0592
vn -0.1086 0.9851 -0.1333
vn -0.0314 -0.9988 -0.0386
vn -0.1856 0.9558 -0.2279
vn -0.0179 -0.9996 -0.0219
vn -0.4342 0.7260 -0.5332
vn -0.0058 1.0000 -0.0071
vn -0.0058 -1.0000 -0.0071
vn -0.4342 -0.7260 -0.5332
vn -0.0179 0.9996 -0.0219
vn -0.0234 -0.9988 -0.0441
vn -0.1379 0.9557 -0.2600
vn -0.0133 -0.9996 -0.0250
vn -0.3225 0.7256 -0.6079
vn -0.0043 1.0000 -0.0081
vn -0.0043 -1.0000 -0.0081
vn -0.3225 -0.7256 -0.6079
vn -0.0133 0.9996 -0.0250
vn -0.1379 -0.9557 -0.2600
vn -0.0234 0.9988 -0.0441
vn -0.0807 -0.9851 -0.1521
vn -0.0358 0.9971 -0.0675
vn -0.0530 -0.9936 -0.0999
vn -0.0530 0.9936 -0.0999
vn -0.0358 -0.9971 -0.0675
vn -0.0807 0.9851 -0.1521
vn -0.0144 0.9988 -0.0478
vn -0.0497 -0.9850 -0.1650
vn -0.0221 0.9971 -0.0733
vn -0.0326 -0.9936 -0.1084
vn -0.0326 0.9936 -0.1084
vn -0.0221 -0.9971 -0.0733
vn -0.0497 0.9850 -0.1650
vn -0.0144 -0.9988 -0.0478
vn -0.0849 0.9556 -0.2821
vn -0.0082 -0.9996 -0.0272
vn -0.1985 0.7252 -0.6593
vn -0.0027 1.0000 -0.0088
vn -0.0027 -1.0000 -0.0088
vn -0.1985 -0.7252 -0.6593
vn -0.0082 0.9996 -0.0272
vn -0.0849 -0.9556 -0.2821
vn -0.0287 0.9556 -0.2933
vn -0.0028 -0.9996 -0.0282
vn -0.0670 0.7250 -0.6855
vn -0.0009 1.0000 -0.0092
vn -0.0009 -1.0000 -0.0092
vn -0.0670 -0.7250 -0.6855
vn -0.0028 0.9996 -0.0282
vn -0.0287 -0.9556 -0.2933
vn -0.0049 0.9988 -0.0497
vn -0.0168 -0.9850 -0.1716
vn -0.0074 0.9971 -0.0762
vn -0.0110 -0.9936 -0.1127
vn -0.0110 0.9936 -0.1127
vn -0.0074 -0.9971 -0.0762
vn -0.0168 0.9850 -0.1716
vn -0.0049 -0.9988 -0.0497
vn -0.3225 0.7256 0.6079
vn -0.3225 -0.7256 0.6079
vt 0.750000 0.125000
vt 0.750000 0.187500
vt 0.718750 0.187500
vt 0.718750 0.125000
vt 0.750000 0.562500
vt 0.750000 0.625000
vt 0.718750 0.625000
vt 0.718750 0.562500
vt 0.750000 0.062500
vt 0.718750 0.062500
vt 0.750000 0.500000
vt 0.718750 0.500000
vt 0.750000 0.937500
vt 0.734375 1.000000
vt 0.718750 0.937500
vt 0.734375 0.000000
vt 0.750000 0.437500
vt 0.718750 0.437500
vt 0.750000 0.875000
vt 0.718750 0.875000
vt 0.750000 0.375000
vt 0.718750 0.375000
vt 0.750000 0.812500
vt 0.718750 0.812500
vt 0.750000 0.312500
vt 0.718750 0.312500
vt 0.750000 0.750000
vt 0.718750 0.750000
vt 0.750000 0.250000
vt 0.718750 0.250000
vt 0.750000 0.687500
vt 0.718750 0.687500
vt 0.687500 0.250000
vt 0.687500 0.187500
vt 0.687500 0.687500
vt 0.687500 0.625000
vt 0.687500 0.125000
vt 0.687500 0.562500
vt 0.687500 0.062500
vt 0.687500 0.500000
vt 0.703125 1.000000
vt 0.687500 0.937500
vt 0.703125 0.000000
vt 0.687500 0.437500
vt 0.687500 0.875000
vt 0.687500 0.375000
vt 0.687500 0.812500
vt 0.687500 0.312500
vt 0.687500 0.750000
vt 0.656250 0.937500
vt 0.656250 0.875000
vt 0.656250 0.437500
vt 0.656250 0.375000
vt 0.656250 0.812500
vt 0.656250 0.312500
vt 0.656250 0.750000
vt 0.656250 0.250000
vt 0.656250 0.687500
vt 0.656250 0.187500
vt 0.656250 0.625000
vt 0.656250 0.125000
vt 0.656250 0.562500
vt 0.656250 0.062500
vt 0.656250 0.500000
vt 0.671875 1.000000
vt 0.671875 0.000000
vt 0.625000 0.687500
vt 0.625000 0.625000
vt 0.625000 0.187500
vt 0.625000 0.125000
vt 0.625000 0.562500
vt 0.625000 0.062500
vt 0.625000 0.500000
vt 0.640625 1.000000
vt 0.625000 0.937500
vt 0.640625 0.000000
vt 0.625000 0.437500
vt 0.625000 0.875000
vt 0.625000 0.375000
vt 0.625000 0.812500
vt 0.625000 0.312500
vt 0.625000 0.750000
vt 0.625000 0.250000
vt 0.593750 0.437500
vt 0.593750 0.375000
vt 0.593750 0.875000
vt 0.593750 0.812500
vt 0.593750 0.312500
vt 0.593750 0.750000
vt 0.593750 0.250000
vt 0.593750 0.687500
vt 0.593750 0.187500
vt 0.593750 0.625000
vt 0.593750 0.125000
vt 0.593750 0.562500
vt 0.593750 0.062500
vt 0.593750 0.500000
vt 0.609375 1.000000
vt 0.593750 0.937500
vt 0.609375 0.000000
vt 0.562500 0.187500
vt 0.562500 0.125000
vt 0.562500 0.625000
vt 0.562500 0.562500
vt 0.562500 0.062500
vt 0.562500 0.500000
vt 0.578125 1.000000
vt 0.562500 0.937500
vt 0.578125 0.000000
vt 0.562500 0.437500
vt 0.562500 0.875000
vt 0.562500 0.375000
vt 0.562500 0.812500
vt 0.562500 0.312500
vt 0.562500 0.750000
vt 0.562500 0.250000
vt 0.562500 0.687500
vt 0.531250 0.375000
vt 0.531250 0.312500
vt 0.531250 0.812500
vt 0.531250 0.750000
vt 0.531250 0.250000
vt 0.531250 0.687500
vt 0.531250 0.187500
vt 0.531250 0.625000
vt 0.531250 0.125000
vt 0.531250 0.562500
vt 0.531250 0.062500
vt 0.531250 0.500000
vt 0.546875 1.000000
vt 0.531250 0.937500
vt 0.546875 0.000000
vt 0.531250 0.437500
vt 0.531250 0.875000
vt 0.500000 0.125000
vt 0.500000 0.062500
vt 0.500000 0.562500
vt 0.500000 0.500000
vt 0.515625 1.000000
vt 0.500000 0.937500
vt 0.515625 0.000000
vt 0.500000 0.437500
vt 0.500000 0.875000
vt 0.500000 0.375000
vt 0.500000 0.812500
vt 0.500000 0.312500
vt 0.500000 0.750000
vt 0.500000 0.250000
vt 0.500000 0.687500
vt 0.500000 0.187500
vt 0.500000 0.625000
vt 0.468750 0.812500
vt 0.468750 0.750000
vt 0.468750 0.312500
vt 0.468750 0.250000
vt 0.468750 0.687500
vt 0.468750 0.187500
vt 0.468750 0.625000
vt 0.468750 0.125000
vt 0.468750 0.562500
vt 0.468750 0.062500
vt 0.468750 0.500000
vt 0.484375 1.000000
vt 0.468750 0.937500
vt 0.484375 0.000000
vt 0.468750 0.437500
vt 0.468750 0.875000
vt 0.468750 0.375000
vt 0.437500 0.562500
vt 0.437500 0.500000
vt 0.453125 1.000000
vt 0.437500 0.937500
vt 0.453125 0.000000
vt 0.437500 0.062500
vt 0.437500 0.437500
vt 0.437500 0.875000
vt 0.437500 0.375000
vt 0.437500 0.812500
vt 0.437500 0.312500
vt 0.437500 0.750000
vt 0.437500 0.250000
vt 0.437500 0.687500
vt 0.437500 0.187500
vt 0.437500 0.625000
vt 0.437500 0.125000
vt 0.406250 0.312500
vt 0.406250 0.250000
vt 0.406250 0.750000
vt 0.406250 0.687500
vt 0.406250 0.187500
vt 0.406250 0.625000
vt 0.406250 0.125000
vt 0.406250 0.562500
vt 0.406250 0.062500
vt 0.406250 0.500000
vt 0.421875 1.000000
vt 0.406250 0.937500
vt 0.421875 0.000000
vt 0.406250 0.437500
vt 0.406250 0.875000
vt 0.406250 0.375000
vt 0.406250 0.812500
vt 0.390625 1.000000
vt 0.375000 0.937500
vt 0.390625 0.000000
vt 0.375000 0.062500
vt 0.375000 0.500000
vt 0.375000 0.437500
vt 0.375000 0.875000
vt 0.375000 0.375000
vt 0.375000 0.812500
vt 0.375000 0.312500
vt 0.375000 0.750000
vt 0.375000 0.250000
vt 0.375000 0.687500
vt 0.375000 0.187500
vt 0.375000 0.625000
vt 0.375000 0.125000
vt 0.375000 0.562500
vt 0.343750 0.750000
vt 0.343750 0.687500
vt 0.343750 0.250000
vt 0.343750 0.187500
vt 0.343750 0.625000
vt 0.343750 0.125000
vt 0.343750 0.562500
vt 0.343750 0.062500
vt 0.343750 0.500000
vt 0.359375 1.000000
vt 0.343750 0.937500
vt 0.359375 0.000000
vt 0.343750 0.437500
vt 0.343750 0.875000
vt 0.343750 0.375000
vt 0.343750 0.812500
vt 0.343750 0.312500
vt 0.312500 0.500000
vt 0.312500 0.437500
vt 0.312500 0.937500
vt 0.312500 0.875000
vt 0.312500 0.375000
vt 0.312500 0.812500
vt 0.312500 0.312500
vt 0.312500 0.750000
vt 0.312500 0.250000
vt 0.312500 0.687500
vt 0.312500 0.187500
vt 0.312500 0.625000
vt 0.312500 0.125000
vt 0.312500 0.562500
vt 0.312500 0.062500
vt 0.328125 1.000000
vt 0.328125 0.000000
vt 0.281250 0.250000
vt 0.281250 0.187500
vt 0.281250 0.687500
vt 0.281250 0.625000
vt 0.281250 0.125000
vt 0.281250 0.562500
vt 0.281250 0.062500
vt 0.281250 0.500000
vt 0.296875 1.000000
vt 0.281250 0.937500
vt 0.296875 0.000000
vt 0.281250 0.437500
vt 0.281250 0.875000
vt 0.281250 0.375000
vt 0.281250 0.812500
vt 0.281250 0.312500
vt 0.281250 0.750000
vt 0.250000 0.437500
vt 0.250000 0.375000
vt 0.250000 0.875000
vt 0.250000 0.812500
vt 0.250000 0.312500
vt 0.250000 0.750000
vt 0.250000 0.250000
vt 0.250000 0.687500
vt 0.250000 0.187500
vt 0.250000 0.625000
vt 0.250000 0.125000
vt 0.250000 0.562500
vt 0.250000 0.062500
vt 0.250000 0.500000
vt 0.265625 1.000000
vt 0.250000 0.937500
vt 0.265625 0.000000
vt 0.218750 0.187500
vt 0.218750 0.125000
vt 0.218750 0.625000
vt 0.218750 0.562500
vt 0.218750 0.062500
vt 0.218750 0.500000
vt 0.234375 1.000000
vt 0.218750 0.937500
vt 0.234375 0.000000
vt 0.218750 0.437500
vt 0.218750 0.875000
vt 0.218750 0.375000
vt 0.218750 0.812500
vt 0.218750 0.312500
vt 0.218750 0.750000
vt 0.218750 0.250000
vt 0.218750 0.687500
vt 0.187500 0.875000
vt 0.187500 0.812500
vt 0.187500 0.375000
vt 0.187500 0.312500
vt 0.187500 0.750000
vt 0.187500 0.250000
vt 0.187500 0.687500
vt 0.187500 0.187500
vt 0.187500 0.625000
vt 0.187500 0.125000
vt 0.187500 0.562500
vt 0.187500 0.062500
vt 0.187500 0.500000
vt 0.203125 1.000000
vt 0.187500 0.937500
vt 0.203125 0.000000
vt 0.187500 0.437500
vt 0.156250 0.625000
vt 0.156250 0.562500
vt 0.156250 0.125000
vt 0.156250 0.062500
vt 0.156250 0.500000
vt 0.171875 1.000000
vt 0.156250 0.937500
vt 0.171875 0.000000
vt 0.156250 0.437500
vt 0.156250 0.875000
vt 0.156250 0.375000
vt 0.156250 0.812500
vt 0.156250 0.312500
vt 0.156250 0.750000
vt 0.156250 0.250000
vt 0.156250 0.687500
vt 0.156250 0.187500
vt 0.125000 0.375000
vt 0.125000 0.312500
vt 0.125000 0.812500
vt 0.125000 0.750000
vt 0.125000 0.250000
vt 0.125000 0.687500
vt 0.125000 0.187500
vt 0.125000 0.625000
vt 0.125000 0.125000
vt 0.125000 0.562500
vt 0.125000 0.062500
vt 0.125000 0.500000
vt 0.140625 1.000000
vt 0.125000 0.937500
vt 0.140625 0.000000
vt 0.125000 0.437500
vt 0.125000 0.875000
vt 0.093750 0.125000
vt 0.093750 0.062500
vt 0.093750 0.562500
vt 0.093750 0.500000
vt 0.109375 1.000000
vt 0.093750 0.937500
vt 0.109375 0.000000
vt 0.093750 0.437500
vt 0.093750 0.875000
vt 0.093750 0.375000
vt 0.093750 0.812500
vt 0.093750 0.312500
vt 0.093750 0.750000
vt 0.093750 0.250000
vt 0.093750 0.687500
vt 0.093750 0.187500
vt 0.093750 0.625000
vt 0.062500 0.812500
vt 0.062500 0.750000
vt 0.062500 0.312500
vt 0.062500 0.250000
vt 0.062500 0.687500
vt 0.062500 0.187500
vt 0.062500 0.625000
vt 0.062500 0.125000
vt 0.062500 0.562500
vt 0.062500 0.062500
vt 0.062500 0.500000
vt 0.078125 1.000000
vt 0.062500 0.937500
vt 0.078125 0.000000
vt 0.062500 0.437500
vt 0.062500 0.875000
vt 0.062500 0.375000
vt 0.031250 0.562500
vt 0.031250 0.500000
vt 0.046875 1.000000
vt 0.031250 0.937500
vt 0.046875 0.000000
vt 0.031250 0.062500
vt 0.031250 0.437500
vt 0.031250 0.875000
vt 0.031250 0.375000
vt 0.031250 0.812500
vt 0.031250 0.312500
vt 0.031250 0.750000
vt 0.031250 0.250000
vt 0.031250 0.687500
vt 0.031250 0.187500
vt 0.031250 0.625000
vt 0.031250 0.125000
vt 0.000000 0.312500
vt 0.000000 0.250000
vt 0.000000 0.750000
vt 0.000000 0.687500
vt 0.000000 0.187500
vt 0.000000 0.625000
vt 0.000000 0.125000
vt 0.000000 0.562500
vt 0.000000 0.062500
vt 0.000000 0.500000
vt 0.015625 1.000000
vt 0.000000 0.937500
vt 0.015625 0.000000
vt 0.000000 0.437500
vt 0.000000 0.875000
vt 0.000000 0.375000
vt 0.000000 0.812500
vt 0.984375 0.000000
vt 1.000000 0.062500
vt 0.968750 0.062500
vt 1.000000 0.437500
vt 1.000000 0.500000
vt 0.968750 0.500000
vt 0.968750 0.437500
vt 1.000000 0.875000
vt 1.000000 0.937500
vt 0.968750 0.937500
vt 0.968750 0.875000
vt 1.000000 0.375000
vt 0.968750 0.375000
vt 1.000000 0.812500
vt 0.968750 0.812500
vt 1.000000 0.312500
vt 0.968750 0.312500
vt 1.000000 0.750000
vt 0.968750 0.750000
vt 1.000000 0.250000
vt 0.968750 0.250000
vt 1.000000 0.687500
vt 0.968750 0.687500
vt 1.000000 0.187500
vt 0.968750 0.187500
vt 1.000000 0.625000
vt 0.968750 0.625000
vt 1.000000 0.125000
vt 0.968750 0.125000
vt 1.000000 0.562500
vt 0.968750 0.562500
vt 0.984375 1.000000
vt 0.937500 0.250000
vt 0.937500 0.187500
vt 0.937500 0.687500
vt 0.937500 0.625000
vt 0.937500 0.125000
vt 0.937500 0.562500
vt 0.937500 0.062500
vt 0.937500 0.500000
vt 0.953125 1.000000
vt 0.937500 0.937500
vt 0.953125 0.000000
vt 0.937500 0.437500
vt 0.937500 0.875000
vt 0.937500 0.375000
vt 0.937500 0.812500
vt 0.937500 0.312500
vt 0.937500 0.750000
vt 0.906250 0.937500
vt 0.906250 0.875000
vt 0.906250 0.437500
vt 0.906250 0.375000
vt 0.906250 0.812500
vt 0.906250 0.312500
vt 0.906250 0.750000
vt 0.906250 0.250000
vt 0.906250 0.687500
vt 0.906250 0.187500
vt 0.906250 0.625000
vt 0.906250 0.125000
vt 0.906250 0.562500
vt 0.906250 0.062500
vt 0.906250 0.500000
vt 0.921875 1.000000
vt 0.921875 0.000000
vt 0.875000 0.687500
vt 0.875000 0.625000
vt 0.875000 0.187500
vt 0.875000 0.125000
vt 0.875000 0.562500
vt 0.875000 0.062500
vt 0.875000 0.500000
vt 0.890625 1.000000
vt 0.875000 0.937500
vt 0.890625 0.000000
vt 0.875000 0.437500
vt 0.875000 0.875000
vt 0.875000 0.375000
vt 0.875000 0.812500
vt 0.875000 0.312500
vt 0.875000 0.750000
vt 0.875000 0.250000
vt 0.843750 0.437500
vt 0.843750 0.375000
vt 0.843750 0.875000
vt 0.843750 0.812500
vt 0.843750 0.312500
vt 0.843750 0.750000
vt 0.843750 0.250000
vt 0.843750 0.687500
vt 0.843750 0.187500
vt 0.843750 0.625000
vt 0.843750 0.125000
vt 0.843750 0.562500
vt 0.843750 0.062500
vt 0.843750 0.500000
vt 0.859375 1.000000
vt 0.843750 0.937500
vt 0.859375 0.000000
vt 0.812500 0.187500
vt 0.812500 0.125000
vt 0.812500 0.625000
vt 0.812500 0.562500
vt 0.812500 0.062500
vt 0.812500 0.500000
vt 0.828125 1.000000
vt 0.812500 0.937500
vt 0.828125 0.000000
vt 0.812500 0.437500
vt 0.812500 0.875000
vt 0.812500 0.375000
vt 0.812500 0.812500
vt 0.812500 0.312500
vt 0.812500 0.750000
vt 0.812500 0.250000
vt 0.812500 0.687500
vt 0.781250 0.875000
vt 0.781250 0.812500
vt 0.781250 0.375000
vt 0.781250 0.312500
vt 0.781250 0.750000
vt 0.781250 0.250000
vt 0.781250 0.687500
vt 0.781250 0.187500
vt 0.781250 0.625000
vt 0.781250 0.125000
vt 0.781250 0.562500
vt 0.781250 0.062500
vt 0.781250 0.500000
vt 0.796875 1.000000
vt 0.781250 0.937500
vt 0.796875 0.000000
vt 0.781250 0.437500
vt 0.765625 1.000000
vt 0.765625 0.000000
s 0
usemtl Material.001
f 1445/1119/965 1444/1120/965 985/1121/965 986/1122/965
f 968/1123/966 1441/1124/966 978/1125/966 979/1126/966
f 1446/1127/967 1445/1119/967 986/1122/967 987/1128/967
f 969/1129/968 968/1123/968 979/1126/968 980/1130/968
f 1438/1131/969 965/1132/969 973/1133/969
f 972/1134/970 1446/1127/970 987/1128/970
f 970/1135/971 969/1129/971 980/1130/971 981/1136/971
f 1439/1137/972 1438/1131/972 973/1133/972 974/1138/972
f 1442/1139/973 970/1135/973 981/1136/973 982/1140/973
f 966/1141/974 1439/1137/974 974/1138/974 975/1142/974
f 971/1143/975 1442/1139/975 982/1140/975 983/1144/975
f 1440/1145/976 966/1141/976 975/1142/976 976/1146/976
f 1443/1147/977 971/1143/977 983/1144/977 984/1148/977
f 967/1149/978 1440/1145/978 976/1146/978 977/1150/978
f 1444/1120/979 1443/1147/979 984/1148/979 985/1121/979
f 1441/1124/980 967/1149/980 977/1150/980 978/1125/980
f 985/1121/981 984/1148/981 999/1151/981 1000/1152/981
f 978/1125/982 977/1150/982 992/1153/982 993/1154/982
f 986/1122/983 985/1121/983 1000/1152/983 1001/1155/983
f 979/1126/984 978/1125/984 993/1154/984 994/1156/984
f 987/1128/985 986/1122/985 1001/1155/985 1002/1157/985
f 980/1130/986 979/1126/986 994/1156/986 995/1158/986
f 973/1133/987 965/1159/987 988/1160/987
f 972/1161/988 987/1128/988 1002/1157/988
f 981/1136/989 980/1130/989 995/1158/989 996/1162/989
f 974/1138/990 973/1133/990 988/1160/990 989/1163/990
f 982/1140/991 981/1136/991 996/1162/991 997/1164/991
f 975/1142/992 974/1138/992 989/1163/992 990/1165/992
f 983/1144/993 982/1140/993 997/1164/993 998/1166/993
f 976/1146/994 975/1142/994 990/1165/994 991/1167/994
f 984/1148/995 983/1144/995 998/1166/995 999/1151/995
f 977/1150/996 976/1146/996 991/1167/996 992/1153/996
f 989/1163/997 988/1160/997 1003/1168/997 1004/1169/997
f 997/1164/998 996/1162/998 1011/1170/998 1012/1171/998
f 990/1165/999 989/1163/999 1004/1169/999 1005/1172/999
f 998/1166/1000 997/1164/1000 1012/1171/1000 1013/1173/1000
f 991/1167/1001 990/1165/1001 1005/1172/1001 1006/1174/1001
f 999/1151/1002 998/1166/1002 1013/1173/1002 1014/1175/1002
f 992/1153/1003 991/1167/1003 1006/1174/1003 1007/1176/1003
f 1000/1152/1004 999/1151/1004 1014/1175/1004 1015/1177/1004
f 993/1154/1005 992/1153/1005 1007/1176/1005 1008/1178/1005
f 1001/1155/1006 1000/1152/1006 1015/1177/1006 1016/1179/1006
f 994/1156/1007 993/1154/1007 1008/1178/1007 1009/1180/1007
f 1002/1157/1008 1001/1155/1008 1016/1179/1008 1017/1181/1008
f 995/1158/1009 994/1156/1009 1009/1180/1009 1010/1182/1009
f 988/1160/1010 965/1183/1010 1003/1168/1010
f 972/1184/1011 1002/1157/1011 1017/1181/1011
f 996/1162/1012 995/1158/1012 1010/1182/1012 1011/1170/1012
f 1008/1178/1013 1007/1176/1013 1022/1185/1013 1023/1186/1013
f 1016/1179/1014 1015/1177/1014 1030/1187/1014 1031/1188/1014
f 1009/1180/1015 1008/1178/1015 1023/1186/1015 1024/1189/1015
f 1017/1181/1016 1016/1179/1016 1031/1188/1016 1032/1190/1016
f 1010/1182/1017 1009/1180/1017 1024/1189/1017 1025/1191/1017
f 1003/1168/1018 965/1192/1018 1018/1193/1018
f 972/1194/1019 1017/1181/1019 1032/1190/1019
f 1011/1170/1020 1010/1182/1020 1025/1191/1020 1026/1195/1020
f 1004/1169/1021 1003/1168/1021 1018/1193/1021 1019/1196/1021
f 1012/1171/1022 1011/1170/1022 1026/1195/1022 1027/1197/1022
f 1005/1172/1023 1004/1169/1023 1019/1196/1023 1020/1198/1023
f 1013/1173/1024 1012/1171/1024 1027/1197/1024 1028/1199/1024
f 1006/1174/1025 1005/1172/1025 1020/1198/1025 1021/1200/1025
f 1014/1175/1026 1013/1173/1026 1028/1199/1026 1029/1201/1026
f 1007/1176/1027 1006/1174/1027 1021/1200/1027 1022/1185/1027
f 1015/1177/1028 1014/1175/1028 1029/1201/1028 1030/1187/1028
f 1027/1197/1029 1026/1195/1029 1041/1202/1029 1042/1203/1029
f 1020/1198/1030 1019/1196/1030 1034/1204/1030 1035/1205/1030
f 1028/1199/1031 1027/1197/1031 1042/1203/1031 1043/1206/1031
f 1021/1200/1032 1020/1198/1032 1035/1205/1032 1036/1207/1032
f 1029/1201/1033 1028/1199/1033 1043/1206/1033 1044/1208/1033
f 1022/1185/1034 1021/1200/1034 1036/1207/1034 1037/1209/1034
f 1030/1187/1035 1029/1201/1035 1044/1208/1035 1045/1210/1035
f 1023/1186/1036 1022/1185/1036 1037/1209/1036 1038/1211/1036
f 1031/1188/1037 1030/1187/1037 1045/1210/1037 1046/1212/1037
f 1024/1189/1038 1023/1186/1038 1038/1211/1038 1039/1213/1038
f 1032/1190/1039 1031/1188/1039 1046/1212/1039 1047/1214/1039
f 1025/1191/1040 1024/1189/1040 1039/1213/1040 1040/1215/1040
f 1018/1193/1041 965/1216/1041 1033/1217/1041
f 972/1218/1042 1032/1190/1042 1047/1214/1042
f 1026/1195/1043 1025/1191/1043 1040/1215/1043 1041/1202/1043
f 1019/1196/1044 1018/1193/1044 1033/1217/1044 1034/1204/1044
f 1046/1212/1045 1045/1210/1045 1060/1219/1045 1061/1220/1045
f 1039/1213/1046 1038/1211/1046 1053/1221/1046 1054/1222/1046
f 1047/1214/1047 1046/1212/1047 1061/1220/1047 1062/1223/1047
f 1040/1215/1048 1039/1213/1048 1054/1222/1048 1055/1224/1048
f 1033/1217/1049 965/1225/1049 1048/1226/1049
f 972/1227/1050 1047/1214/1050 1062/1223/1050
f 1041/1202/1051 1040/1215/1051 1055/1224/1051 1056/1228/1051
f 1034/1204/1052 1033/1217/1052 1048/1226/1052 1049/1229/1052
f 1042/1203/1053 1041/1202/1053 1056/1228/1053 1057/1230/1053
f 1035/1205/1054 1034/1204/1054 1049/1229/1054 1050/1231/1054
f 1043/1206/1055 1042/1203/1055 1057/1230/1055 1058/1232/1055
f 1036/1207/1056 1035/1205/1056 1050/1231/1056 1051/1233/1056
f 1044/1208/1057 1043/1206/1057 1058/1232/1057 1059/1234/1057
f 1037/1209/1058 1036/1207/1058 1051/1233/1058 1052/1235/1058
f 1045/1210/1059 1044/1208/1059 1059/1234/1059 1060/1219/1059
f 1038/1211/1060 1037/1209/1060 1052/1235/1060 1053/1221/1060
f 1058/1232/1061 1057/1230/1061 1072/1236/1061 1073/1237/1061
f 1051/1233/1062 1050/1231/1062 1065/1238/1062 1066/1239/1062
f 1059/1234/1063 1058/1232/1063 1073/1237/1063 1074/1240/1063
f 1052/1235/1064 1051/1233/1064 1066/1239/1064 1067/1241/1064
f 1060/1219/1065 1059/1234/1065 1074/1240/1065 1075/1242/1065
f 1053/1221/1066 1052/1235/1066 1067/1241/1066 1068/1243/1066
f 1061/1220/1067 1060/1219/1067 1075/1242/1067 1076/1244/1067
f 1054/1222/1068 1053/1221/1068 1068/1243/1068 1069/1245/1068
f 1062/1223/1069 1061/1220/1069 1076/1244/1069 1077/1246/1069
f 1055/1224/1070 1054/1222/1070 1069/1245/1070 1070/1247/1070
f 1048/1226/1071 965/1248/1071 1063/1249/1071
f 972/1250/1072 1062/1223/1072 1077/1246/1072
f 1056/1228/1073 1055/1224/1073 1070/1247/1073 1071/1251/1073
f 1049/1229/1074 1048/1226/1074 1063/1249/1074 1064/1252/1074
f 1057/1230/1075 1056/1228/1075 1071/1251/1075 1072/1236/1075
f 1050/1231/1076 1049/1229/1076 1064/1252/1076 1065/1238/1076
f 1077/1246/1077 1076/1244/1077 1091/1253/1077 1092/1254/1077
f 1070/1247/1078 1069/1245/1078 1084/1255/1078 1085/1256/1078
f 1063/1249/1079 965/1257/1079 1078/1258/1079
f 972/1259/1080 1077/1246/1080 1092/1254/1080
f 1071/1251/1081 1070/1247/1081 1085/1256/1081 1086/1260/1081
f 1064/1252/1082 1063/1249/1082 1078/1258/1082 1079/1261/1082
f 1072/1236/1083 1071/1251/1083 1086/1260/1083 1087/1262/1083
f 1065/1238/1084 1064/1252/1084 1079/1261/1084 1080/1263/1084
f 1073/1237/1085 1072/1236/1085 1087/1262/1085 1088/1264/1085
f 1066/1239/1086 1065/1238/1086 1080/1263/1086 1081/1265/1086
f 1074/1240/1087 1073/1237/1087 1088/1264/1087 1089/1266/1087
f 1067/1241/1088 1066/1239/1088 1081/1265/1088 1082/1267/1088
f 1075/1242/1089 1074/1240/1089 1089/1266/1089 1090/1268/1089
f 1068/1243/1090 1067/1241/1090 1082/1267/1090 1083/1269/1090
f 1076/1244/1091 1075/1242/1091 1090/1268/1091 1091/1253/1091
f 1069/1245/1092 1068/1243/1092 1083/1269/1092 1084/1255/1092
f 1081/1265/1093 1080/1263/1093 1095/1270/1093 1096/1271/1093
f 1089/1266/1094 1088/1264/1094 1103/1272/1094 1104/1273/1094
f 1082/1267/1095 1081/1265/1095 1096/1271/1095 1097/1274/1095
f 1090/1268/1096 1089/1266/1096 1104/1273/1096 1105/1275/1096
f 1083/1269/1097 1082/1267/1097 1097/1274/1097 1098/1276/1097
f 1091/1253/1098 1090/1268/1098 1105/1275/1098 1106/1277/1098
f 1084/1255/1099 1083/1269/1099 1098/1276/1099 1099/1278/1099
f 1092/1254/1100 1091/1253/1100 1106/1277/1100 1107/1279/1100
f 1085/1256/1101 1084/1255/1101 1099/1278/1101 1100/1280/1101
f 1078/1258/1102 965/1281/1102 1093/1282/1102
f 972/1283/1103 1092/1254/1103 1107/1279/1103
f 1086/1260/1104 1085/1256/1104 1100/1280/1104 1101/1284/1104
f 1079/1261/1105 1078/1258/1105 1093/1282/1105 1094/1285/1105
f 1087/1262/1106 1086/1260/1106 1101/1284/1106 1102/1286/1106
f 1080/1263/1107 1079/1261/1107 1094/1285/1107 1095/1270/1107
f 1088/1264/1108 1087/1262/1108 1102/1286/1108 1103/1272/1108
f 1100/1280/1109 1099/1278/1109 1114/1287/1109 1115/1288/1109
f 1093/1282/1110 965/1289/1110 1108/1290/1110
f 972/1291/1111 1107/1279/1111 1122/1292/1111
f 1101/1284/1112 1100/1280/1112 1115/1288/1112 1116/1293/1112
f 1094/1285/1113 1093/1282/1113 1108/1290/1113 1109/1294/1113
f 1102/1286/1114 1101/1284/1114 1116/1293/1114 1117/1295/1114
f 1095/1270/1115 1094/1285/1115 1109/1294/1115 1110/1296/1115
f 1103/1272/1116 1102/1286/1116 1117/1295/1116 1118/1297/1116
f 1096/1271/1117 1095/1270/1117 1110/1296/1117 1111/1298/1117
f 1104/1273/1118 1103/1272/1118 1118/1297/1118 1119/1299/1118
f 1097/1274/1119 1096/1271/1119 1111/1298/1119 1112/1300/1119
f 1105/1275/1120 1104/1273/1120 1119/1299/1120 1120/1301/1120
f 1098/1276/1121 1097/1274/1121 1112/1300/1121 1113/1302/1121
f 1106/1277/1122 1105/1275/1122 1120/1301/1122 1121/1303/1122
f 1099/1278/1123 1098/1276/1123 1113/1302/1123 1114/1287/1123
f 1107/1279/1124 1106/1277/1124 1121/1303/1124 1122/1292/1124
f 1119/1299/1125 1118/1297/1125 1133/1304/1125 1134/1305/1125
f 1112/1300/1126 1111/1298/1126 1126/1306/1126 1127/1307/1126
f 1120/1301/1127 1119/1299/1127 1134/1305/1127 1135/1308/1127
f 1113/1302/1128 1112/1300/1128 1127/1307/1128 1128/1309/1128
f 1121/1303/1129 1120/1301/1129 1135/1308/1129 1136/1310/1129
f 1114/1287/1130 1113/1302/1130 1128/1309/1130 1129/1311/1130
f 1122/1292/1131 1121/1303/1131 1136/1310/1131 1137/1312/1131
f 1115/1288/1132 1114/1287/1132 1129/1311/1132 1130/1313/1132
f 1108/1290/1133 965/1314/1133 1123/1315/1133
f 972/1316/1134 1122/1292/1134 1137/1312/1134
f 1116/1293/1135 1115/1288/1135 1130/1313/1135 1131/1317/1135
f 1109/1294/1136 1108/1290/1136 1123/1315/1136 1124/1318/1136
f 1117/1295/1137 1116/1293/1137 1131/1317/1137 1132/1319/1137
f 1110/1296/1138 1109/1294/1138 1124/1318/1138 1125/1320/1138
f 1118/1297/1139 1117/1295/1139 1132/1319/1139 1133/1304/1139
f 1111/1298/1140 1110/1296/1140 1125/1320/1140 1126/1306/1140
f 1123/1315/1141 965/1321/1141 1138/1322/1141
f 972/1323/1142 1137/1312/1142 1152/1324/1142
f 1131/1317/1143 1130/1313/1143 1145/1325/1143 1146/1326/1143
f 1124/1318/1144 1123/1315/1144 1138/1322/1144 1139/1327/1144
f 1132/1319/1145 1131/1317/1145 1146/1326/1145 1147/1328/1145
f 1125/1320/1146 1124/1318/1146 1139/1327/1146 1140/1329/1146
f 1133/1304/1147 1132/1319/1147 1147/1328/1147 1148/1330/1147
f 1126/1306/1148 1125/1320/1148 1140/1329/1148 1141/1331/1148
f 1134/1305/1149 1133/1304/1149 1148/1330/1149 1149/1332/1149
f 1127/1307/1150 1126/1306/1150 1141/1331/1150 1142/1333/1150
f 1135/1308/1151 1134/1305/1151 1149/1332/1151 1150/1334/1151
f 1128/1309/1152 1127/1307/1152 1142/1333/1152 1143/1335/1152
f 1136/1310/1153 1135/1308/1153 1150/1334/1153 1151/1336/1153
f 1129/1311/1154 1128/1309/1154 1143/1335/1154 1144/1337/1154
f 1137/1312/1155 1136/1310/1155 1151/1336/1155 1152/1324/1155
f 1130/1313/1156 1129/1311/1156 1144/1337/1156 1145/1325/1156
f 1142/1333/1157 1141/1331/1157 1156/1338/1157 1157/1339/1157
f 1150/1334/1158 1149/1332/1158 1164/1340/1158 1165/1341/1158
f 1143/1335/1159 1142/1333/1159 1157/1339/1159 1158/1342/1159
f 1151/1336/1160 1150/1334/1160 1165/1341/1160 1166/1343/1160
f 1144/1337/1161 1143/1335/1161 1158/1342/1161 1159/1344/1161
f 1152/1324/1162 1151/1336/1162 1166/1343/1162 1167/1345/1162
f 1145/1325/1163 1144/1337/1163 1159/1344/1163 1160/1346/1163
f 1138/1322/1164 965/1347/1164 1153/1348/1164
f 972/1349/1165 1152/1324/1165 1167/1345/1165
f 1146/1326/1166 1145/1325/1166 1160/1346/1166 1161/1350/1166
f 1139/1327/1167 1138/1322/1167 1153/1348/1167 1154/1351/1167
f 1147/1328/1168 1146/1326/1168 1161/1350/1168 1162/1352/1168
f 1140/1329/1169 1139/1327/1169 1154/1351/1169 1155/1353/1169
f 1148/1330/1170 1147/1328/1170 1162/1352/1170 1163/1354/1170
f 1141/1331/1171 1140/1329/1171 1155/1353/1171 1156/1338/1171
f 1149/1332/1172 1148/1330/1172 1163/1354/1172 1164/1340/1172
f 1161/1350/1173 1160/1346/1173 1175/1355/1173 1176/1356/1173
f 1154/1351/1174 1153/1348/1174 1168/1357/1174 1169/1358/1174
f 1162/1352/1175 1161/1350/1175 1176/1356/1175 1177/1359/1175
f 1155/1353/1176 1154/1351/1176 1169/1358/1176 1170/1360/1176
f 1163/1354/1177 1162/1352/1177 1177/1359/1177 1178/1361/1177
f 1156/1338/1178 1155/1353/1178 1170/1360/1178 1171/1362/1178
f 1164/1340/1179 1163/1354/1179 1178/1361/1179 1179/1363/1179
f 1157/1339/1180 1156/1338/1180 1171/1362/1180 1172/1364/1180
f 1165/1341/1181 1164/1340/1181 1179/1363/1181 1180/1365/1181
f 1158/1342/1182 1157/1339/1182 1172/1364/1182 1173/1366/1182
f 1166/1343/1183 1165/1341/1183 1180/1365/1183 1181/1367/1183
f 1159/1344/1184 1158/1342/1184 1173/1366/1184 1174/1368/1184
f 1167/1345/1185 1166/1343/1185 1181/1367/1185 1182/1369/1185
f 1160/1346/1186 1159/1344/1186 1174/1368/1186 1175/1355/1186
f 1153/1348/1187 965/1370/1187 1168/1357/1187
f 972/1371/1188 1167/1345/1188 1182/1369/1188
f 1180/1365/1189 1179/1363/1189 1194/1372/1189 1195/1373/1189
f 1173/1366/1190 1172/1364/1190 1187/1374/1190 1188/1375/1190
f 1181/1367/1191 1180/1365/1191 1195/1373/1191 1196/1376/1191
f 1174/1368/1192 1173/1366/1192 1188/1375/1192 1189/1377/1192
f 1182/1369/1193 1181/1367/1193 1196/1376/1193 1197/1378/1193
f 1175/1355/1194 1174/1368/1194 1189/1377/1194 1190/1379/1194
f 1168/1357/1195 965/1380/1195 1183/1381/1195
f 972/1382/1196 1182/1369/1196 1197/1378/1196
f 1176/1356/1197 1175/1355/1197 1190/1379/1197 1191/1383/1197
f 1169/1358/1198 1168/1357/1198 1183/1381/1198 1184/1384/1198
f 1177/1359/1199 1176/1356/1199 1191/1383/1199 1192/1385/1199
f 1170/1360/1200 1169/1358/1200 1184/1384/1200 1185/1386/1200
f 1178/1361/1201 1177/1359/1201 1192/1385/1201 1193/1387/1201
f 1171/1362/1202 1170/1360/1202 1185/1386/1202 1186/1388/1202
f 1179/1363/1203 1178/1361/1203 1193/1387/1203 1194/1372/1203
f 1172/1364/1204 1171/1362/1204 1186/1388/1204 1187/1374/1204
f 1192/1385/1205 1191/1383/1205 1206/1389/1205 1207/1390/1205
f 1185/1386/1206 1184/1384/1206 1199/1391/1206 1200/1392/1206
f 1193/1387/1207 1192/1385/1207 1207/1390/1207 1208/1393/1207
f 1186/1388/1208 1185/1386/1208 1200/1392/1208 1201/1394/1208
f 1194/1372/1209 1193/1387/1209 1208/1393/1209 1209/1395/1209
f 1187/1374/1210 1186/1388/1210 1201/1394/1210 1202/1396/1210
f 1195/1373/1211 1194/1372/1211 1209/1395/1211 1210/1397/1211
f 1188/1375/1212 1187/1374/1212 1202/1396/1212 1203/1398/1212
f 1196/1376/1213 1195/1373/1213 1210/1397/1213 1211/1399/1213
f 1189/1377/1214 1188/1375/1214 1203/1398/1214 1204/1400/1214
f 1197/1378/1215 1196/1376/1215 1211/1399/1215 1212/1401/1215
f 1190/1379/1216 1189/1377/1216 1204/1400/1216 1205/1402/1216
f 1183/1381/1217 965/1403/1217 1198/1404/1217
f 972/1405/1218 1197/1378/1218 1212/1401/1218
f 1191/1383/1219 1190/1379/1219 1205/1402/1219 1206/1389/1219
f 1184/1384/1220 1183/1381/1220 1198/1404/1220 1199/1391/1220
f 1211/1399/1221 1210/1397/1221 1225/1406/1221 1226/1407/1221
f 1204/1400/1222 1203/1398/1222 1218/1408/1222 1219/1409/1222
f 1212/1401/1223 1211/1399/1223 1226/1407/1223 1227/1410/1223
f 1205/1402/1224 1204/1400/1224 1219/1409/1224 1220/1411/1224
f 1198/1404/1225 965/1412/1225 1213/1413/1225
f 972/1414/1226 1212/1401/1226 1227/1410/1226
f 1206/1389/1227 1205/1402/1227 1220/1411/1227 1221/1415/1227
f 1199/1391/1228 1198/1404/1228 1213/1413/1228 1214/1416/1228
f 1207/1390/1229 1206/1389/1229 1221/1415/1229 1222/1417/1229
f 1200/1392/1230 1199/1391/1230 1214/1416/1230 1215/1418/1230
f 1208/1393/1231 1207/1390/1231 1222/1417/1231 1223/1419/1231
f 1201/1394/1232 1200/1392/1232 1215/1418/1232 1216/1420/1232
f 1209/1395/1233 1208/1393/1233 1223/1419/1233 1224/1421/1233
f 1202/1396/1234 1201/1394/1234 1216/1420/1234 1217/1422/1234
f 1210/1397/1235 1209/1395/1235 1224/1421/1235 1225/1406/1235
f 1203/1398/1236 1202/1396/1236 1217/1422/1236 1218/1408/1236
f 1215/1418/1237 1214/1416/1237 1229/1423/1237 1230/1424/1237
f 1223/1419/1238 1222/1417/1238 1237/1425/1238 1238/1426/1238
f 1216/1420/1239 1215/1418/1239 1230/1424/1239 1231/1427/1239
f 1224/1421/1240 1223/1419/1240 1238/1426/1240 1239/1428/1240
f 1217/1422/1241 1216/1420/1241 1231/1427/1241 1232/1429/1241
f 1225/1406/1242 1224/1421/1242 1239/1428/1242 1240/1430/1242
f 1218/1408/1243 1217/1422/1243 1232/1429/1243 1233/1431/1243
f 1226/1407/1244 1225/1406/1244 1240/1430/1244 1241/1432/1244
f 1219/1409/1245 1218/1408/1245 1233/1431/1245 1234/1433/1245
f 1227/1410/1246 1226/1407/1246 1241/1432/1246 1242/1434/1246
f 1220/1411/1247 1219/1409/1247 1234/1433/1247 1235/1435/1247
f 1213/1413/1248 965/1436/1248 1228/1437/1248
f 972/1438/1249 1227/1410/1249 1242/1434/1249
f 1221/1415/1250 1220/1411/1250 1235/1435/1250 1236/1439/1250
f 1214/1416/1251 1213/1413/1251 1228/1437/1251 1229/1423/1251
f 1222/1417/1252 1221/1415/1252 1236/1439/1252 1237/1425/1252
f 1234/1433/1253 1233/1431/1253 1248/1440/1253 1249/1441/1253
f 1242/1434/1254 1241/1432/1254 1256/1442/1254 1257/1443/1254
f 1235/1435/1255 1234/1433/1255 1249/1441/1255 1250/1444/1255
f 1228/1437/1256 965/1445/1256 1243/1446/1256
f 972/1447/1257 1242/1434/1257 1257/1443/1257
f 1236/1439/1258 1235/1435/1258 1250/1444/1258 1251/1448/1258
f 1229/1423/1259 1228/1437/1259 1243/1446/1259 1244/1449/1259
f 1237/1425/1260 1236/1439/1260 1251/1448/1260 1252/1450/1260
f 1230/1424/1261 1229/1423/1261 1244/1449/1261 1245/1451/1261
f 1238/1426/1262 1237/1425/1262 1252/1450/1262 1253/1452/1262
f 1231/1427/1263 1230/1424/1263 1245/1451/1263 1246/1453/1263
f 1239/1428/1264 1238/1426/1264 1253/1452/1264 1254/1454/1264
f 1232/1429/1265 1231/1427/1265 1246/1453/1265 1247/1455/1265
f 1240/1430/1266 1239/1428/1266 1254/1454/1266 1255/1456/1266
f 1233/1431/1267 1232/1429/1267 1247/1455/1267 1248/1440/1267
f 1241/1432/1268 1240/1430/1268 1255/1456/1268 1256/1442/1268
f 1253/1452/1269 1252/1450/1269 1267/1457/1269 1268/1458/1269
f 1246/1453/1270 1245/1451/1270 1260/1459/1270 1261/1460/1270
f 1254/1454/1271 1253/1452/1271 1268/1458/1271 1269/1461/1271
f 1247/1455/1272 1246/1453/1272 1261/1460/1272 1262/1462/1272
f 1255/1456/1273 1254/1454/1273 1269/1461/1273 1270/1463/1273
f 1248/1440/1274 1247/1455/1274 1262/1462/1274 1263/1464/1274
f 1256/1442/1275 1255/1456/1275 1270/1463/1275 1271/1465/1275
f 1249/1441/1276 1248/1440/1276 1263/1464/1276 1264/1466/1276
f 1257/1443/1277 1256/1442/1277 1271/1465/1277 1272/1467/1277
f 1250/1444/1278 1249/1441/1278 1264/1466/1278 1265/1468/1278
f 1243/1446/1279 965/1469/1279 1258/1470/1279
f 972/1471/1280 1257/1443/1280 1272/1467/1280
f 1251/1448/1281 1250/1444/1281 1265/1468/1281 1266/1472/1281
f 1244/1449/1282 1243/1446/1282 1258/1470/1282 1259/1473/1282
f 1252/1450/1283 1251/1448/1283 1266/1472/1283 1267/1457/1283
f 1245/1451/1284 1244/1449/1284 1259/1473/1284 1260/1459/1284
f 1272/1467/1285 1271/1465/1285 1286/1474/1285 1287/1475/1285
f 1265/1468/1286 1264/1466/1286 1279/1476/1286 1280/1477/1286
f 1258/1470/1287 965/1478/1287 1273/1479/1287
f 972/1480/1288 1272/1467/1288 1287/1475/1288
f 1266/1472/1289 1265/1468/1289 1280/1477/1289 1281/1481/1289
f 1259/1473/1290 1258/1470/1290 1273/1479/1290 1274/1482/1290
f 1267/1457/1291 1266/1472/1291 1281/1481/1291 1282/1483/1291
f 1260/1459/1292 1259/1473/1292 1274/1482/1292 1275/1484/1292
f 1268/1458/1293 1267/1457/1293 1282/1483/1293 1283/1485/1293
f 1261/1460/1294 1260/1459/1294 1275/1484/1294 1276/1486/1294
f 1269/1461/1295 1268/1458/1295 1283/1485/1295 1284/1487/1295
f 1262/1462/1296 1261/1460/1296 1276/1486/1296 1277/1488/1296
f 1270/1463/1297 1269/1461/1297 1284/1487/1297 1285/1489/1297
f 1263/1464/1298 1262/1462/1298 1277/1488/1298 1278/1490/1298
f 1271/1465/1299 1270/1463/1299 1285/1489/1299 1286/1474/1299
f 1264/1466/1300 1263/1464/1300 1278/1490/1300 1279/1476/1300
f 1276/1486/1301 1275/1484/1301 1290/1491/1301 1291/1492/1301
f 1284/1487/1302 1283/1485/1302 1298/1493/1302 1299/1494/1302
f 1277/1488/1303 1276/1486/1303 1291/1492/1303 1292/1495/1303
f 1285/1489/1304 1284/1487/1304 1299/1494/1304 1300/1496/1304
f 1278/1490/1305 1277/1488/1305 1292/1495/1305 1293/1497/1305
f 1286/1474/1306 1285/1489/1306 1300/1496/1306 1301/1498/1306
f 1279/1476/1307 1278/1490/1307 1293/1497/1307 1294/1499/1307
f 1287/1475/1308 1286/1474/1308 1301/1498/1308 1302/1500/1308
f 1280/1477/1309 1279/1476/1309 1294/1499/1309 1295/1501/1309
f 1273/1479/1310 965/1502/1310 1288/1503/1310
f 972/1504/1311 1287/1475/1311 1302/1500/1311
f 1281/1481/1312 1280/1477/1312 1295/1501/1312 1296/1505/1312
f 1274/1482/1313 1273/1479/1313 1288/1503/1313 1289/1506/1313
f 1282/1483/1314 1281/1481/1314 1296/1505/1314 1297/1507/1314
f 1275/1484/1315 1274/1482/1315 1289/1506/1315 1290/1491/1315
f 1283/1485/1316 1282/1483/1316 1297/1507/1316 1298/1493/1316
f 1295/1501/1317 1294/1499/1317 1309/1508/1317 1310/1509/1317
f 1288/1503/1318 965/1510/1318 1303/1511/1318
f 972/1512/1319 1302/1500/1319 1317/1513/1319
f 1296/1505/1320 1295/1501/1320 1310/1509/1320 1311/1514/1320
f 1289/1506/1321 1288/1503/1321 1303/1511/1321 1304/1515/1321
f 1297/1507/1322 1296/1505/1322 1311/1514/1322 1312/1516/1322
f 1290/1491/1323 1289/1506/1323 1304/1515/1323 1305/1517/1323
f 1298/1493/1324 1297/1507/1324 1312/1516/1324 1313/1518/1324
f 1291/1492/1325 1290/1491/1325 1305/1517/1325 1306/1519/1325
f 1299/1494/1326 1298/1493/1326 1313/1518/1326 1314/1520/1326
f 1292/1495/1327 1291/1492/1327 1306/1519/1327 1307/1521/1327
f 1300/1496/1328 1299/1494/1328 1314/1520/1328 1315/1522/1328
f 1293/1497/1329 1292/1495/1329 1307/1521/1329 1308/1523/1329
f 1301/1498/1330 1300/1496/1330 1315/1522/1330 1316/1524/1330
f 1294/1499/1331 1293/1497/1331 1308/1523/1331 1309/1508/1331
f 1302/1500/1332 1301/1498/1332 1316/1524/1332 1317/1513/1332
f 1314/1520/1333 1313/1518/1333 1328/1525/1333 1329/1526/1333
f 1307/1521/1334 1306/1519/1334 1321/1527/1334 1322/1528/1334
f 1315/1522/1335 1314/1520/1335 1329/1526/1335 1330/1529/1335
f 1308/1523/1336 1307/1521/1336 1322/1528/1336 1323/1530/1336
f 1316/1524/1337 1315/1522/1337 1330/1529/1337 1331/1531/1337
f 1309/1508/1338 1308/1523/1338 1323/1530/1338 1324/1532/1338
f 1317/1513/1339 1316/1524/1339 1331/1531/1339 1332/1533/1339
f 1310/1509/1340 1309/1508/1340 1324/1532/1340 1325/1534/1340
f 1303/1511/1341 965/1535/1341 1318/1536/1341
f 972/1537/1342 1317/1513/1342 1332/1533/1342
f 1311/1514/1343 1310/1509/1343 1325/1534/1343 1326/1538/1343
f 1304/1515/1344 1303/1511/1344 1318/1536/1344 1319/1539/1344
f 1312/1516/1345 1311/1514/1345 1326/1538/1345 1327/1540/1345
f 1305/1517/1346 1304/1515/1346 1319/1539/1346 1320/1541/1346
f 1313/1518/1347 1312/1516/1347 1327/1540/1347 1328/1525/1347
f 1306/1519/1348 1305/1517/1348 1320/1541/1348 1321/1527/1348
f 972/1542/1349 1332/1543/1349 1347/1544/1349
f 1326/1545/1350 1325/1546/1350 1340/1547/1350 1341/1548/1350
f 1319/1549/1351 1318/1550/1351 1333/1551/1351 1334/1552/1351
f 1327/1553/1352 1326/1545/1352 1341/1548/1352 1342/1554/1352
f 1320/1555/1353 1319/1549/1353 1334/1552/1353 1335/1556/1353
f 1328/1557/1354 1327/1553/1354 1342/1554/1354 1343/1558/1354
f 1321/1559/1355 1320/1555/1355 1335/1556/1355 1336/1560/1355
f 1329/1561/1356 1328/1557/1356 1343/1558/1356 1344/1562/1356
f 1322/1563/1357 1321/1559/1357 1336/1560/1357 1337/1564/1357
f 1330/1565/1358 1329/1561/1358 1344/1562/1358 1345/1566/1358
f 1323/1567/1359 1322/1563/1359 1337/1564/1359 1338/1568/1359
f 1331/1569/1360 1330/1565/1360 1345/1566/1360 1346/1570/1360
f 1324/1571/1361 1323/1567/1361 1338/1568/1361 1339/1572/1361
f 1332/1543/1362 1331/1569/1362 1346/1570/1362 1347/1544/1362
f 1325/1546/1363 1324/1571/1363 1339/1572/1363 1340/1547/1363
f 1318/1550/1364 965/1573/1364 1333/1551/1364
f 1345/1566/1365 1344/1562/1365 1359/1574/1365 1360/1575/1365
f 1338/1568/1366 1337/1564/1366 1352/1576/1366 1353/1577/1366
f 1346/1570/1367 1345/1566/1367 1360/1575/1367 1361/1578/1367
f 1339/1572/1368 1338/1568/1368 1353/1577/1368 1354/1579/1368
f 1347/1544/1369 1346/1570/1369 1361/1578/1369 1362/1580/1369
f 1340/1547/1370 1339/1572/1370 1354/1579/1370 1355/1581/1370
f 1333/1551/1371 965/1582/1371 1348/1583/1371
f 972/1584/1372 1347/1544/1372 1362/1580/1372
f 1341/1548/1373 1340/1547/1373 1355/1581/1373 1356/1585/1373
f 1334/1552/1374 1333/1551/1374 1348/1583/1374 1349/1586/1374
f 1342/1554/1375 1341/1548/1375 1356/1585/1375 1357/1587/1375
f 1335/1556/1376 1334/1552/1376 1349/1586/1376 1350/1588/1376
f 1343/1558/1377 1342/1554/1377 1357/1587/1377 1358/1589/1377
f 1336/1560/1378 1335/1556/1378 1350/1588/1378 1351/1590/1378
f 1344/1562/1379 1343/1558/1379 1358/1589/1379 1359/1574/1379
f 1337/1564/1380 1336/1560/1380 1351/1590/1380 1352/1576/1380
f 1349/1586/1381 1348/1583/1381 1363/1591/1381 1364/1592/1381
f 1357/1587/1382 1356/1585/1382 1371/1593/1382 1372/1594/1382
f 1350/1588/1383 1349/1586/1383 1364/1592/1383 1365/1595/1383
f 1358/1589/1384 1357/1587/1384 1372/1594/1384 1373/1596/1384
f 1351/1590/1385 1350/1588/1385 1365/1595/1385 1366/1597/1385
f 1359/1574/1386 1358/1589/1386 1373/1596/1386 1374/1598/1386
f 1352/1576/1387 1351/1590/1387 1366/1597/1387 1367/1599/1387
f 1360/1575/1388 1359/1574/1388 1374/1598/1388 1375/1600/1388
f 1353/1577/1389 1352/1576/1389 1367/1599/1389 1368/1601/1389
f 1361/1578/1390 1360/1575/1390 1375/1600/1390 1376/1602/1390
f 1354/1579/1391 1353/1577/1391 1368/1601/1391 1369/1603/1391
f 1362/1580/1392 1361/1578/1392 1376/1602/1392 1377/1604/1392
f 1355/1581/1393 1354/1579/1393 1369/1603/1393 1370/1605/1393
f 1348/1583/1394 965/1606/1394 1363/1591/1394
f 972/1607/1395 1362/1580/1395 1377/1604/1395
f 1356/1585/1396 1355/1581/1396 1370/1605/1396 1371/1593/1396
f 1368/1601/1397 1367/1599/1397 1382/1608/1397 1383/1609/1397
f 1376/1602/1398 1375/1600/1398 1390/1610/1398 1391/1611/1398
f 1369/1603/1399 1368/1601/1399 1383/1609/1399 1384/1612/1399
f 1377/1604/1400 1376/1602/1400 1391/1611/1400 1392/1613/1400
f 1370/1605/1401 1369/1603/1401 1384/1612/1401 1385/1614/1401
f 1363/1591/1402 965/1615/1402 1378/1616/1402
f 972/1617/1403 1377/1604/1403 1392/1613/1403
f 1371/1593/1404 1370/1605/1404 1385/1614/1404 1386/1618/1404
f 1364/1592/1405 1363/1591/1405 1378/1616/1405 1379/1619/1405
f 1372/1594/1406 1371/1593/1406 1386/1618/1406 1387/1620/1406
f 1365/1595/1407 1364/1592/1407 1379/1619/1407 1380/1621/1407
f 1373/1596/1408 1372/1594/1408 1387/1620/1408 1388/1622/1408
f 1366/1597/1409 1365/1595/1409 1380/1621/1409 1381/1623/1409
f 1374/1598/1410 1373/1596/1410 1388/1622/1410 1389/1624/1410
f 1367/1599/1411 1366/1597/1411 1381/1623/1411 1382/1608/1411
f 1375/1600/1412 1374/1598/1412 1389/1624/1412 1390/1610/1412
f 1387/1620/1413 1386/1618/1413 1401/1625/1413 1402/1626/1413
f 1380/1621/1414 1379/1619/1414 1394/1627/1414 1395/1628/1414
f 1388/1622/1415 1387/1620/1415 1402/1626/1415 1403/1629/1415
f 1381/1623/1416 1380/1621/1416 1395/1628/1416 1396/1630/1416
f 1389/1624/1417 1388/1622/1417 1403/1629/1417 1404/1631/1417
f 1382/1608/1418 1381/1623/1418 1396/1630/1418 1397/1632/1418
f 1390/1610/1419 1389/1624/1419 1404/1631/1419 1405/1633/1419
f 1383/1609/1420 1382/1608/1420 1397/1632/1420 1398/1634/1420
f 1391/1611/1421 1390/1610/1421 1405/1633/1421 1406/1635/1421
f 1384/1612/1422 1383/1609/1422 1398/1634/1422 1399/1636/1422
f 1392/1613/1423 1391/1611/1423 1406/1635/1423 1407/1637/1423
f 1385/1614/1424 1384/1612/1424 1399/1636/1424 1400/1638/1424
f 1378/1616/1425 965/1639/1425 1393/1640/1425
f 972/1641/1426 1392/1613/1426 1407/1637/1426
f 1386/1618/1427 1385/1614/1427 1400/1638/1427 1401/1625/1427
f 1379/1619/1428 1378/1616/1428 1393/1640/1428 1394/1627/1428
f 1406/1635/1429 1405/1633/1429 1420/1642/1429 1421/1643/1429
f 1399/1636/1430 1398/1634/1430 1413/1644/1430 1414/1645/1430
f 1407/1637/1431 1406/1635/1431 1421/1643/1431 1422/1646/1431
f 1400/1638/1432 1399/1636/1432 1414/1645/1432 1415/1647/1432
f 1393/1640/1433 965/1648/1433 1408/1649/1433
f 972/1650/1434 1407/1637/1434 1422/1646/1434
f 1401/1625/1435 1400/1638/1435 1415/1647/1435 1416/1651/1435
f 1394/1627/1436 1393/1640/1436 1408/1649/1436 1409/1652/1436
f 1402/1626/1437 1401/1625/1437 1416/1651/1437 1417/1653/1437
f 1395/1628/1438 1394/1627/1438 1409/1652/1438 1410/1654/1438
f 1403/1629/1439 1402/1626/1439 1417/1653/1439 1418/1655/1439
f 1396/1630/1440 1395/1628/1440 1410/1654/1440 1411/1656/1440
f 1404/1631/1441 1403/1629/1441 1418/1655/1441 1419/1657/1441
f 1397/1632/1442 1396/1630/1442 1411/1656/1442 1412/1658/1442
f 1405/1633/1443 1404/1631/1443 1419/1657/1443 1420/1642/1443
f 1398/1634/1444 1397/1632/1444 1412/1658/1444 1413/1644/1444
f 1410/1654/1445 1409/1652/1445 1424/1659/1445 1425/1660/1445
f 1418/1655/1446 1417/1653/1446 1432/1661/1446 1433/1662/1446
f 1411/1656/1447 1410/1654/1447 1425/1660/1447 1426/1663/1447
f 1419/1657/1448 1418/1655/1448 1433/1662/1448 1434/1664/1448
f 1412/1658/1449 1411/1656/1449 1426/1663/1449 1427/1665/1449
f 1420/1642/1450 1419/1657/1450 1434/1664/1450 1435/1666/1450
f 1413/1644/1451 1412/1658/1451 1427/1665/1451 1428/1667/1451
f 1421/1643/1452 1420/1642/1452 1435/1666/1452 1436/1668/1452
f 1414/1645/1453 1413/1644/1453 1428/1667/1453 1429/1669/1453
f 1422/1646/1454 1421/1643/1454 1436/1668/1454 1437/1670/1454
f 1415/1647/1455 1414/1645/1455 1429/1669/1455 1430/1671/1455
f 1408/1649/1456 965/1672/1456 1423/1673/1456
f 972/1674/1457 1422/1646/1457 1437/1670/1457
f 1416/1651/1458 1415/1647/1458 1430/1671/1458 1431/1675/1458
f 1409/1652/1459 1408/1649/1459 1423/1673/1459 1424/1659/1459
f 1417/1653/1460 1416/1651/1460 1431/1675/1460 1432/1661/1460
f 1429/1669/1461 1428/1667/1461 1441/1124/1461 968/1123/1461
f 1437/1670/1462 1436/1668/1462 1445/1119/1462 1446/1127/1462
f 1430/1671/1463 1429/1669/1463 968/1123/1463 969/1129/1463
f 1423/1673/1464 965/1676/1464 1438/1131/1464
f 972/1677/1465 1437/1670/1465 1446/1127/1465
f 1431/1675/1466 1430/1671/1466 969/1129/1466 970/1135/1466
f 1424/1659/1467 1423/1673/1467 1438/1131/1467 1439/1137/1467
f 1432/1661/1468 1431/1675/1468 970/1135/1468 1442/1139/1468
f 1425/1660/1469 1424/1659/1469 1439/1137/1469 966/1141/1469
f 1433/1662/1470 1432/1661/1470 1442/1139/1470 971/1143/1470
f 1426/1663/1471 1425/1660/1471 966/1141/1471 1440/1145/1471
f 1434/1664/1472 1433/1662/1472 971/1143/1472 1443/1147/1472
f 1427/1665/1473 1426/1663/1473 1440/1145/1473 967/1149/1473
f 1435/1666/1474 1434/1664/1474 1443/1147/1474 1444/1120/1474
f 1428/1667/1475 1427/1665/1475 967/1149/1475 1441/1124/1475
f 1436/1668/1476 1435/1666/1476 1444/1120/1476 1445/1119/1476
f 1927/1119/965 1926/1120/965 1467/1121/965 1468/1122/965
f 1450/1123/966 1923/1124/966 1460/1125/966 1461/1126/966
f 1928/1127/967 1927/1119/967 1468/1122/967 1469/1128/967
f 1451/1129/968 1450/1123/968 1461/1126/968 1462/1130/968
f 1920/1131/969 1447/1132/969 1455/1133/969
f 1454/1134/970 1928/1127/970 1469/1128/970
f 1452/1135/971 1451/1129/971 1462/1130/971 1463/1136/971
f 1921/1137/972 1920/1131/972 1455/1133/972 1456/1138/972
f 1924/1139/973 1452/1135/973 1463/1136/973 1464/1140/973
f 1448/1141/974 1921/1137/974 1456/1138/974 1457/1142/974
f 1453/1143/975 1924/1139/975 1464/1140/975 1465/1144/975
f 1922/1145/976 1448/1141/976 1457/1142/976 1458/1146/976
f 1925/1147/977 1453/1143/977 1465/1144/977 1466/1148/977
f 1449/1149/978 1922/1145/978 1458/1146/978 1459/1150/978
f 1926/1120/979 1925/1147/979 1466/1148/979 1467/1121/979
f 1923/1124/980 1449/1149/980 1459/1150/980 1460/1125/980
f 1467/1121/981 1466/1148/981 1481/1151/981 1482/1152/981
f 1460/1125/982 1459/1150/982 1474/1153/982 1475/1154/982
f 1468/1122/983 1467/1121/983 1482/1152/983 1483/1155/983
f 1461/1126/984 1460/1125/984 1475/1154/984 1476/1156/984
f 1469/1128/985 1468/1122/985 1483/1155/985 1484/1157/985
f 1462/1130/986 1461/1126/986 1476/1156/986 1477/1158/986
f 1455/1133/987 1447/1159/987 1470/1160/987
f 1454/1161/988 1469/1128/988 1484/1157/988
f 1463/1136/989 1462/1130/989 1477/1158/989 1478/1162/989
f 1456/1138/990 1455/1133/990 1470/1160/990 1471/1163/990
f 1464/1140/991 1463/1136/991 1478/1162/991 1479/1164/991
f 1457/1142/992 1456/1138/992 1471/1163/992 1472/1165/992
f 1465/1144/993 1464/1140/993 1479/1164/993 1480/1166/993
f 1458/1146/994 1457/1142/994 1472/1165/994 1473/1167/994
f 1466/1148/995 1465/1144/995 1480/1166/995 1481/1151/995
f 1459/1150/996 1458/1146/996 1473/1167/996 1474/1153/996
f 1471/1163/997 1470/1160/997 1485/1168/997 1486/1169/997
f 1479/1164/998 1478/1162/998 1493/1170/998 1494/1171/998
f 1472/1165/999 1471/1163/999 1486/1169/999 1487/1172/999
f 1480/1166/1000 1479/1164/1000 1494/1171/1000 1495/1173/1000
f 1473/1167/1001 1472/1165/1001 1487/1172/1001 1488/1174/1001
f 1481/1151/1002 1480/1166/1002 1495/1173/1002 1496/1175/1002
f 1474/1153/1003 1473/1167/1003 1488/1174/1003 1489/1176/1003
f 1482/1152/1004 1481/1151/1004 1496/1175/1004 1497/1177/1004
f 1475/1154/1005 1474/1153/1005 1489/1176/1005 1490/1178/1005
f 1483/1155/1006 1482/1152/1006 1497/1177/1006 1498/1179/1006
f 1476/1156/1007 1475/1154/1007 1490/1178/1007 1491/1180/1007
f 1484/1157/1008 1483/1155/1008 1498/1179/1008 1499/1181/1008
f 1477/1158/1009 1476/1156/1009 1491/1180/1009 1492/1182/1009
f 1470/1160/1010 1447/1183/1010 1485/1168/1010
f 1454/1184/1011 1484/1157/1011 1499/1181/1011
f 1478/1162/1012 1477/1158/1012 1492/1182/1012 1493/1170/1012
f 1490/1178/1013 1489/1176/1013 1504/1185/1013 1505/1186/1013
f 1498/1179/1014 1497/1177/1014 1512/1187/1014 1513/1188/1014
f 1491/1180/1015 1490/1178/1015 1505/1186/1015 1506/1189/1015
f 1499/1181/1016 1498/1179/1016 1513/1188/1016 1514/1190/1016
f 1492/1182/1017 1491/1180/1017 1506/1189/1017 1507/1191/1017
f 1485/1168/1018 1447/1192/1018 1500/1193/1018
f 1454/1194/1019 1499/1181/1019 1514/1190/1019
f 1493/1170/1020 1492/1182/1020 1507/1191/1020 1508/1195/1020
f 1486/1169/1021 1485/1168/1021 1500/1193/1021 1501/1196/1021
f 1494/1171/1022 1493/1170/1022 1508/1195/1022 1509/1197/1022
f 1487/1172/1023 1486/1169/1023 1501/1196/1023 1502/1198/1023
f 1495/1173/1024 1494/1171/1024 1509/1197/1024 1510/1199/1024
f 1488/1174/1025 1487/1172/1025 1502/1198/1025 1503/1200/1025
f 1496/1175/1026 1495/1173/1026 1510/1199/1026 1511/1201/1026
f 1489/1176/1027 1488/1174/1027 1503/1200/1027 1504/1185/1027
f 1497/1177/1028 1496/1175/1028 1511/1201/1028 1512/1187/1028
f 1509/1197/1029 1508/1195/1029 1523/1202/1029 1524/1203/1029
f 1502/1198/1030 1501/1196/1030 1516/1204/1030 1517/1205/1030
f 1510/1199/1031 1509/1197/1031 1524/1203/1031 1525/1206/1031
f 1503/1200/1032 1502/1198/1032 1517/1205/1032 1518/1207/1032
f 1511/1201/1033 1510/1199/1033 1525/1206/1033 1526/1208/1033
f 1504/1185/1034 1503/1200/1034 1518/1207/1034 1519/1209/1034
f 1512/1187/1035 1511/1201/1035 1526/1208/1035 1527/1210/1035
f 1505/1186/1036 1504/1185/1036 1519/1209/1036 1520/1211/1036
f 1513/1188/1037 1512/1187/1037 1527/1210/1037 1528/1212/1037
f 1506/1189/1038 1505/1186/1038 1520/1211/1038 1521/1213/1038
f 1514/1190/1039 1513/1188/1039 1528/1212/1039 1529/1214/1039
f 1507/1191/1040 1506/1189/1040 1521/1213/1040 1522/1215/1040
f 1500/1193/1041 1447/1216/1041 1515/1217/1041
f 1454/1218/1042 1514/1190/1042 1529/1214/1042
f 1508/1195/1043 1507/1191/1043 1522/1215/1043 1523/1202/1043
f 1501/1196/1044 1500/1193/1044 1515/1217/1044 1516/1204/1044
f 1528/1212/1045 1527/1210/1045 1542/1219/1045 1543/1220/1045
f 1521/1213/1046 1520/1211/1046 1535/1221/1046 1536/1222/1046
f 1529/1214/1047 1528/1212/1047 1543/1220/1047 1544/1223/1047
f 1522/1215/1048 1521/1213/1048 1536/1222/1048 1537/1224/1048
f 1515/1217/1049 1447/1225/1049 1530/1226/1049
f 1454/1227/1050 1529/1214/1050 1544/1223/1050
f 1523/1202/1051 1522/1215/1051 1537/1224/1051 1538/1228/1051
f 1516/1204/1052 1515/1217/1052 1530/1226/1052 1531/1229/1052
f 1524/1203/1053 1523/1202/1053 1538/1228/1053 1539/1230/1053
f 1517/1205/1054 1516/1204/1054 1531/1229/1054 1532/1231/1054
f 1525/1206/1055 1524/1203/1055 1539/1230/1055 1540/1232/1055
f 1518/1207/1056 1517/1205/1056 1532/1231/1056 1533/1233/1056
f 1526/1208/1057 1525/1206/1057 1540/1232/1057 1541/1234/1057
f 1519/1209/1058 1518/1207/1058 1533/1233/1058 1534/1235/1058
f 1527/1210/1059 1526/1208/1059 1541/1234/1059 1542/1219/1059
f 1520/1211/1060 1519/1209/1060 1534/1235/1060 1535/1221/1060
f 1540/1232/1061 1539/1230/1061 1554/1236/1061 1555/1237/1061
f 1533/1233/1062 1532/1231/1062 1547/1238/1062 1548/1239/1062
f 1541/1234/1063 1540/1232/1063 1555/1237/1063 1556/1240/1063
f 1534/1235/1064 1533/1233/1064 1548/1239/1064 1549/1241/1064
f 1542/1219/1065 1541/1234/1065 1556/1240/1065 1557/1242/1065
f 1535/1221/1066 1534/1235/1066 1549/1241/1066 1550/1243/1066
f 1543/1220/1067 1542/1219/1067 1557/1242/1067 1558/1244/1067
f 1536/1222/1068 1535/1221/1068 1550/1243/1068 1551/1245/1068
f 1544/1223/1069 1543/1220/1069 1558/1244/1069 1559/1246/1069
f 1537/1224/1070 1536/1222/1070 1551/1245/1070 1552/1247/1070
f 1530/1226/1071 1447/1248/1071 1545/1249/1071
f 1454/1250/1072 1544/1223/1072 1559/1246/1072
f 1538/1228/1073 1537/1224/1073 1552/1247/1073 1553/1251/1073
f 1531/1229/1074 1530/1226/1074 1545/1249/1074 1546/1252/1074
f 1539/1230/1075 1538/1228/1075 1553/1251/1075 1554/1236/1075
f 1532/1231/1076 1531/1229/1076 1546/1252/1076 1547/1238/1076
f 1559/1246/1077 1558/1244/1077 1573/1253/1077 1574/1254/1077
f 1552/1247/1078 1551/1245/1078 1566/1255/1078 1567/1256/1078
f 1545/1249/1079 1447/1257/1079 1560/1258/1079
f 1454/1259/1080 1559/1246/1080 1574/1254/1080
f 1553/1251/1081 1552/1247/1081 1567/1256/1081 1568/1260/1081
f 1546/1252/1082 1545/1249/1082 1560/1258/1082 1561/1261/1082
f 1554/1236/1083 1553/1251/1083 1568/1260/1083 1569/1262/1083
f 1547/1238/1084 1546/1252/1084 1561/1261/1084 1562/1263/1084
f 1555/1237/1085 1554/1236/1085 1569/1262/1085 1570/1264/1085
f 1548/1239/1086 1547/1238/1086 1562/1263/1086 1563/1265/1086
f 1556/1240/1087 1555/1237/1087 1570/1264/1087 1571/1266/1087
f 1549/1241/1088 1548/1239/1088 1563/1265/1088 1564/1267/1088
f 1557/1242/1089 1556/1240/1089 1571/1266/1089 1572/1268/1089
f 1550/1243/1090 1549/1241/1090 1564/1267/1090 1565/1269/1090
f 1558/1244/1091 1557/1242/1091 1572/1268/1091 1573/1253/1091
f 1551/1245/1092 1550/1243/1092 1565/1269/1092 1566/1255/1092
f 1563/1265/1093 1562/1263/1093 1577/1270/1093 1578/1271/1093
f 1571/1266/1094 1570/1264/1094 1585/1272/1094 1586/1273/1094
f 1564/1267/1095 1563/1265/1095 1578/1271/1095 1579/1274/1095
f 1572/1268/1096 1571/1266/1096 1586/1273/1096 1587/1275/1096
f 1565/1269/1097 1564/1267/1097 1579/1274/1097 1580/1276/1097
f 1573/1253/1098 1572/1268/1098 1587/1275/1098 1588/1277/1098
f 1566/1255/1099 1565/1269/1099 1580/1276/1099 1581/1278/1099
f 1574/1254/1100 1573/1253/1100 1588/1277/1100 1589/1279/1100
f 1567/1256/1101 1566/1255/1101 1581/1278/1101 1582/1280/1101
f 1560/1258/1102 1447/1281/1102 1575/1282/1102
f 1454/1283/1103 1574/1254/1103 1589/1279/1103
f 1568/1260/1104 1567/1256/1104 1582/1280/1104 1583/1284/1104
f 1561/1261/1105 1560/1258/1105 1575/1282/1105 1576/1285/1105
f 1569/1262/1106 1568/1260/1106 1583/1284/1106 1584/1286/1106
f 1562/1263/1107 1561/1261/1107 1576/1285/1107 1577/1270/1107
f 1570/1264/1108 1569/1262/1108 1584/1286/1108 1585/1272/1108
f 1582/1280/1109 1581/1278/1109 1596/1287/1109 1597/1288/1109
f 1575/1282/1110 1447/1289/1110 1590/1290/1110
f 1454/1291/1111 1589/1279/1111 1604/1292/1111
f 1583/1284/1112 1582/1280/1112 1597/1288/1112 1598/1293/1112
f 1576/1285/1113 1575/1282/1113 1590/1290/1113 1591/1294/1113
f 1584/1286/1114 1583/1284/1114 1598/1293/1114 1599/1295/1114
f 1577/1270/1115 1576/1285/1115 1591/1294/1115 1592/1296/1115
f 1585/1272/1116 1584/1286/1116 1599/1295/1116 1600/1297/1116
f 1578/1271/1117 1577/1270/1117 1592/1296/1117 1593/1298/1117
f 1586/1273/1118 1585/1272/1118 1600/1297/1118 1601/1299/1118
f 1579/1274/1119 1578/1271/1119 1593/1298/1119 1594/1300/1119
f 1587/1275/1120 1586/1273/1120 1601/1299/1120 1602/1301/1120
f 1580/1276/1121 1579/1274/1121 1594/1300/1121 1595/1302/1121
f 1588/1277/1122 1587/1275/1122 1602/1301/1122 1603/1303/1122
f 1581/1278/1123 1580/1276/1123 1595/1302/1123 1596/1287/1123
f 1589/1279/1124 1588/1277/1124 1603/1303/1124 1604/1292/1124
f 1601/1299/1125 1600/1297/1125 1615/1304/1125 1616/1305/1125
f 1594/1300/1126 1593/1298/1126 1608/1306/1126 1609/1307/1126
f 1602/1301/1127 1601/1299/1127 1616/1305/1127 1617/1308/1127
f 1595/1302/1128 1594/1300/1128 1609/1307/1128 1610/1309/1128
f 1603/1303/1129 1602/1301/1129 1617/1308/1129 1618/1310/1129
f 1596/1287/1130 1595/1302/1130 1610/1309/1130 1611/1311/1130
f 1604/1292/1131 1603/1303/1131 1618/1310/1131 1619/1312/1131
f 1597/1288/1132 1596/1287/1132 1611/1311/1132 1612/1313/1132
f 1590/1290/1133 1447/1314/1133 1605/1315/1133
f 1454/1316/1134 1604/1292/1134 1619/1312/1134
f 1598/1293/1135 1597/1288/1135 1612/1313/1135 1613/1317/1135
f 1591/1294/1136 1590/1290/1136 1605/1315/1136 1606/1318/1136
f 1599/1295/1137 1598/1293/1137 1613/1317/1137 1614/1319/1137
f 1592/1296/1138 1591/1294/1138 1606/1318/1138 1607/1320/1138
f 1600/1297/1139 1599/1295/1139 1614/1319/1139 1615/1304/1139
f 1593/1298/1140 1592/1296/1140 1607/1320/1140 1608/1306/1140
f 1605/1315/1141 1447/1321/1141 1620/1322/1141
f 1454/1323/1142 1619/1312/1142 1634/1324/1142
f 1613/1317/1143 1612/1313/1143 1627/1325/1143 1628/1326/1143
f 1606/1318/1144 1605/1315/1144 1620/1322/1144 1621/1327/1144
f 1614/1319/1145 1613/1317/1145 1628/1326/1145 1629/1328/1145
f 1607/1320/1146 1606/1318/1146 1621/1327/1146 1622/1329/1146
f 1615/1304/1147 1614/1319/1147 1629/1328/1147 1630/1330/1147
f 1608/1306/1148 1607/1320/1148 1622/1329/1148 1623/1331/1148
f 1616/1305/1149 1615/1304/1149 1630/1330/1149 1631/1332/1149
f 1609/1307/1150 1608/1306/1150 1623/1331/1150 1624/1333/1150
f 1617/1308/1151 1616/1305/1151 1631/1332/1151 1632/1334/1151
f 1610/1309/1152 1609/1307/1152 1624/1333/1152 1625/1335/1152
f 1618/1310/1153 1617/1308/1153 1632/1334/1153 1633/1336/1153
f 1611/1311/1154 1610/1309/1154 1625/1335/1154 1626/1337/1154
f 1619/1312/1155 1618/1310/1155 1633/1336/1155 1634/1324/1155
f 1612/1313/1156 1611/1311/1156 1626/1337/1156 1627/1325/1156
f 1624/1333/1157 1623/1331/1157 1638/1338/1157 1639/1339/1157
f 1632/1334/1158 1631/1332/1158 1646/1340/1158 1647/1341/1158
f 1625/1335/1159 1624/1333/1159 1639/1339/1159 1640/1342/1159
f 1633/1336/1160 1632/1334/1160 1647/1341/1160 1648/1343/1160
f 1626/1337/1161 1625/1335/1161 1640/1342/1161 1641/1344/1161
f 1634/1324/1162 1633/1336/1162 1648/1343/1162 1649/1345/1162
f 1627/1325/1163 1626/1337/1163 1641/1344/1163 1642/1346/1163
f 1620/1322/1164 1447/1347/1164 1635/1348/1164
f 1454/1349/1165 1634/1324/1165 1649/1345/1165
f 1628/1326/1166 1627/1325/1166 1642/1346/1166 1643/1350/1166
f 1621/1327/1167 1620/1322/1167 1635/1348/1167 1636/1351/1167
f 1629/1328/1168 1628/1326/1168 1643/1350/1168 1644/1352/1168
f 1622/1329/1169 1621/1327/1169 1636/1351/1169 1637/1353/1169
f 1630/1330/1170 1629/1328/1170 1644/1352/1170 1645/1354/1170
f 1623/1331/1171 1622/1329/1171 1637/1353/1171 1638/1338/1171
f 1631/1332/1172 1630/1330/1172 1645/1354/1172 1646/1340/1172
f 1643/1350/1173 1642/1346/1173 1657/1355/1173 1658/1356/1173
f 1636/1351/1174 1635/1348/1174 1650/1357/1174 1651/1358/1174
f 1644/1352/1175 1643/1350/1175 1658/1356/1175 1659/1359/1175
f 1637/1353/1176 1636/1351/1176 1651/1358/1176 1652/1360/1176
f 1645/1354/1177 1644/1352/1177 1659/1359/1177 1660/1361/1177
f 1638/1338/1178 1637/1353/1178 1652/1360/1178 1653/1362/1178
f 1646/1340/1179 1645/1354/1179 1660/1361/1179 1661/1363/1179
f 1639/1339/1180 1638/1338/1180 1653/1362/1180 1654/1364/1180
f 1647/1341/1181 1646/1340/1181 1661/1363/1181 1662/1365/1181
f 1640/1342/1182 1639/1339/1182 1654/1364/1182 1655/1366/1182
f 1648/1343/1183 1647/1341/1183 1662/1365/1183 1663/1367/1183
f 1641/1344/1184 1640/1342/1184 1655/1366/1184 1656/1368/1184
f 1649/1345/1185 1648/1343/1185 1663/1367/1185 1664/1369/1185
f 1642/1346/1186 1641/1344/1186 1656/1368/1186 1657/1355/1186
f 1635/1348/1187 1447/1370/1187 1650/1357/1187
f 1454/1371/1188 1649/1345/1188 1664/1369/1188
f 1662/1365/1189 1661/1363/1189 1676/1372/1189 1677/1373/1189
f 1655/1366/1190 1654/1364/1190 1669/1374/1190 1670/1375/1190
f 1663/1367/1191 1662/1365/1191 1677/1373/1191 1678/1376/1191
f 1656/1368/1192 1655/1366/1192 1670/1375/1192 1671/1377/1192
f 1664/1369/1193 1663/1367/1193 1678/1376/1193 1679/1378/1193
f 1657/1355/1194 1656/1368/1194 1671/1377/1194 1672/1379/1194
f 1650/1357/1195 1447/1380/1195 1665/1381/1195
f 1454/1382/1196 1664/1369/1196 1679/1378/1196
f 1658/1356/1197 1657/1355/1197 1672/1379/1197 1673/1383/1197
f 1651/1358/1198 1650/1357/1198 1665/1381/1198 1666/1384/1198
f 1659/1359/1199 1658/1356/1199 1673/1383/1199 1674/1385/1199
f 1652/1360/1200 1651/1358/1200 1666/1384/1200 1667/1386/1200
f 1660/1361/1201 1659/1359/1201 1674/1385/1201 1675/1387/1201
f 1653/1362/1202 1652/1360/1202 1667/1386/1202 1668/1388/1202
f 1661/1363/1203 1660/1361/1203 1675/1387/1203 1676/1372/1203
f 1654/1364/1204 1653/1362/1204 1668/1388/1204 1669/1374/1204
f 1674/1385/1205 1673/1383/1205 1688/1389/1205 1689/1390/1205
f 1667/1386/1206 1666/1384/1206 1681/1391/1206 1682/1392/1206
f 1675/1387/1207 1674/1385/1207 1689/1390/1207 1690/1393/1207
f 1668/1388/1208 1667/1386/1208 1682/1392/1208 1683/1394/1208
f 1676/1372/1209 1675/1387/1209 1690/1393/1209 1691/1395/1209
f 1669/1374/1210 1668/1388/1210 1683/1394/1210 1684/1396/1210
f 1677/1373/1211 1676/1372/1211 1691/1395/1211 1692/1397/1211
f 1670/1375/1212 1669/1374/1212 1684/1396/1212 1685/1398/1212
f 1678/1376/1213 1677/1373/1213 1692/1397/1213 1693/1399/1213
f 1671/1377/1214 1670/1375/1214 1685/1398/1214 1686/1400/1214
f 1679/1378/1215 1678/1376/1215 1693/1399/1215 1694/1401/1215
f 1672/1379/1216 1671/1377/1216 1686/1400/1216 1687/1402/1216
f 1665/1381/1217 1447/1403/1217 1680/1404/1217
f 1454/1405/1218 1679/1378/1218 1694/1401/1218
f 1673/1383/1219 1672/1379/1219 1687/1402/1219 1688/1389/1219
f 1666/1384/1220 1665/1381/1220 1680/1404/1220 1681/1391/1220
f 1693/1399/1221 1692/1397/1221 1707/1406/1221 1708/1407/1221
f 1686/1400/1222 1685/1398/1222 1700/1408/1222 1701/1409/1222
f 1694/1401/1223 1693/1399/1223 1708/1407/1223 1709/1410/1223
f 1687/1402/1224 1686/1400/1224 1701/1409/1224 1702/1411/1224
f 1680/1404/1225 1447/1412/1225 1695/1413/1225
f 1454/1414/1226 1694/1401/1226 1709/1410/1226
f 1688/1389/1227 1687/1402/1227 1702/1411/1227 1703/1415/1227
f 1681/1391/1228 1680/1404/1228 1695/1413/1228 1696/1416/1228
f 1689/1390/1229 1688/1389/1229 1703/1415/1229 1704/1417/1229
f 1682/1392/1230 1681/1391/1230 1696/1416/1230 1697/1418/1230
f 1690/1393/1231 1689/1390/1231 1704/1417/1231 1705/1419/1231
f 1683/1394/1232 1682/1392/1232 1697/1418/1232 1698/1420/1232
f 1691/1395/1233 1690/1393/1233 1705/1419/1233 1706/1421/1233
f 1684/1396/1234 1683/1394/1234 1698/1420/1234 1699/1422/1234
f 1692/1397/1235 1691/1395/1235 1706/1421/1235 1707/1406/1235
f 1685/1398/1236 1684/1396/1236 1699/1422/1236 1700/1408/1236
f 1697/1418/1237 1696/1416/1237 1711/1423/1237 1712/1424/1237
f 1705/1419/1238 1704/1417/1238 1719/1425/1238 1720/1426/1238
f 1698/1420/1239 1697/1418/1239 1712/1424/1239 1713/1427/1239
f 1706/1421/1240 1705/1419/1240 1720/1426/1240 1721/1428/1240
f 1699/1422/1241 1698/1420/1241 1713/1427/1241 1714/1429/1241
f 1707/1406/1242 1706/1421/1242 1721/1428/1242 1722/1430/1242
f 1700/1408/1243 1699/1422/1243 1714/1429/1243 1715/1431/1243
f 1708/1407/1244 1707/1406/1244 1722/1430/1244 1723/1432/1244
f 1701/1409/1245 1700/1408/1245 1715/1431/1245 1716/1433/1245
f 1709/1410/1246 1708/1407/1246 1723/1432/1246 1724/1434/1246
f 1702/1411/1247 1701/1409/1247 1716/1433/1247 1717/1435/1247
f 1695/1413/1248 1447/1436/1248 1710/1437/1248
f 1454/1438/1249 1709/1410/1249 1724/1434/1249
f 1703/1415/1250 1702/1411/1250 1717/1435/1250 1718/1439/1250
f 1696/1416/1251 1695/1413/1251 1710/1437/1251 1711/1423/1251
f 1704/1417/1252 1703/1415/1252 1718/1439/1252 1719/1425/1252
f 1716/1433/1253 1715/1431/1253 1730/1440/1253 1731/1441/1253
f 1724/1434/1254 1723/1432/1254 1738/1442/1254 1739/1443/1254
f 1717/1435/1477 1716/1433/1477 1731/1441/1477 1732/1444/1477
f 1710/1437/1256 1447/1445/1256 1725/1446/1256
f 1454/1447/1257 1724/1434/1257 1739/1443/1257
f 1718/1439/1478 1717/1435/1478 1732/1444/1478 1733/1448/1478
f 1711/1423/1259 1710/1437/1259 1725/1446/1259 1726/1449/1259
f 1719/1425/1260 1718/1439/1260 1733/1448/1260 1734/1450/1260
f 1712/1424/1261 1711/1423/1261 1726/1449/1261 1727/1451/1261
f 1720/1426/1262 1719/1425/1262 1734/1450/1262 1735/1452/1262
f 1713/1427/1263 1712/1424/1263 1727/1451/1263 1728/1453/1263
f 1721/1428/1264 1720/1426/1264 1735/1452/1264 1736/1454/1264
f 1714/1429/1265 1713/1427/1265 1728/1453/1265 1729/1455/1265
f 1722/1430/1266 1721/1428/1266 1736/1454/1266 1737/1456/1266
f 1715/1431/1267 1714/1429/1267 1729/1455/1267 1730/1440/1267
f 1723/1432/1268 1722/1430/1268 1737/1456/1268 1738/1442/1268
f 1735/1452/1269 1734/1450/1269 1749/1457/1269 1750/1458/1269
f 1728/1453/1270 1727/1451/1270 1742/1459/1270 1743/1460/1270
f 1736/1454/1271 1735/1452/1271 1750/1458/1271 1751/1461/1271
f 1729/1455/1272 1728/1453/1272 1743/1460/1272 1744/1462/1272
f 1737/1456/1273 1736/1454/1273 1751/1461/1273 1752/1463/1273
f 1730/1440/1274 1729/1455/1274 1744/1462/1274 1745/1464/1274
f 1738/1442/1275 1737/1456/1275 1752/1463/1275 1753/1465/1275
f 1731/1441/1276 1730/1440/1276 1745/1464/1276 1746/1466/1276
f 1739/1443/1277 1738/1442/1277 1753/1465/1277 1754/1467/1277
f 1732/1444/1278 1731/1441/1278 1746/1466/1278 1747/1468/1278
f 1725/1446/1279 1447/1469/1279 1740/1470/1279
f 1454/1471/1280 1739/1443/1280 1754/1467/1280
f 1733/1448/1281 1732/1444/1281 1747/1468/1281 1748/1472/1281
f 1726/1449/1282 1725/1446/1282 1740/1470/1282 1741/1473/1282
f 1734/1450/1283 1733/1448/1283 1748/1472/1283 1749/1457/1283
f 1727/1451/1284 1726/1449/1284 1741/1473/1284 1742/1459/1284
f 1754/1467/1285 1753/1465/1285 1768/1474/1285 1769/1475/1285
f 1747/1468/1286 1746/1466/1286 1761/1476/1286 1762/1477/1286
f 1740/1470/1287 1447/1478/1287 1755/1479/1287
f 1454/1480/1288 1754/1467/1288 1769/1475/1288
f 1748/1472/1289 1747/1468/1289 1762/1477/1289 1763/1481/1289
f 1741/1473/1290 1740/1470/1290 1755/1479/1290 1756/1482/1290
f 1749/1457/1291 1748/1472/1291 1763/1481/1291 1764/1483/1291
f 1742/1459/1292 1741/1473/1292 1756/1482/1292 1757/1484/1292
f 1750/1458/1293 1749/1457/1293 1764/1483/1293 1765/1485/1293
f 1743/1460/1294 1742/1459/1294 1757/1484/1294 1758/1486/1294
f 1751/1461/1295 1750/1458/1295 1765/1485/1295 1766/1487/1295
f 1744/1462/1296 1743/1460/1296 1758/1486/1296 1759/1488/1296
f 1752/1463/1297 1751/1461/1297 1766/1487/1297 1767/1489/1297
f 1745/1464/1298 1744/1462/1298 1759/1488/1298 1760/1490/1298
f 1753/1465/1299 1752/1463/1299 1767/1489/1299 1768/1474/1299
f 1746/1466/1300 1745/1464/1300 1760/1490/1300 1761/1476/1300
f 1758/1486/1301 1757/1484/1301 1772/1491/1301 1773/1492/1301
f 1766/1487/1302 1765/1485/1302 1780/1493/1302 1781/1494/1302
f 1759/1488/1303 1758/1486/1303 1773/1492/1303 1774/1495/1303
f 1767/1489/1304 1766/1487/1304 1781/1494/1304 1782/1496/1304
f 1760/1490/1305 1759/1488/1305 1774/1495/1305 1775/1497/1305
f 1768/1474/1306 1767/1489/1306 1782/1496/1306 1783/1498/1306
f 1761/1476/1307 1760/1490/1307 1775/1497/1307 1776/1499/1307
f 1769/1475/1308 1768/1474/1308 1783/1498/1308 1784/1500/1308
f 1762/1477/1309 1761/1476/1309 1776/1499/1309 1777/1501/1309
f 1755/1479/1310 1447/1502/1310 1770/1503/1310
f 1454/1504/1311 1769/1475/1311 1784/1500/1311
f 1763/1481/1312 1762/1477/1312 1777/1501/1312 1778/1505/1312
f 1756/1482/1313 1755/1479/1313 1770/1503/1313 1771/1506/1313
f 1764/1483/1314 1763/1481/1314 1778/1505/1314 1779/1507/1314
f 1757/1484/1315 1756/1482/1315 1771/1506/1315 1772/1491/1315
f 1765/1485/1316 1764/1483/1316 1779/1507/1316 1780/1493/1316
f 1777/1501/1317 1776/1499/1317 1791/1508/1317 1792/1509/1317
f 1770/1503/1318 1447/1510/1318 1785/1511/1318
f 1454/1512/1319 1784/1500/1319 1799/1513/1319
f 1778/1505/1320 1777/1501/1320 1792/1509/1320 1793/1514/1320
f 1771/1506/1321 1770/1503/1321 1785/1511/1321 1786/1515/1321
f 1779/1507/1322 1778/1505/1322 1793/1514/1322 1794/1516/1322
f 1772/1491/1323 1771/1506/1323 1786/1515/1323 1787/1517/1323
f 1780/1493/1324 1779/1507/1324 1794/1516/1324 1795/1518/1324
f 1773/1492/1325 1772/1491/1325 1787/1517/1325 1788/1519/1325
f 1781/1494/1326 1780/1493/1326 1795/1518/1326 1796/1520/1326
f 1774/1495/1327 1773/1492/1327 1788/1519/1327 1789/1521/1327
f 1782/1496/1328 1781/1494/1328 1796/1520/1328 1797/1522/1328
f 1775/1497/1329 1774/1495/1329 1789/1521/1329 1790/1523/1329
f 1783/1498/1330 1782/1496/1330 1797/1522/1330 1798/1524/1330
f 1776/1499/1331 1775/1497/1331 1790/1523/1331 1791/1508/1331
f 1784/1500/1332 1783/1498/1332 1798/1524/1332 1799/1513/1332
f 1796/1520/1333 1795/1518/1333 1810/1525/1333 1811/1526/1333
f 1789/1521/1334 1788/1519/1334 1803/1527/1334 1804/1528/1334
f 1797/1522/1335 1796/1520/1335 1811/1526/1335 1812/1529/1335
f 1790/1523/1336 1789/1521/1336 1804/1528/1336 1805/1530/1336
f 1798/1524/1337 1797/1522/1337 1812/1529/1337 1813/1531/1337
f 1791/1508/1338 1790/1523/1338 1805/1530/1338 1806/1532/1338
f 1799/1513/1339 1798/1524/1339 1813/1531/1339 1814/1533/1339
f 1792/1509/1340 1791/1508/1340 1806/1532/1340 1807/1534/1340
f 1785/1511/1341 1447/1535/1341 1800/1536/1341
f 1454/1537/1342 1799/1513/1342 1814/1533/1342
f 1793/1514/1343 1792/1509/1343 1807/1534/1343 1808/1538/1343
f 1786/1515/1344 1785/1511/1344 1800/1536/1344 1801/1539/1344
f 1794/1516/1345 1793/1514/1345 1808/1538/1345 1809/1540/1345
f 1787/1517/1346 1786/1515/1346 1801/1539/1346 1802/1541/1346
f 1795/1518/1347 1794/1516/1347 1809/1540/1347 1810/1525/1347
f 1788/1519/1348 1787/1517/1348 1802/1541/1348 1803/1527/1348
f 1454/1542/1349 1814/1543/1349 1829/1544/1349
f 1808/1545/1350 1807/1546/1350 1822/1547/1350 1823/1548/1350
f 1801/1549/1351 1800/1550/1351 1815/1551/1351 1816/1552/1351
f 1809/1553/1352 1808/1545/1352 1823/1548/1352 1824/1554/1352
f 1802/1555/1353 1801/1549/1353 1816/1552/1353 1817/1556/1353
f 1810/1557/1354 1809/1553/1354 1824/1554/1354 1825/1558/1354
f 1803/1559/1355 1802/1555/1355 1817/1556/1355 1818/1560/1355
f 1811/1561/1356 1810/1557/1356 1825/1558/1356 1826/1562/1356
f 1804/1563/1357 1803/1559/1357 1818/1560/1357 1819/1564/1357
f 1812/1565/1358 1811/1561/1358 1826/1562/1358 1827/1566/1358
f 1805/1567/1359 1804/1563/1359 1819/1564/1359 1820/1568/1359
f 1813/1569/1360 1812/1565/1360 1827/1566/1360 1828/1570/1360
f 1806/1571/1361 1805/1567/1361 1820/1568/1361 1821/1572/1361
f 1814/1543/1362 1813/1569/1362 1828/1570/1362 1829/1544/1362
f 1807/1546/1363 1806/1571/1363 1821/1572/1363 1822/1547/1363
f 1800/1550/1364 1447/1573/1364 1815/1551/1364
f 1827/1566/1365 1826/1562/1365 1841/1574/1365 1842/1575/1365
f 1820/1568/1366 1819/1564/1366 1834/1576/1366 1835/1577/1366
f 1828/1570/1367 1827/1566/1367 1842/1575/1367 1843/1578/1367
f 1821/1572/1368 1820/1568/1368 1835/1577/1368 1836/1579/1368
f 1829/1544/1369 1828/1570/1369 1843/1578/1369 1844/1580/1369
f 1822/1547/1370 1821/1572/1370 1836/1579/1370 1837/1581/1370
f 1815/1551/1371 1447/1582/1371 1830/1583/1371
f 1454/1584/1372 1829/1544/1372 1844/1580/1372
f 1823/1548/1373 1822/1547/1373 1837/1581/1373 1838/1585/1373
f 1816/1552/1374 1815/1551/1374 1830/1583/1374 1831/1586/1374
f 1824/1554/1375 1823/1548/1375 1838/1585/1375 1839/1587/1375
f 1817/1556/1376 1816/1552/1376 1831/1586/1376 1832/1588/1376
f 1825/1558/1377 1824/1554/1377 1839/1587/1377 1840/1589/1377
f 1818/1560/1378 1817/1556/1378 1832/1588/1378 1833/1590/1378
f 1826/1562/1379 1825/1558/1379 1840/1589/1379 1841/1574/1379
f 1819/1564/1380 1818/1560/1380 1833/1590/1380 1834/1576/1380
f 1831/1586/1381 1830/1583/1381 1845/1591/1381 1846/1592/1381
f 1839/1587/1382 1838/1585/1382 1853/1593/1382 1854/1594/1382
f 1832/1588/1383 1831/1586/1383 1846/1592/1383 1847/1595/1383
f 1840/1589/1384 1839/1587/1384 1854/1594/1384 1855/1596/1384
f 1833/1590/1385 1832/1588/1385 1847/1595/1385 1848/1597/1385
f 1841/1574/1386 1840/1589/1386 1855/1596/1386 1856/1598/1386
f 1834/1576/1387 1833/1590/1387 1848/1597/1387 1849/1599/1387
f 1842/1575/1388 1841/1574/1388 1856/1598/1388 1857/1600/1388
f 1835/1577/1389 1834/1576/1389 1849/1599/1389 1850/1601/1389
f 1843/1578/1390 1842/1575/1390 1857/1600/1390 1858/1602/1390
f 1836/1579/1391 1835/1577/1391 1850/1601/1391 1851/1603/1391
f 1844/1580/1392 1843/1578/1392 1858/1602/1392 1859/1604/1392
f 1837/1581/1393 1836/1579/1393 1851/1603/1393 1852/1605/1393
f 1830/1583/1394 1447/1606/1394 1845/1591/1394
f 1454/1607/1395 1844/1580/1395 1859/1604/1395
f 1838/1585/1396 1837/1581/1396 1852/1605/1396 1853/1593/1396
f 1850/1601/1397 1849/1599/1397 1864/1608/1397 1865/1609/1397
f 1858/1602/1398 1857/1600/1398 1872/1610/1398 1873/1611/1398
f 1851/1603/1399 1850/1601/1399 1865/1609/1399 1866/1612/1399
f 1859/1604/1400 1858/1602/1400 1873/1611/1400 1874/1613/1400
f 1852/1605/1401 1851/1603/1401 1866/1612/1401 1867/1614/1401
f 1845/1591/1402 1447/1615/1402 1860/1616/1402
f 1454/1617/1403 1859/1604/1403 1874/1613/1403
f 1853/1593/1404 1852/1605/1404 1867/1614/1404 1868/1618/1404
f 1846/1592/1405 1845/1591/1405 1860/1616/1405 1861/1619/1405
f 1854/1594/1406 1853/1593/1406 1868/1618/1406 1869/1620/1406
f 1847/1595/1407 1846/1592/1407 1861/1619/1407 1862/1621/1407
f 1855/1596/1408 1854/1594/1408 1869/1620/1408 1870/1622/1408
f 1848/1597/1409 1847/1595/1409 1862/1621/1409 1863/1623/1409
f 1856/1598/1410 1855/1596/1410 1870/1622/1410 1871/1624/1410
f 1849/1599/1411 1848/1597/1411 1863/1623/1411 1864/1608/1411
f 1857/1600/1412 1856/1598/1412 1871/1624/1412 1872/1610/1412
f 1869/1620/1413 1868/1618/1413 1883/1625/1413 1884/1626/1413
f 1862/1621/1414 1861/1619/1414 1876/1627/1414 1877/1628/1414
f 1870/1622/1415 1869/1620/1415 1884/1626/1415 1885/1629/1415
f 1863/1623/1416 1862/1621/1416 1877/1628/1416 1878/1630/1416
f 1871/1624/1417 1870/1622/1417 1885/1629/1417 1886/1631/1417
f 1864/1608/1418 1863/1623/1418 1878/1630/1418 1879/1632/1418
f 1872/1610/1419 1871/1624/1419 1886/1631/1419 1887/1633/1419
f 1865/1609/1420 1864/1608/1420 1879/1632/1420 1880/1634/1420
f 1873/1611/1421 1872/1610/1421 1887/1633/1421 1888/1635/1421
f 1866/1612/1422 1865/1609/1422 1880/1634/1422 1881/1636/1422
f 1874/1613/1423 1873/1611/1423 1888/1635/1423 1889/1637/1423
f 1867/1614/1424 1866/1612/1424 1881/1636/1424 1882/1638/1424
f 1860/1616/1425 1447/1639/1425 1875/1640/1425
f 1454/1641/1426 1874/1613/1426 1889/1637/1426
f 1868/1618/1427 1867/1614/1427 1882/1638/1427 1883/1625/1427
f 1861/1619/1428 1860/1616/1428 1875/1640/1428 1876/1627/1428
f 1888/1635/1429 1887/1633/1429 1902/1642/1429 1903/1643/1429
f 1881/1636/1430 1880/1634/1430 1895/1644/1430 1896/1645/1430
f 1889/1637/1431 1888/1635/1431 1903/1643/1431 1904/1646/1431
f 1882/1638/1432 1881/1636/1432 1896/1645/1432 1897/1647/1432
f 1875/1640/1433 1447/1648/1433 1890/1649/1433
f 1454/1650/1434 1889/1637/1434 1904/1646/1434
f 1883/1625/1435 1882/1638/1435 1897/1647/1435 1898/1651/1435
f 1876/1627/1436 1875/1640/1436 1890/1649/1436 1891/1652/1436
f 1884/1626/1437 1883/1625/1437 1898/1651/1437 1899/1653/1437
f 1877/1628/1438 1876/1627/1438 1891/1652/1438 1892/1654/1438
f 1885/1629/1439 1884/1626/1439 1899/1653/1439 1900/1655/1439
f 1878/1630/1440 1877/1628/1440 1892/1654/1440 1893/1656/1440
f 1886/1631/1441 1885/1629/1441 1900/1655/1441 1901/1657/1441
f 1879/1632/1442 1878/1630/1442 1893/1656/1442 1894/1658/1442
f 1887/1633/1443 1886/1631/1443 1901/1657/1443 1902/1642/1443
f 1880/1634/1444 1879/1632/1444 1894/1658/1444 1895/1644/1444
f 1892/1654/1445 1891/1652/1445 1906/1659/1445 1907/1660/1445
f 1900/1655/1446 1899/1653/1446 1914/1661/1446 1915/1662/1446
f 1893/1656/1447 1892/1654/1447 1907/1660/1447 1908/1663/1447
f 1901/1657/1448 1900/1655/1448 1915/1662/1448 1916/1664/1448
f 1894/1658/1449 1893/1656/1449 1908/1663/1449 1909/1665/1449
f 1902/1642/1450 1901/1657/1450 1916/1664/1450 1917/1666/1450
f 1895/1644/1451 1894/1658/1451 1909/1665/1451 1910/1667/1451
f 1903/1643/1452 1902/1642/1452 1917/1666/1452 1918/1668/1452
f 1896/1645/1453 1895/1644/1453 1910/1667/1453 1911/1669/1453
f 1904/1646/1454 1903/1643/1454 1918/1668/1454 1919/1670/1454
f 1897/1647/1455 1896/1645/1455 1911/1669/1455 1912/1671/1455
f 1890/1649/1456 1447/1672/1456 1905/1673/1456
f 1454/1674/1457 1904/1646/1457 1919/1670/1457
f 1898/1651/1458 1897/1647/1458 1912/1671/1458 1913/1675/1458
f 1891/1652/1459 1890/1649/1459 1905/1673/1459 1906/1659/1459
f 1899/1653/1460 1898/1651/1460 1913/1675/1460 1914/1661/1460
f 1911/1669/1461 1910/1667/1461 1923/1124/1461 1450/1123/1461
f 1919/1670/1462 1918/1668/1462 1927/1119/1462 1928/1127/1462
f 1912/1671/1463 1911/1669/1463 1450/1123/1463 1451/1129/1463
f 1905/1673/1464 1447/1676/1464 1920/1131/1464
f 1454/1677/1465 1919/1670/1465 1928/1127/1465
f 1913/1675/1466 1912/1671/1466 1451/1129/1466 1452/1135/1466
f 1906/1659/1467 1905/1673/1467 1920/1131/1467 1921/1137/1467
f 1914/1661/1468 1913/1675/1468 1452/1135/1468 1924/1139/1468
f 1907/1660/1469 1906/1659/1469 1921/1137/1469 1448/1141/1469
f 1915/1662/1470 1914/1661/1470 1924/1139/1470 1453/1143/1470
f 1908/1663/1471 1907/1660/1471 1448/1141/1471 1922/1145/1471
f 1916/1664/1472 1915/1662/1472 1453/1143/1472 1925/1147/1472
f 1909/1665/1473 1908/1663/1473 1922/1145/1473 1449/1149/1473
f 1917/1666/1474 1916/1664/1474 1925/1147/1474 1926/1120/1474
f 1910/1667/1475 1909/1665/1475 1449/1149/1475 1923/1124/1475
f 1918/1668/1476 1917/1666/1476 1926/1120/1476 1927/1119/1476
o Sphere
v 0.525255 1.087476 0.146782
v 0.515868 1.074173 -0.015161
v 0.506459 1.059721 -0.095119
v 0.496151 1.043280 -0.137884
v 0.491151 1.035095 -0.143029
v 0.486513 1.027354 -0.136944
v 0.479013 1.014366 -0.092442
v 0.475853 1.005840 0.151602
v 0.532537 1.078692 0.090836
v 0.538589 1.068678 0.037132
v 0.543179 1.057817 -0.012265
v 0.546132 1.046527 -0.055457
v 0.547333 1.035242 -0.090785
v 0.546736 1.024396 -0.116891
v 0.544365 1.014405 -0.132771
v 0.540310 1.005654 -0.137816
v 0.534727 0.998479 -0.131831
v 0.527831 0.993155 -0.115046
v 0.519886 0.989887 -0.088107
v 0.511199 0.988801 -0.052049
v 0.502103 0.989939 -0.008257
v 0.492947 0.993256 0.041586
v 0.484084 0.998625 0.095564
v 0.541829 1.073256 0.094005
v 0.556816 1.058014 0.043348
v 0.569642 1.042336 -0.003241
v 0.579812 1.026823 -0.043972
v 0.586936 1.012073 -0.077280
v 0.590741 0.998652 -0.101885
v 0.591080 0.987076 -0.116841
v 0.587941 0.977789 -0.121574
v 0.581442 0.971150 -0.115901
v 0.571836 0.967411 -0.100041
v 0.559490 0.966719 -0.074602
v 0.544879 0.969098 -0.040564
v 0.528565 0.974458 0.000767
v 0.511175 0.982592 0.047801
v 0.493376 0.993189 0.098732
v 0.550466 1.068336 0.099203
v 0.573759 1.048364 0.053546
v 0.594238 1.028325 0.011564
v 0.611117 1.008991 -0.025130
v 0.623748 0.991105 -0.055124
v 0.631644 0.975354 -0.077266
v 0.634502 0.962342 -0.090705
v 0.632213 0.952571 -0.094926
v 0.624864 0.946416 -0.089765
v 0.612738 0.944113 -0.075421
v 0.596301 0.945750 -0.052446
v 0.576185 0.951266 -0.021721
v 0.553162 0.960447 0.015571
v 0.528117 0.972942 0.057999
v 0.502013 0.988269 0.103931
v 0.558116 1.064122 0.106232
v 0.588765 1.040097 0.067333
v 0.616024 1.016324 0.031580
v 0.638845 0.993716 0.000347
v 0.656352 0.973143 -0.025166
v 0.667872 0.955395 -0.043979
v 0.672962 0.941155 -0.055369
v 0.671426 0.930969 -0.058897
v 0.663324 0.925228 -0.054428
v 0.648966 0.924155 -0.042135
v 0.628906 0.927788 -0.022489
v 0.603912 0.935991 0.003755
v 0.574947 0.948446 0.035588
v 0.543123 0.964675 0.071787
v 0.509663 0.984055 0.110960
v 0.564485 1.060775 0.114821
v 0.601258 1.033531 0.084181
v 0.634161 1.006792 0.056040
v 0.661930 0.981584 0.031478
v 0.683497 0.958878 0.011440
v 0.698033 0.939545 -0.003305
v 0.704981 0.924328 -0.012189
v 0.704072 0.913812 -0.014871
v 0.695343 0.908401 -0.011249
v 0.679128 0.908304 -0.001460
v 0.656050 0.913523 0.014117
v 0.626997 0.923859 0.034886
v 0.593085 0.938914 0.060047
v 0.555616 0.958109 0.088634
v 0.516032 0.980707 0.119549
v 0.569328 1.058424 0.124640
v 0.610758 1.028919 0.103442
v 0.647953 1.000096 0.084002
v 0.679484 0.973063 0.067067
v 0.704138 0.948857 0.053288
v 0.720969 0.928411 0.043195
v 0.729329 0.912508 0.037175
v 0.728898 0.901761 0.035459
v 0.719691 0.896581 0.038115
v 0.702064 0.897170 0.045039
v 0.676692 0.903503 0.055966
v 0.644551 0.915337 0.070475
v 0.606877 0.932218 0.088010
v 0.565117 0.953497 0.107895
v 0.520875 0.978356 0.129368
v 0.572460 1.057159 0.135312
v 0.616901 1.026438 0.124375
v 0.656870 0.996495 0.114392
v 0.690833 0.968479 0.105747
v 0.717484 0.943467 0.098770
v 0.735797 0.922421 0.093732
v 0.745071 0.906149 0.090825
v 0.744948 0.895277 0.090161
v 0.735433 0.890223 0.091765
v 0.716892 0.891180 0.095576
v 0.690037 0.898112 0.101448
v 0.655900 0.910753 0.109155
v 0.615794 0.928617 0.118400
v 0.571259 0.951016 0.128828
v 0.524007 0.977091 0.140040
v 0.573759 1.057029 0.146426
v 0.619449 1.026183 0.146177
v 0.660570 0.996125 0.146043
v 0.695541 0.968008 0.146030
v 0.723020 0.942914 0.146139
v 0.741949 0.921806 0.146365
v 0.751602 0.905496 0.146700
v 0.751606 0.894612 0.147131
v 0.741964 0.889570 0.147640
v 0.723044 0.890565 0.148210
v 0.695573 0.897559 0.148817
v 0.660609 0.910282 0.149439
v 0.619493 0.928247 0.150051
v 0.573807 0.950762 0.150630
v 0.525306 0.976962 0.151154
v 0.573175 1.058039 0.157556
v 0.618305 1.028165 0.168009
v 0.658909 0.999001 0.177738
v 0.693427 0.971669 0.186370
v 0.720534 0.947218 0.193574
v 0.739187 0.926589 0.199072
v 0.748670 0.910574 0.202653
v 0.748617 0.899789 0.204180
v 0.739032 0.894648 0.203593
v 0.720282 0.895349 0.200916
v 0.693088 0.901864 0.196252
v 0.658495 0.913943 0.189778
v 0.617832 0.931123 0.181746
v 0.572663 0.952743 0.172462
v 0.524722 0.977972 0.162284
v 0.570732 1.060150 0.168274
v 0.613513 1.032306 0.189032
v 0.651952 1.005013 0.208259
v 0.684573 0.979321 0.225216
v 0.710122 0.956216 0.239251
v 0.727618 0.936587 0.249826
v 0.736388 0.921188 0.256533
v 0.736095 0.910611 0.259116
v 0.726750 0.905262 0.257474
v 0.708712 0.905346 0.251671
v 0.682676 0.910862 0.241929
v 0.649640 0.921595 0.228624
v 0.610875 0.937135 0.212266
v 0.567871 0.956884 0.193485
v 0.522279 0.980083 0.173001
v 0.566523 1.063282 0.178167
v 0.605256 1.038448 0.208438
v 0.639966 1.013930 0.236432
v 0.669318 0.990670 0.261074
v 0.692184 0.969561 0.281416
v 0.707686 0.951415 0.296677
v 0.715228 0.936929 0.306271
v 0.714520 0.926661 0.309827
v 0.705590 0.921003 0.307211
v 0.688781 0.920174 0.298522
v 0.664737 0.924206 0.284094
v 0.634385 0.932944 0.264483
v 0.598889 0.946052 0.240440
v 0.559615 0.963026 0.212891
v 0.518070 0.983214 0.182894
v 0.560710 1.067312 0.186856
v 0.593854 1.046355 0.225482
v 0.623412 1.025409 0.261177
v 0.648248 1.005279 0.292568
v 0.667409 0.986740 0.318449
v 0.680157 0.970504 0.337826
v 0.686004 0.957194 0.349953
v 0.684724 0.947322 0.354366
v 0.676366 0.941267 0.350894
v 0.661252 0.939263 0.339670
v 0.639962 0.941386 0.321127
v 0.613316 0.947554 0.295976
v 0.582335 0.957531 0.265185
v 0.548212 0.970933 0.229935
v 0.512257 0.987245 0.191583
v 0.553517 1.072088 0.194007
v 0.579743 1.055722 0.239509
v 0.602925 1.039008 0.281541
v 0.622174 1.022588 0.318486
v 0.636749 1.007093 0.348926
v 0.646090 0.993119 0.371689
v 0.649838 0.981202 0.385903
v 0.647850 0.971800 0.391020
v 0.640200 0.965275 0.386843
v 0.627185 0.961878 0.373534
v 0.609303 0.961739 0.351603
v 0.587241 0.964863 0.321894
v 0.561849 0.971130 0.285548
v 0.534101 0.980300 0.243962
v 0.505064 0.992020 0.198734
v 0.545219 1.077425 0.199345
v 0.563465 1.066191 0.249980
v 0.579294 1.054206 0.296741
v 0.592098 1.041932 0.337833
v 0.601383 1.029839 0.371675
v 0.606793 1.018392 0.396967
v 0.608121 1.008032 0.412738
v 0.605315 0.999156 0.418380
v 0.598483 0.992105 0.413678
v 0.587888 0.987151 0.398812
v 0.573936 0.984484 0.374353
v 0.557165 0.984206 0.341241
v 0.538218 0.986328 0.300749
v 0.517824 0.990769 0.254433
v 0.496765 0.997357 0.204072
v 0.536135 1.083118 0.202664
v 0.545647 1.077358 0.256491
v 0.553427 1.070418 0.306195
v 0.559174 1.062566 0.349865
v 0.562669 1.054102 0.385823
v 0.563777 1.045352 0.412688
v 0.562455 1.036652 0.429427
v 0.558754 1.028337 0.435396
v 0.552817 1.020725 0.430367
v 0.544871 1.014111 0.414532
v 0.535223 1.008747 0.388501
v 0.524242 1.004840 0.353273
v 0.512350 1.002540 0.310202
v 0.500006 1.001936 0.260944
v 0.487682 1.003050 0.207392
v 0.526615 1.088948 0.203838
v 0.526973 1.088794 0.258794
v 0.526316 1.087021 0.309538
v 0.524669 1.083697 0.354120
v 0.522096 1.078950 0.390826
v 0.518694 1.072962 0.418247
v 0.514595 1.065963 0.435328
v 0.509957 1.058222 0.441413
v 0.504958 1.050036 0.436268
v 0.499789 1.041721 0.420092
v 0.494649 1.033595 0.393504
v 0.489737 1.025972 0.357528
v 0.485240 1.019143 0.313545
v 0.481332 1.013372 0.263247
v 0.478162 1.008880 0.208565
v 0.517025 1.094691 0.202821
v 0.508161 1.100061 0.256799
v 0.499005 1.103378 0.306642
v 0.489909 1.104515 0.350434
v 0.481222 1.103429 0.386492
v 0.473278 1.100161 0.413431
v 0.466381 1.094837 0.430216
v 0.460799 1.087662 0.436200
v 0.456744 1.078911 0.431156
v 0.454372 1.068920 0.415276
v 0.453775 1.058074 0.389170
v 0.454976 1.046790 0.353842
v 0.457929 1.035500 0.310649
v 0.462520 1.024639 0.261252
v 0.468572 1.014624 0.207549
v 0.507733 1.100128 0.199652
v 0.489934 1.110724 0.250583
v 0.472543 1.118859 0.297618
v 0.456229 1.124218 0.338949
v 0.441618 1.126598 0.372987
v 0.429273 1.125905 0.398425
v 0.419666 1.122167 0.414285
v 0.413168 1.115527 0.419958
v 0.410028 1.106241 0.415226
v 0.410367 1.094664 0.400270
v 0.414172 1.081243 0.375665
v 0.421296 1.066493 0.342357
v 0.431467 1.050981 0.301626
v 0.444292 1.035302 0.255037
v 0.459279 1.020060 0.204380
v 0.499095 1.105047 0.194454
v 0.472991 1.120375 0.240386
v 0.447947 1.132869 0.282813
v 0.424924 1.142051 0.320106
v 0.404807 1.147566 0.350830
v 0.388370 1.149204 0.373806
v 0.376244 1.146901 0.388150
v 0.368895 1.140745 0.393310
v 0.366606 1.130974 0.389090
v 0.369465 1.117963 0.375650
v 0.377361 1.102211 0.353508
v 0.389991 1.084325 0.323514
v 0.406870 1.064991 0.286821
v 0.427350 1.044953 0.244839
v 0.450642 1.024980 0.199181
v 0.491445 1.109262 0.187425
v 0.457985 1.128642 0.226598
v 0.426161 1.144871 0.262797
v 0.397196 1.157326 0.294629
v 0.372203 1.165528 0.320873
v 0.352142 1.169162 0.340519
v 0.337785 1.168088 0.352813
v 0.329682 1.162348 0.357281
v 0.328147 1.152162 0.353753
v 0.333237 1.137921 0.342364
v 0.344756 1.120173 0.323551
v 0.362263 1.099600 0.298038
v 0.385085 1.076993 0.266804
v 0.412344 1.053220 0.231051
v 0.442992 1.029194 0.192152
v 0.485076 1.112609 0.178836
v 0.445492 1.135207 0.209750
v 0.408024 1.154403 0.238337
v 0.374111 1.169457 0.263499
v 0.345058 1.179793 0.284267
v 0.321981 1.185012 0.299845
v 0.305765 1.184915 0.309633
v 0.297036 1.179504 0.313256
v 0.296128 1.168989 0.310573
v 0.303075 1.153772 0.301689
v 0.317612 1.134438 0.286945
v 0.339179 1.111732 0.266907
v 0.366947 1.086525 0.242345
v 0.399850 1.059785 0.214203
v 0.436623 1.032541 0.183563
v 0.480233 1.114960 0.169017
v 0.435992 1.139819 0.190489
v 0.394232 1.161098 0.210375
v 0.356557 1.177979 0.227909
v 0.324417 1.189813 0.242419
v 0.299045 1.196146 0.253346
v 0.281417 1.196735 0.260270
v 0.272211 1.191556 0.262925
v 0.271779 1.180808 0.261210
v 0.280140 1.164906 0.255190
v 0.296970 1.144459 0.245097
v 0.321625 1.120254 0.231318
v 0.353155 1.093220 0.214383
v 0.390350 1.064397 0.194943
v 0.431780 1.034893 0.173744
v 0.477102 1.116225 0.158345
v 0.429850 1.142300 0.169556
v 0.385315 1.164700 0.179985
v 0.345208 1.182563 0.189230
v 0.311071 1.195204 0.196936
v 0.284216 1.202136 0.202808
v 0.265675 1.203093 0.206619
v 0.256160 1.198039 0.208224
v 0.256037 1.187167 0.207560
v 0.265311 1.170895 0.204653
v 0.283625 1.149849 0.199614
v 0.310275 1.124838 0.192638
v 0.344238 1.096822 0.183992
v 0.384208 1.066878 0.174009
v 0.428649 1.036157 0.163073
v 0.475803 1.116355 0.147231
v 0.427302 1.142555 0.147755
v 0.381615 1.165070 0.148334
v 0.340500 1.183034 0.148946
v 0.305535 1.195757 0.149568
v 0.278065 1.202751 0.150175
v 0.259145 1.203746 0.150744
v 0.249502 1.198704 0.151254
v 0.249507 1.187820 0.151685
v 0.259160 1.171510 0.152019
v 0.278089 1.150403 0.152245
v 0.305567 1.125309 0.152354
v 0.340539 1.097192 0.152342
v 0.381660 1.067133 0.152208
v 0.427350 1.036287 0.151958
v 0.476386 1.115345 0.136101
v 0.428446 1.140574 0.125923
v 0.383276 1.162193 0.116639
v 0.342614 1.179373 0.108606
v 0.308021 1.191453 0.102133
v 0.280827 1.197968 0.097468
v 0.262077 1.198668 0.094791
v 0.252492 1.193527 0.094205
v 0.252439 1.182742 0.095732
v 0.261921 1.166727 0.099313
v 0.280574 1.146098 0.104811
v 0.307681 1.121647 0.112015
v 0.342200 1.094315 0.120647
v 0.382804 1.065152 0.130376
v 0.427933 1.035277 0.140829
v 0.478829 1.113233 0.125384
v 0.433238 1.136432 0.104900
v 0.390233 1.156181 0.086118
v 0.351468 1.171721 0.069761
v 0.318433 1.182455 0.056455
v 0.292396 1.187970 0.046714
v 0.274359 1.188055 0.040911
v 0.265014 1.182706 0.039269
v 0.264721 1.172128 0.041851
v 0.273491 1.156729 0.048559
v 0.290986 1.137100 0.059133
v 0.316536 1.113996 0.073169
v 0.349157 1.088303 0.090126
v 0.387596 1.061010 0.109353
v 0.430376 1.033166 0.130111
v 0.483038 1.110102 0.115490
v 0.441494 1.130290 0.085493
v 0.402219 1.147264 0.057944
v 0.366724 1.160372 0.033902
v 0.336371 1.169110 0.014290
v 0.312328 1.173142 -0.000137
v 0.295518 1.172313 -0.008826
v 0.286588 1.166656 -0.011443
v 0.285880 1.156387 -0.007886
v 0.293422 1.141901 0.001707
v 0.308925 1.123755 0.016968
v 0.331791 1.102647 0.037310
v 0.361143 1.079386 0.061952
v 0.395852 1.054868 0.089947
v 0.434585 1.030035 0.120218
v 0.488851 1.106072 0.106801
v 0.452896 1.122384 0.068449
v 0.418773 1.135786 0.033200
v 0.387793 1.145762 0.002409
v 0.361146 1.151931 -0.022742
v 0.339856 1.154054 -0.041286
v 0.324742 1.152049 -0.052509
v 0.316385 1.145995 -0.055981
v 0.315104 1.136123 -0.051569
v 0.320951 1.122813 -0.039441
v 0.333700 1.106576 -0.020064
v 0.352860 1.088037 0.005817
v 0.377697 1.067908 0.037208
v 0.407255 1.046962 0.072902
v 0.440398 1.026004 0.111529
v 0.496045 1.101296 0.099650
v 0.467008 1.113016 0.054422
v 0.439260 1.122186 0.012836
v 0.413867 1.128453 -0.023510
v 0.391806 1.131577 -0.053219
v 0.373924 1.131438 -0.075149
v 0.360908 1.128041 -0.088459
v 0.353259 1.121516 -0.092635
v 0.351270 1.112114 -0.087518
v 0.355018 1.100197 -0.073305
v 0.364359 1.086223 -0.050541
v 0.378934 1.070728 -0.020101
v 0.398183 1.054308 0.016844
v 0.421366 1.037594 0.058876
v 0.447592 1.021228 0.104378
v 0.504343 1.095959 0.094313
v 0.483285 1.102548 0.043952
v 0.462891 1.106988 -0.002364
v 0.443944 1.109110 -0.042856
v 0.427172 1.108832 -0.075968
v 0.413221 1.106165 -0.100427
v 0.402625 1.101211 -0.115293
v 0.395794 1.094161 -0.119995
v 0.392988 1.085285 -0.114353
v 0.394315 1.074924 -0.098583
v 0.399726 1.063478 -0.073290
v 0.409011 1.051385 -0.039448
v 0.421814 1.039110 0.001643
v 0.437643 1.027126 0.048405
v 0.455890 1.015892 0.099040
v 0.513426 1.090266 0.090993
v 0.501103 1.091381 0.037440
v 0.488758 1.090776 -0.011818
v 0.476867 1.088476 -0.054888
v 0.465886 1.084569 -0.090116
v 0.456237 1.079206 -0.116148
v 0.448291 1.072591 -0.131982
v 0.442354 1.064980 -0.137011
v 0.438653 1.056664 -0.131042
v 0.437332 1.047965 -0.114303
v 0.438439 1.039215 -0.087438
v 0.441934 1.030751 -0.051480
v 0.447682 1.022898 -0.007810
v 0.455461 1.015959 0.041893
v 0.464973 1.010199 0.095720
v 0.522946 1.084436 0.089819
v 0.519777 1.079944 0.035138
v 0.511372 1.067344 -0.059143
v 0.501320 1.051595 -0.121707
v 0.482414 1.020355 -0.119862
v 0.476439 1.009619 -0.055735
v 0.474792 1.006295 -0.011153
v 0.474135 1.004522 0.039591
v 0.474493 1.004369 0.094547
v 0.493651 1.039188 -0.140456
v 0.488832 1.031224 -0.139986
v 0.535563 1.073685 0.063984
v 0.540884 1.063247 0.012434
v 0.544656 1.052172 -0.033861
v 0.546732 1.040884 -0.073121
v 0.547035 1.029819 -0.103838
v 0.545551 1.019401 -0.124831
v 0.542337 1.010030 -0.135294
v 0.537518 1.002067 -0.134823
v 0.531279 0.995817 -0.123439
v 0.523859 0.991521 -0.101577
v 0.515543 0.989344 -0.070078
v 0.506651 0.989370 -0.030153
v 0.497525 0.991597 0.016664
v 0.488515 0.995940 0.068575
v 0.499450 1.002127 -0.090274
v 0.526896 1.047481 -0.092952
v 0.520258 1.028843 -0.135328
v 0.515731 1.020375 -0.140422
v 0.510620 1.012916 -0.134387
v 0.529524 1.065995 -0.013713
v 0.549323 1.065635 0.068676
v 0.563229 1.050175 0.020054
v 0.574727 1.034580 -0.023607
v 0.583374 1.019448 -0.060626
v 0.588839 1.005363 -0.089583
v 0.590911 0.992864 -0.109363
v 0.589510 0.982433 -0.119207
v 0.584691 0.974469 -0.118737
v 0.576639 0.969280 -0.107971
v 0.565663 0.967065 -0.087321
v 0.552185 0.967908 -0.057583
v 0.536722 0.971778 -0.019899
v 0.519870 0.978525 0.024284
v 0.502275 0.987891 0.073267
v 0.539688 0.978303 -0.081355
v 0.549833 0.980283 -0.107543
v 0.562972 1.036675 -0.049715
v 0.556411 1.050076 -0.007753
v 0.528039 0.978950 -0.046307
v 0.567135 1.023658 -0.084033
v 0.515334 0.982198 -0.003745
v 0.568739 1.011524 -0.109388
v 0.502061 0.987924 0.044693
v 0.567723 1.000741 -0.124806
v 0.488730 0.995907 0.097148
v 0.564125 0.991722 -0.129695
v 0.537183 1.075974 0.092420
v 0.558085 0.984814 -0.123866
v 0.547703 1.063346 0.040240
v 0.562112 1.058350 0.076375
v 0.583999 1.038344 0.032555
v 0.602678 1.018658 -0.006783
v 0.617433 1.000048 -0.040127
v 0.627696 0.983229 -0.066195
v 0.633073 0.968848 -0.083986
v 0.633358 0.957457 -0.092816
v 0.628539 0.949493 -0.092346
v 0.618801 0.945264 -0.082593
v 0.604520 0.944932 -0.063933
v 0.586243 0.948508 -0.037083
v 0.564673 0.955857 -0.003075
v 0.540639 0.966694 0.036785
v 0.515065 0.980605 0.080965
v 0.497694 0.990729 0.101332
v 0.519646 0.977767 0.052900
v 0.610077 0.965180 -0.108250
v 0.612791 0.974709 -0.103773
v 0.546148 1.070796 0.096604
v 0.603153 0.958783 -0.102833
v 0.565288 1.053189 0.048447
v 0.592287 0.955762 -0.087731
v 0.581940 1.035331 0.004161
v 0.577896 0.956235 -0.063524
v 0.595465 1.017907 -0.034551
v 0.560532 0.960182 -0.031143
v 0.605342 1.001589 -0.066202
v 0.540863 0.967453 0.008169
v 0.611193 0.987003 -0.089575
v 0.573441 1.052109 0.086783
v 0.602394 1.028210 0.049457
v 0.627434 1.005020 0.015964
v 0.647599 0.983430 -0.012410
v 0.662112 0.964269 -0.034573
v 0.670417 0.948275 -0.049674
v 0.672194 0.936062 -0.057133
v 0.667375 0.928098 -0.056663
v 0.656145 0.924691 -0.048282
v 0.638936 0.925972 -0.032312
v 0.616409 0.931890 -0.009367
v 0.589430 0.942218 0.019672
v 0.559035 0.956560 0.053687
v 0.526393 0.974365 0.091373
v 0.624981 1.001354 -0.012391
v 0.605131 1.022324 0.021572
v 0.590049 0.943628 -0.008983
v 0.612603 0.936769 -0.037467
v 0.640050 0.982124 -0.040145
v 0.564054 0.954446 0.025580
v 0.649758 0.965374 -0.060623
v 0.535620 0.968808 0.064893
v 0.653732 0.951748 -0.073037
v 0.505838 0.986162 0.107445
v 0.651820 0.941770 -0.076911
v 0.554291 1.066229 0.102718
v 0.644094 0.935822 -0.072097
v 0.581262 1.044230 0.060440
v 0.630852 0.934134 -0.058778
v 0.582872 1.047153 0.099501
v 0.617710 1.020161 0.070111
v 0.648045 0.994188 0.043759
v 0.672713 0.970231 0.021459
v 0.690765 0.949211 0.004067
v 0.701507 0.931936 -0.007747
v 0.704527 0.919070 -0.013530
v 0.699708 0.911107 -0.013060
v 0.687235 0.908353 -0.006354
v 0.667589 0.910914 0.006329
v 0.641524 0.918691 0.024502
v 0.610041 0.931386 0.047467
v 0.574351 0.948511 0.074341
v 0.535824 0.969408 0.104092
v 0.687749 0.922390 -0.036884
v 0.688971 0.932741 -0.033779
v 0.561301 1.062449 0.110527
v 0.512848 0.982381 0.115254
v 0.679333 0.916815 -0.032838
v 0.595012 1.036814 0.075757
v 0.664047 0.916229 -0.021798
v 0.625092 1.011558 0.043810
v 0.642478 0.920656 -0.004186
v 0.650387 0.987650 0.015912
v 0.615455 0.929925 0.019321
v 0.669924 0.966011 -0.006863
v 0.584016 0.943680 0.047818
v 0.682953 0.947470 -0.023642
v 0.549370 0.961392 0.080211
v 0.590043 1.043671 0.114041
v 0.629356 1.014508 0.093722
v 0.663719 0.986580 0.075534
v 0.691811 0.960960 0.060177
v 0.712554 0.938634 0.048241
v 0.725149 0.920459 0.040185
v 0.729114 0.907134 0.036317
v 0.724295 0.899171 0.036787
v 0.710877 0.896876 0.041577
v 0.689378 0.900336 0.050502
v 0.660622 0.909420 0.063220
v 0.625714 0.923778 0.079242
v 0.585997 0.942858 0.097952
v 0.542996 0.965927 0.118632
v 0.635774 0.919598 0.052681
v 0.666371 0.908513 0.035042
v 0.693817 0.953868 0.032364
v 0.670707 0.977324 0.049272
v 0.599981 0.935566 0.074028
v 0.709501 0.933978 0.019945
v 0.560367 0.955803 0.098265
v 0.717155 0.918418 0.012493
v 0.518454 0.979532 0.124458
v 0.716485 0.907786 0.010294
v 0.566907 1.059599 0.119731
v 0.707517 0.902491 0.013433
v 0.606008 1.031225 0.093812
v 0.690596 0.902737 0.021789
v 0.641057 1.003444 0.070021
v 0.594680 1.041799 0.129844
v 0.636886 1.011466 0.119384
v 0.673852 0.982486 0.110069
v 0.704158 0.955973 0.102258
v 0.726641 0.932944 0.096251
v 0.740434 0.914285 0.092278
v 0.745010 0.900713 0.090493
v 0.740191 0.892750 0.090963
v 0.726163 0.890702 0.093671
v 0.703465 0.894646 0.098512
v 0.672969 0.904433 0.105302
v 0.635847 0.919685 0.113777
v 0.593526 0.939816 0.123614
v 0.547633 0.964054 0.134434
v 0.522441 0.977724 0.134704
v 0.727562 0.893402 0.064940
v 0.736923 0.898519 0.062810
v 0.613829 1.027679 0.113909
v 0.570894 1.057791 0.129976
v 0.709478 0.894175 0.070308
v 0.652412 0.998295 0.099197
v 0.683364 0.900808 0.078707
v 0.685159 0.970771 0.086407
v 0.650226 0.913045 0.089815
v 0.710811 0.946162 0.076029
v 0.611335 0.930417 0.103205
v 0.728383 0.925416 0.068463
v 0.568188 0.952257 0.118362
v 0.737200 0.909329 0.064000
v 0.596604 1.041606 0.146302
v 0.640009 1.011154 0.146110
v 0.678055 0.982066 0.146037
v 0.709280 0.955461 0.146085
v 0.732484 0.932360 0.146252
v 0.746775 0.913651 0.146533
v 0.751604 0.900054 0.146915
v 0.746785 0.892091 0.147386
v 0.732504 0.890068 0.147925
v 0.709308 0.894062 0.148513
v 0.678091 0.903921 0.149128
v 0.640051 0.919265 0.149745
v 0.596650 0.939504 0.150340
v 0.549556 0.963862 0.150892
v 0.617643 0.928432 0.134225
v 0.658255 0.910518 0.129297
v 0.738873 0.922114 0.120049
v 0.720252 0.943190 0.122455
v 0.572533 0.950889 0.139729
v 0.748336 0.905823 0.118762
v 0.524656 0.977027 0.145597
v 0.748277 0.894945 0.118646
v 0.573109 1.057094 0.140869
v 0.738698 0.889897 0.119703
v 0.618175 1.026311 0.135276
v 0.719968 0.890873 0.121893
v 0.658720 0.996310 0.130218
v 0.692805 0.897836 0.125133
v 0.693187 0.968243 0.125888
v 0.595740 1.043102 0.162782
v 0.638607 1.013583 0.172873
v 0.676168 0.985335 0.182054
v 0.706981 0.959444 0.189972
v 0.729861 0.936904 0.196323
v 0.743928 0.918582 0.200862
v 0.748643 0.905182 0.203416
v 0.743824 0.897219 0.203887
v 0.729657 0.894998 0.202255
v 0.706685 0.898606 0.198584
v 0.675791 0.907904 0.193015
v 0.638164 0.922533 0.185762
v 0.595248 0.941933 0.177104
v 0.548693 0.965357 0.167373
v 0.618877 1.027174 0.157093
v 0.573467 1.057534 0.151991
v 0.721663 0.892957 0.174563
v 0.740498 0.892109 0.175617
v 0.659739 0.997563 0.161890
v 0.694330 0.899711 0.172534
v 0.694484 0.969838 0.166200
v 0.659552 0.912113 0.169609
v 0.721777 0.945066 0.169856
v 0.618663 0.929685 0.165898
v 0.740568 0.924198 0.172718
v 0.573235 0.951752 0.161546
v 0.750135 0.908036 0.174677
v 0.525014 0.977467 0.156719
v 0.750112 0.897201 0.175655
v 0.592122 1.046228 0.178653
v 0.632732 1.018660 0.198645
v 0.668262 0.992167 0.216737
v 0.697347 0.967768 0.232234
v 0.718870 0.946402 0.244539
v 0.732003 0.928888 0.253180
v 0.736241 0.915899 0.257824
v 0.731422 0.907936 0.258295
v 0.717731 0.905304 0.254572
v 0.695694 0.908104 0.246800
v 0.666158 0.916228 0.235277
v 0.630258 0.929365 0.220445
v 0.589373 0.947010 0.202876
v 0.545075 0.968483 0.183243
v 0.733402 0.931588 0.224449
v 0.715328 0.951717 0.216413
v 0.570267 0.954813 0.182973
v 0.614354 0.934129 0.197006
v 0.742529 0.915881 0.229593
v 0.523501 0.979027 0.167642
v 0.742356 0.905200 0.231648
v 0.571954 1.059095 0.162915
v 0.732891 0.899955 0.230534
v 0.615909 1.030235 0.178520
v 0.714497 0.900347 0.226293
v 0.655430 1.002007 0.192998
v 0.687882 0.906363 0.219090
v 0.689000 0.975495 0.205793
v 0.654067 0.917769 0.209201
v 0.585890 1.050865 0.193303
v 0.622611 1.026189 0.222435
v 0.654642 1.002300 0.248753
v 0.680751 0.980115 0.271245
v 0.699935 0.960488 0.289047
v 0.711457 0.944172 0.301474
v 0.714874 0.931795 0.308049
v 0.710055 0.923832 0.308519
v 0.697185 0.920589 0.302866
v 0.676759 0.922190 0.291308
v 0.649561 0.928575 0.274288
v 0.616637 0.939498 0.252461
v 0.579252 0.954539 0.226666
v 0.538843 0.973120 0.197893
v 0.698747 0.912760 0.275096
v 0.716170 0.913132 0.282342
v 0.645959 1.009472 0.222346
v 0.609384 1.035377 0.198735
v 0.673707 0.917534 0.263012
v 0.676945 0.984995 0.243145
v 0.642012 0.927270 0.246553
v 0.701153 0.962889 0.260334
v 0.604882 0.941594 0.226353
v 0.717652 0.944001 0.273252
v 0.563743 0.959955 0.203188
v 0.725808 0.929059 0.281402
v 0.520175 0.981648 0.177948
v 0.725307 0.918636 0.284471
v 0.568628 1.061716 0.173220
v 0.577282 1.056834 0.206169
v 0.608633 1.035882 0.243330
v 0.635830 1.015344 0.276872
v 0.657829 0.996010 0.305508
v 0.673783 0.978622 0.328137
v 0.683081 0.963849 0.343889
v 0.685364 0.952258 0.352160
v 0.680545 0.944294 0.352630
v 0.668809 0.940265 0.345282
v 0.650607 0.940324 0.330398
v 0.626639 0.944470 0.308551
v 0.597825 0.952542 0.280580
v 0.565274 0.964232 0.247560
v 0.530235 0.979089 0.210759
v 0.553913 0.966979 0.221413
v 0.590612 0.951791 0.252812
v 0.700616 0.947062 0.328112
v 0.693922 0.960959 0.317252
v 0.515164 0.985229 0.187239
v 0.699622 0.936991 0.332097
v 0.563617 1.065297 0.182511
v 0.690978 0.931135 0.329052
v 0.599555 1.042401 0.216960
v 0.675016 0.929719 0.319096
v 0.631689 1.019669 0.248805
v 0.652350 0.932796 0.302611
v 0.658783 0.997975 0.276821
v 0.623850 0.940249 0.280229
v 0.679796 0.978151 0.299933
v 0.566630 1.063905 0.216758
v 0.591334 1.047365 0.260525
v 0.612550 1.030798 0.300013
v 0.629462 1.014841 0.333706
v 0.641420 1.000106 0.360307
v 0.647964 0.987160 0.378796
v 0.648844 0.976501 0.388461
v 0.644025 0.968538 0.388931
v 0.633693 0.963577 0.380189
v 0.618244 0.961808 0.362569
v 0.598272 0.963301 0.336749
v 0.574545 0.967997 0.303721
v 0.547975 0.975715 0.264755
v 0.519582 0.986160 0.221348
v 0.613168 1.032209 0.271359
v 0.586798 1.051039 0.232496
v 0.624633 0.951562 0.336365
v 0.644218 0.950570 0.356602
v 0.635211 1.013934 0.305527
v 0.600278 0.956208 0.308935
v 0.652079 0.996917 0.333687
v 0.572092 0.964331 0.275366
v 0.663124 0.981811 0.354758
v 0.541156 0.975617 0.236949
v 0.667921 0.969198 0.367928
v 0.508660 0.989633 0.195159
v 0.666287 0.959561 0.372693
v 0.557114 1.069700 0.190431
v 0.658283 0.953271 0.368868
v 0.554342 1.071808 0.224662
v 0.571380 1.060199 0.273360
v 0.585696 1.048069 0.317287
v 0.596740 1.035885 0.354754
v 0.604088 1.024115 0.384321
v 0.607457 1.013212 0.404852
v 0.606718 1.003594 0.415559
v 0.601899 0.995631 0.416029
v 0.593185 0.989628 0.406245
v 0.580912 0.985818 0.386582
v 0.565551 0.984345 0.357797
v 0.547691 0.985267 0.320995
v 0.528021 0.988549 0.277591
v 0.507295 0.994063 0.229252
v 0.628980 0.994617 0.399320
v 0.626442 1.005755 0.384328
v 0.500915 0.994689 0.201403
v 0.525962 0.985535 0.249197
v 0.626582 0.985478 0.404700
v 0.549368 1.074756 0.196676
v 0.619342 0.978690 0.400261
v 0.571604 1.060957 0.244744
v 0.607536 0.974515 0.386173
v 0.591110 1.046607 0.289141
v 0.591619 0.973111 0.362978
v 0.607136 1.032260 0.328159
v 0.572203 0.974535 0.331568
v 0.619066 1.018466 0.360300
v 0.550033 0.978729 0.293149
v 0.540891 1.080238 0.229578
v 0.549537 1.073888 0.281343
v 0.556301 1.066492 0.328030
v 0.560922 1.058334 0.367844
v 0.563223 1.049727 0.399255
v 0.563116 1.041002 0.421057
v 0.560605 1.032494 0.432411
v 0.555786 1.024531 0.432881
v 0.548844 1.017418 0.422450
v 0.540047 1.011429 0.401517
v 0.529732 1.006793 0.370887
v 0.518296 1.003690 0.331738
v 0.506178 1.002238 0.285573
v 0.493844 1.002493 0.234168
v 0.554579 0.996616 0.381427
v 0.566380 1.000631 0.406672
v 0.575636 1.052249 0.343849
v 0.566361 1.062312 0.301468
v 0.540703 0.994523 0.347257
v 0.582026 1.041970 0.378749
v 0.525284 0.994434 0.305476
v 0.585285 1.031872 0.404828
v 0.508915 0.996352 0.257688
v 0.585288 1.022342 0.421082
v 0.492224 1.000204 0.205732
v 0.582035 1.013746 0.426888
v 0.540677 1.080271 0.201004
v 0.575650 1.006415 0.422022
v 0.554556 1.071774 0.253235
v 0.526794 1.088871 0.231316
v 0.526645 1.087908 0.284166
v 0.525493 1.085359 0.331829
v 0.523383 1.081324 0.372473
v 0.520395 1.075956 0.404537
v 0.516645 1.069462 0.426788
v 0.512276 1.062092 0.438371
v 0.507457 1.054129 0.438841
v 0.502373 1.045879 0.428180
v 0.497219 1.037658 0.406798
v 0.492193 1.029784 0.375516
v 0.487488 1.022558 0.335537
v 0.483286 1.016258 0.288396
v 0.479747 1.011126 0.235906
v 0.482922 1.005965 0.207979
v 0.490669 1.007654 0.262096
v 0.534356 1.043279 0.438405
v 0.538525 1.051307 0.432377
v 0.531375 1.086033 0.203251
v 0.528887 1.035381 0.433318
v 0.536310 1.083076 0.257642
v 0.522330 1.027916 0.417312
v 0.539872 1.078720 0.307866
v 0.514936 1.021171 0.391002
v 0.541922 1.073132 0.351992
v 0.506989 1.015406 0.355400
v 0.542382 1.066526 0.388325
v 0.498795 1.010842 0.311874
v 0.541236 1.059157 0.415467
v 0.512593 1.097376 0.229810
v 0.503583 1.101719 0.281720
v 0.494457 1.103946 0.328538
v 0.485566 1.103972 0.368463
v 0.477250 1.101795 0.399962
v 0.469830 1.097499 0.421823
v 0.463590 1.091250 0.433208
v 0.458771 1.083287 0.433678
v 0.455558 1.073916 0.423216
v 0.454074 1.063497 0.402223
v 0.454376 1.052432 0.371506
v 0.456453 1.041145 0.332246
v 0.460224 1.030069 0.285951
v 0.465546 1.019631 0.234400
v 0.472357 1.036381 0.355685
v 0.474212 1.045835 0.391337
v 0.501659 1.091190 0.388659
v 0.507289 1.094106 0.352277
v 0.471584 1.027322 0.312097
v 0.495986 1.086561 0.415839
v 0.471926 1.019006 0.262250
v 0.490488 1.080400 0.432772
v 0.473367 1.011752 0.208057
v 0.485378 1.072942 0.438807
v 0.521820 1.091820 0.203330
v 0.480851 1.064474 0.433712
v 0.517567 1.094427 0.257796
v 0.477080 1.055321 0.417684
v 0.512661 1.095200 0.308090
v 0.498833 1.105426 0.225118
v 0.481239 1.114791 0.274101
v 0.464386 1.121539 0.318283
v 0.448924 1.125408 0.355968
v 0.435445 1.126251 0.385706
v 0.424469 1.124036 0.406355
v 0.416417 1.118847 0.417122
v 0.411598 1.110884 0.417592
v 0.410198 1.100452 0.407748
v 0.412270 1.087954 0.387967
v 0.417734 1.073868 0.359011
v 0.426382 1.058737 0.321991
v 0.437879 1.043141 0.278331
v 0.451786 1.027681 0.229708
v 0.512379 1.097409 0.201237
v 0.463926 1.017342 0.205964
v 0.433386 1.092576 0.423191
v 0.436983 1.101595 0.428079
v 0.499048 1.105392 0.253691
v 0.432370 1.081792 0.407773
v 0.485774 1.111118 0.302130
v 0.433974 1.069659 0.382417
v 0.473069 1.114367 0.344691
v 0.438136 1.056641 0.348099
v 0.461420 1.115013 0.379739
v 0.444698 1.043240 0.306137
v 0.451275 1.113033 0.405928
v 0.453406 1.029970 0.258144
v 0.443024 1.108502 0.422250
v 0.486043 1.112711 0.217420
v 0.460469 1.126622 0.261600
v 0.436435 1.137460 0.301460
v 0.414865 1.144808 0.335468
v 0.396589 1.148385 0.362318
v 0.382307 1.148052 0.380978
v 0.372570 1.143823 0.390730
v 0.367751 1.135860 0.391200
v 0.368035 1.124468 0.382370
v 0.373413 1.110087 0.364579
v 0.383676 1.093268 0.338511
v 0.398431 1.074658 0.305168
v 0.417110 1.054972 0.265830
v 0.438996 1.034966 0.222010
v 0.423213 1.137082 0.361909
v 0.440576 1.133134 0.329527
v 0.419168 1.057986 0.294223
v 0.405644 1.075409 0.332935
v 0.408821 1.137554 0.386116
v 0.435821 1.040127 0.249938
v 0.397955 1.134534 0.401217
v 0.454961 1.022520 0.201780
v 0.391032 1.128136 0.406634
v 0.503414 1.102587 0.197053
v 0.388317 1.118607 0.402158
v 0.481463 1.115549 0.245485
v 0.389916 1.106313 0.387960
v 0.460245 1.125864 0.290216
v 0.395766 1.091727 0.364586
v 0.474715 1.118952 0.207011
v 0.442073 1.136756 0.244697
v 0.411679 1.151098 0.278713
v 0.384699 1.161427 0.307751
v 0.362172 1.167345 0.330696
v 0.344963 1.168625 0.346666
v 0.333734 1.165218 0.355047
v 0.328915 1.157255 0.355517
v 0.330692 1.145041 0.348059
v 0.338996 1.129047 0.332958
v 0.353510 1.109887 0.310794
v 0.373674 1.088297 0.282421
v 0.398714 1.065106 0.248928
v 0.427668 1.041207 0.211602
v 0.347376 1.141568 0.371422
v 0.349289 1.151546 0.375296
v 0.465488 1.124508 0.233492
v 0.495270 1.107155 0.190939
v 0.351351 1.127942 0.359007
v 0.437054 1.138870 0.272805
v 0.361059 1.111192 0.338530
v 0.411060 1.149688 0.307368
v 0.376127 1.091963 0.310776
v 0.388505 1.156547 0.335852
v 0.395977 1.070992 0.276813
v 0.370256 1.159183 0.357163
v 0.419847 1.049086 0.237945
v 0.357014 1.157494 0.370481
v 0.446817 1.027087 0.195667
v 0.465284 1.123908 0.194293
v 0.426758 1.144805 0.224044
v 0.391068 1.161930 0.250918
v 0.359585 1.174625 0.273883
v 0.333519 1.182403 0.292056
v 0.313873 1.184964 0.304739
v 0.301401 1.182210 0.311444
v 0.296582 1.174246 0.311915
v 0.299601 1.161380 0.306132
v 0.310343 1.144105 0.294317
v 0.328395 1.123085 0.276926
v 0.353063 1.099128 0.254626
v 0.383399 1.073155 0.228274
v 0.418237 1.046163 0.198883
v 0.376016 1.081759 0.254575
v 0.350721 1.105666 0.282472
v 0.337061 1.177087 0.320182
v 0.358630 1.172660 0.302570
v 0.406097 1.056502 0.222627
v 0.321775 1.176502 0.331223
v 0.439808 1.030868 0.187858
v 0.313359 1.170926 0.335268
v 0.488261 1.110935 0.183130
v 0.312137 1.160575 0.332163
v 0.451739 1.131924 0.218174
v 0.318156 1.145846 0.322027
v 0.417093 1.149637 0.250567
v 0.331184 1.127306 0.305248
v 0.385654 1.163392 0.279064
v 0.458112 1.127390 0.179753
v 0.415112 1.150459 0.200432
v 0.375394 1.169538 0.219142
v 0.340487 1.183896 0.235164
v 0.311731 1.192980 0.247882
v 0.290231 1.196441 0.256808
v 0.276814 1.194145 0.261597
v 0.271995 1.186182 0.262067
v 0.275959 1.172857 0.258200
v 0.288555 1.154682 0.250143
v 0.309297 1.132356 0.238207
v 0.337390 1.106737 0.222850
v 0.371753 1.078809 0.204663
v 0.411065 1.049645 0.184343
v 0.440742 1.137513 0.200120
v 0.482655 1.113785 0.173926
v 0.291607 1.159339 0.278440
v 0.283953 1.174899 0.285892
v 0.401128 1.157750 0.224356
v 0.307291 1.139449 0.266021
v 0.365334 1.173718 0.245704
v 0.330402 1.115993 0.249112
v 0.334737 1.184803 0.263343
v 0.360051 1.089872 0.228364
v 0.310513 1.190580 0.276595
v 0.395100 1.062091 0.204573
v 0.293591 1.190825 0.284951
v 0.434202 1.033717 0.178654
v 0.284623 1.185530 0.288090
v 0.453476 1.129262 0.163951
v 0.407582 1.153500 0.174770
v 0.365261 1.173632 0.184607
v 0.328140 1.188884 0.193083
v 0.297644 1.198670 0.199872
v 0.274946 1.202615 0.204714
v 0.260918 1.200566 0.207422
v 0.256099 1.192603 0.207892
v 0.260674 1.179031 0.206106
v 0.274468 1.160372 0.202133
v 0.296950 1.137344 0.196126
v 0.327257 1.110830 0.188315
v 0.364223 1.081850 0.179001
v 0.406428 1.051518 0.168541
v 0.291631 1.199141 0.228077
v 0.317744 1.192509 0.219678
v 0.387279 1.065638 0.184476
v 0.348697 1.095021 0.199188
v 0.273546 1.199914 0.233445
v 0.430214 1.035525 0.168408
v 0.264186 1.194797 0.235574
v 0.478667 1.115592 0.163681
v 0.263908 1.183988 0.234385
v 0.432921 1.141060 0.180023
v 0.272725 1.167901 0.229921
v 0.389773 1.162899 0.195180
v 0.290298 1.147154 0.222355
v 0.350883 1.180271 0.208570
v 0.315950 1.122546 0.211978
v 0.451552 1.129455 0.147493
v 0.404458 1.153812 0.148044
v 0.361058 1.174052 0.148640
v 0.323018 1.189396 0.149257
v 0.291800 1.199254 0.149871
v 0.268605 1.203249 0.150460
v 0.254324 1.201225 0.150999
v 0.249505 1.193262 0.151469
v 0.254333 1.179665 0.151852
v 0.268624 1.160957 0.152132
v 0.291828 1.137856 0.152300
v 0.323053 1.111250 0.152348
v 0.361099 1.082162 0.152275
v 0.404505 1.051710 0.152083
v 0.262235 1.171203 0.178336
v 0.252772 1.187493 0.179622
v 0.383465 1.164885 0.164159
v 0.428576 1.142427 0.158655
v 0.280857 1.150126 0.175930
v 0.342854 1.182799 0.169088
v 0.307921 1.125073 0.172496
v 0.308303 1.195481 0.173252
v 0.342388 1.097007 0.168167
v 0.281141 1.202444 0.176492
v 0.382934 1.067006 0.163109
v 0.262410 1.203420 0.178682
v 0.427999 1.036222 0.157515
v 0.252831 1.198372 0.179739
v 0.476452 1.116290 0.152788
v 0.452416 1.127959 0.131012
v 0.405861 1.151383 0.121281
v 0.362945 1.170783 0.112623
v 0.325317 1.185413 0.105370
v 0.294424 1.194710 0.099801
v 0.271452 1.198318 0.096130
v 0.257284 1.196098 0.094498
v 0.252465 1.188134 0.094968
v 0.257180 1.174734 0.097522
v 0.271248 1.156412 0.102062
v 0.294128 1.133873 0.108413
v 0.324940 1.107981 0.116331
v 0.362502 1.079733 0.125511
v 0.405368 1.050214 0.135602
v 0.382232 1.066142 0.141292
v 0.341369 1.095753 0.136494
v 0.260611 1.201207 0.122768
v 0.279446 1.200359 0.123822
v 0.427641 1.035782 0.146393
v 0.250997 1.196116 0.122729
v 0.476095 1.115850 0.141666
v 0.250973 1.185281 0.123708
v 0.427874 1.141564 0.136839
v 0.260540 1.169119 0.125666
v 0.382446 1.163631 0.132486
v 0.279332 1.148250 0.128528
v 0.341557 1.181203 0.128776
v 0.306624 1.123478 0.132184
v 0.306778 1.193605 0.125850
v 0.456033 1.124833 0.115142
v 0.411736 1.146307 0.095509
v 0.370851 1.163951 0.077939
v 0.334951 1.177088 0.063108
v 0.305414 1.185212 0.051585
v 0.283377 1.188012 0.043813
v 0.269686 1.185380 0.040090
v 0.264867 1.177417 0.040560
v 0.269106 1.164429 0.045205
v 0.282238 1.146915 0.053846
v 0.303761 1.125548 0.066151
v 0.332846 1.101149 0.081647
v 0.368376 1.074657 0.099740
v 0.408986 1.047088 0.119732
v 0.285780 1.141599 0.081972
v 0.267706 1.161728 0.073936
v 0.347041 1.175547 0.089183
v 0.386755 1.159187 0.101379
v 0.312108 1.117821 0.092592
v 0.313227 1.186954 0.079294
v 0.345678 1.091309 0.105386
v 0.286611 1.192969 0.072091
v 0.385200 1.063081 0.119865
v 0.268218 1.193362 0.067851
v 0.429155 1.034222 0.135470
v 0.258753 1.188116 0.066737
v 0.477608 1.114289 0.130742
v 0.258580 1.177435 0.068791
v 0.430842 1.138503 0.115411
v 0.462266 1.120196 0.100492
v 0.421856 1.138777 0.071719
v 0.384471 1.153818 0.045923
v 0.351547 1.164741 0.024096
v 0.324349 1.171126 0.007076
v 0.303923 1.172728 -0.004482
v 0.291053 1.169484 -0.010134
v 0.286234 1.161521 -0.009664
v 0.289651 1.149144 -0.003089
v 0.301174 1.132828 0.009338
v 0.320358 1.113201 0.027139
v 0.346467 1.091016 0.049631
v 0.378497 1.067127 0.075949
v 0.415218 1.042452 0.105082
v 0.432481 1.031600 0.125164
v 0.391724 1.057939 0.099650
v 0.275801 1.174681 0.013913
v 0.284939 1.180184 0.016042
v 0.480934 1.111668 0.120437
v 0.275301 1.164258 0.016983
v 0.437366 1.133361 0.095197
v 0.283457 1.149315 0.025133
v 0.396226 1.151723 0.072031
v 0.299956 1.130428 0.038051
v 0.359096 1.166047 0.051831
v 0.324163 1.108321 0.055240
v 0.327402 1.175782 0.035373
v 0.355150 1.083845 0.076039
v 0.302362 1.180556 0.023288
v 0.470874 1.114228 0.087625
v 0.435835 1.129085 0.050825
v 0.403283 1.140774 0.017804
v 0.374470 1.148847 -0.010167
v 0.350501 1.152992 -0.032014
v 0.332299 1.153051 -0.046897
v 0.320564 1.149022 -0.054245
v 0.315745 1.141059 -0.053775
v 0.318028 1.129468 -0.045505
v 0.327325 1.114694 -0.029753
v 0.343280 1.097307 -0.007124
v 0.365279 1.077972 0.021512
v 0.392476 1.057435 0.055055
v 0.423826 1.036483 0.092216
v 0.377258 1.153067 0.018155
v 0.410496 1.141525 0.045572
v 0.342326 1.095342 0.021564
v 0.321312 1.115166 -0.001548
v 0.348759 1.160520 -0.004226
v 0.369420 1.073647 0.049580
v 0.326092 1.163598 -0.020711
v 0.401553 1.050915 0.081424
v 0.310130 1.162181 -0.030668
v 0.437491 1.028019 0.115873
v 0.301486 1.156325 -0.033712
v 0.485945 1.108087 0.111146
v 0.300492 1.146255 -0.029727
v 0.447195 1.126337 0.076971
v 0.307187 1.132357 -0.018867
v 0.481526 1.107156 0.077036
v 0.453134 1.117601 0.033629
v 0.426563 1.125320 -0.005337
v 0.402836 1.130015 -0.038364
v 0.382865 1.131508 -0.064184
v 0.367416 1.129740 -0.081804
v 0.357084 1.124778 -0.090547
v 0.352265 1.116815 -0.090077
v 0.353144 1.106156 -0.080411
v 0.359689 1.093210 -0.061923
v 0.371647 1.078475 -0.035321
v 0.388559 1.062518 -0.001629
v 0.409774 1.045951 0.037860
v 0.434479 1.029411 0.081627
v 0.334822 1.133755 -0.074308
v 0.342825 1.140045 -0.070484
v 0.492448 1.103684 0.103226
v 0.443995 1.023616 0.107953
v 0.333187 1.124119 -0.069543
v 0.459952 1.117700 0.061436
v 0.337985 1.111505 -0.056373
v 0.429017 1.128986 0.023018
v 0.349030 1.096400 -0.035303
v 0.400830 1.137108 -0.010550
v 0.365897 1.079382 -0.007142
v 0.376476 1.141754 -0.037980
v 0.387940 1.061108 0.027026
v 0.356890 1.142746 -0.058217
v 0.414310 1.042278 0.065889
v 0.493814 1.099253 0.069132
v 0.473088 1.104768 0.020794
v 0.453417 1.108049 -0.022610
v 0.435558 1.108971 -0.059412
v 0.420196 1.107499 -0.088198
v 0.407923 1.103688 -0.107860
v 0.399210 1.097686 -0.117644
v 0.394391 1.089723 -0.117174
v 0.393651 1.080105 -0.106468
v 0.397020 1.069201 -0.085936
v 0.404368 1.057431 -0.056369
v 0.415412 1.045247 -0.018902
v 0.429729 1.033118 0.025024
v 0.446767 1.021509 0.073723
v 0.393973 1.061056 -0.029775
v 0.382043 1.074850 -0.061916
v 0.409489 1.120205 -0.064593
v 0.428905 1.118782 -0.033183
v 0.409999 1.046709 0.009244
v 0.393572 1.118802 -0.087788
v 0.429504 1.032360 0.053640
v 0.381767 1.114626 -0.101876
v 0.451741 1.018560 0.101709
v 0.374526 1.107838 -0.106315
v 0.500194 1.098628 0.096982
v 0.372129 1.098700 -0.100936
v 0.475146 1.107782 0.049187
v 0.374667 1.087561 -0.085944
v 0.451075 1.114587 0.005236
v 0.507265 1.090823 0.064217
v 0.494931 1.091078 0.012811
v 0.482813 1.089626 -0.033353
v 0.471376 1.086523 -0.072502
v 0.461061 1.081887 -0.103132
v 0.452264 1.075898 -0.124065
v 0.445323 1.068785 -0.134497
v 0.440504 1.060822 -0.134027
v 0.437993 1.052315 -0.122673
v 0.437885 1.043590 -0.100871
v 0.440187 1.034983 -0.069459
v 0.444808 1.026824 -0.029645
v 0.451571 1.019428 0.017042
v 0.460217 1.013079 0.068807
v 0.508885 1.093113 0.092653
v 0.460432 1.013045 0.097380
v 0.415821 1.070975 -0.122697
v 0.419074 1.079570 -0.128503
v 0.492194 1.096964 0.040696
v 0.415823 1.061445 -0.106443
v 0.475824 1.098882 -0.007091
v 0.419083 1.051346 -0.080364
v 0.460405 1.098793 -0.048872
v 0.425472 1.041068 -0.045464
v 0.446529 1.096701 -0.083042
v 0.434748 1.031004 -0.003083
v 0.434729 1.092685 -0.108287
v 0.446552 1.021542 0.045149
v 0.425458 1.086901 -0.123638
v 0.521362 1.082190 0.062478
v 0.475615 1.007957 -0.033444
v 0.474463 1.005409 0.014219
v 0.474314 1.004445 0.067069
v 0.494119 1.077910 -0.057016
v 0.461237 1.014596 -0.009481
v 0.459187 1.020185 -0.053608
v 0.478778 1.065400 -0.118927
v 0.464798 1.010240 0.040742
v 0.469733 1.007284 0.095134
v 0.518186 1.087351 0.090406
v 0.510440 1.085662 0.036289
v 0.459873 1.034160 -0.117083
v 0.524101 1.085956 0.118301
v 0.517823 1.077059 0.009988
v 0.513620 1.070759 -0.037152
v 0.508915 1.063533 -0.077131
v 0.503889 1.055658 -0.108413
v 0.498735 1.047438 -0.129795
v 0.484464 1.023854 -0.128403
v 0.480713 1.017360 -0.106152
v 0.477726 1.011993 -0.074088
v 0.475173 1.005104 0.123074
v 0.528896 1.083084 0.118809
v 0.479968 1.002233 0.123583
v 0.493819 0.999210 -0.053892
v 0.528752 1.056936 -0.057300
v 0.488447 0.998117 -0.009705
v 0.524028 1.037996 -0.119299
v 0.483541 0.998889 0.040588
v 0.479288 1.001497 0.095055
v 0.527741 1.081564 0.090328
v 0.529183 1.074311 0.036135
v 0.505123 1.006755 -0.117454
v 0.533542 1.080366 0.120394
v 0.484614 0.999514 0.125167
v 0.537861 1.077906 0.122993
v 0.488933 0.997055 0.127767
v 0.541686 1.075799 0.126507
v 0.492758 0.994947 0.131281
v 0.544870 1.074126 0.130802
v 0.495943 0.993274 0.135576
v 0.547292 1.072950 0.135711
v 0.498364 0.992098 0.140485
v 0.548857 1.072318 0.141047
v 0.499930 0.991466 0.145821
v 0.549507 1.072253 0.146604
v 0.500579 0.991401 0.151378
v 0.549215 1.072758 0.152169
v 0.500288 0.991906 0.156943
v 0.547994 1.073813 0.157528
v 0.499066 0.992962 0.162302
v 0.545889 1.075379 0.162475
v 0.496962 0.994527 0.167248
v 0.542983 1.077394 0.166819
v 0.494055 0.996542 0.171593
v 0.539386 1.079782 0.170395
v 0.490458 0.998930 0.175168
v 0.535237 1.082451 0.173063
v 0.486309 1.001599 0.177837
v 0.530695 1.085297 0.174723
v 0.481768 1.004445 0.179497
v 0.525935 1.088212 0.175310
v 0.477008 1.007360 0.180084
v 0.521140 1.091084 0.174802
v 0.472212 1.010232 0.179575
v 0.516494 1.093802 0.173217
v 0.467566 1.012950 0.177991
v 0.512175 1.096262 0.170618
v 0.463248 1.015410 0.175392
v 0.508350 1.098369 0.167104
v 0.459423 1.017517 0.171877
v 0.505166 1.100043 0.162809
v 0.456238 1.019191 0.167583
v 0.502744 1.101218 0.157900
v 0.453817 1.020366 0.162673
v 0.501179 1.101851 0.152564
v 0.452251 1.020999 0.157337
v 0.500529 1.101915 0.147007
v 0.451601 1.021064 0.151780
v 0.500821 1.101411 0.141442
v 0.451893 1.020559 0.146215
v 0.502042 1.100355 0.136083
v 0.453115 1.019503 0.140857
v 0.504147 1.098789 0.131136
v 0.455219 1.017937 0.135910
v 0.507053 1.096774 0.126792
v 0.458126 1.015922 0.131566
v 0.510650 1.094386 0.123216
v 0.461722 1.013534 0.127990
v 0.514799 1.091718 0.120547
v 0.465871 1.010866 0.125321
v 0.519341 1.088871 0.118888
v 0.470413 1.008019 0.123661
v 0.486172 1.072145 -0.092618
v 0.472221 1.057936 -0.134933
v 0.466753 1.050037 -0.140020
v 0.462583 1.042009 -0.133993
v 0.502313 1.082474 -0.013489
v 0.458726 1.026790 -0.089940
v 0.458956 1.023488 -0.071774
v 0.498216 1.080192 -0.035253
v 0.459299 1.030475 -0.103511
v 0.506377 1.084068 0.011400
v 0.461228 1.038084 -0.125538
v 0.514313 1.086507 0.063348
v 0.464668 1.046023 -0.137006
v 0.469487 1.053986 -0.137476
v 0.467266 1.008762 0.067938
v 0.475500 1.061668 -0.126930
v 0.463017 1.012418 0.015630
v 0.482475 1.068773 -0.105773
v 0.460212 1.017391 -0.031544
v 0.490146 1.075028 -0.074817
v 0.422266 1.083236 -0.126071
v 0.453492 1.017294 0.071265
v 0.430094 1.089793 -0.115963
v 0.440650 1.026273 0.021033
v 0.440629 1.094693 -0.095665
v 0.430110 1.036036 -0.024274
v 0.453467 1.097747 -0.065957
v 0.422278 1.046207 -0.062914
v 0.468115 1.098838 -0.027982
v 0.417453 1.056395 -0.093404
v 0.484009 1.097923 0.016803
v 0.415822 1.066210 -0.114570
v 0.500539 1.095038 0.066675
v 0.417447 1.075272 -0.125600
v 0.439990 1.116684 -0.013973
v 0.378355 1.081206 -0.073930
v 0.463111 1.111184 0.027212
v 0.373398 1.093130 -0.093440
v 0.487670 1.103205 0.073084
v 0.373328 1.103269 -0.103625
v 0.378147 1.111232 -0.104096
v 0.440623 1.025460 0.077675
v 0.387669 1.116714 -0.094832
v 0.419752 1.039534 0.031442
v 0.401531 1.119503 -0.076191
v 0.401986 1.053883 -0.010265
v 0.419197 1.119493 -0.048888
v 0.388008 1.067953 -0.045845
v 0.429153 1.032947 0.086921
v 0.349858 1.141395 -0.064351
v 0.401125 1.051693 0.046458
v 0.366683 1.142250 -0.048099
v 0.376919 1.070245 0.009942
v 0.388653 1.139431 -0.024265
v 0.357463 1.087891 -0.021222
v 0.414923 1.133047 0.006234
v 0.343507 1.103952 -0.045838
v 0.444484 1.123343 0.042227
v 0.335586 1.117812 -0.062958
v 0.476200 1.110692 0.082331
v 0.334005 1.128937 -0.071926
v 0.338824 1.136900 -0.072396
v 0.314249 1.123761 -0.010207
v 0.428846 1.133931 0.061272
v 0.303840 1.139306 -0.024297
v 0.466570 1.117212 0.094059
v 0.300989 1.151290 -0.031720
v 0.305808 1.159253 -0.032190
v 0.419522 1.039467 0.098649
v 0.318111 1.162889 -0.025690
v 0.385487 1.062281 0.065502
v 0.337425 1.162059 -0.012469
v 0.355873 1.084494 0.035572
v 0.363008 1.156794 0.006965
v 0.331819 1.105254 0.010008
v 0.393877 1.147296 0.031864
v 0.293650 1.180370 0.019665
v 0.373437 1.070892 0.087844
v 0.314882 1.178169 0.029331
v 0.339657 1.096083 0.065639
v 0.343249 1.170914 0.043602
v 0.312059 1.119374 0.046645
v 0.377661 1.158885 0.061931
v 0.291706 1.139871 0.031592
v 0.416796 1.142542 0.083614
v 0.279379 1.156786 0.021058
v 0.459150 1.122515 0.107817
v 0.275551 1.169469 0.015448
v 0.280370 1.177432 0.014978
v 0.412102 1.044770 0.112407
v 0.408798 1.148845 0.108395
v 0.263143 1.169582 0.071364
v 0.454225 1.126396 0.123077
v 0.258666 1.182776 0.067764
v 0.263485 1.190739 0.067294
v 0.407177 1.048651 0.127667
v 0.277415 1.193165 0.069971
v 0.365439 1.077195 0.112626
v 0.299919 1.189961 0.075693
v 0.328893 1.104565 0.098989
v 0.330134 1.181250 0.084239
v 0.298944 1.129710 0.087282
v 0.366898 1.167367 0.095281
v 0.276743 1.151664 0.077954
v 0.293112 1.196982 0.124836
v 0.323997 1.109616 0.134339
v 0.324167 1.187404 0.127313
v 0.292978 1.135864 0.130356
v 0.362001 1.172417 0.130631
v 0.269936 1.158684 0.127097
v 0.405160 1.152598 0.134663
v 0.255757 1.177200 0.124687
v 0.451984 1.128707 0.139252
v 0.250985 1.190698 0.123219
v 0.255804 1.198662 0.122749
v 0.404937 1.050962 0.143843
v 0.270028 1.200783 0.123295
v 0.361801 1.080948 0.138893
v 0.452514 1.129359 0.155722
v 0.252802 1.192932 0.179680
v 0.257621 1.200896 0.179210
v 0.405467 1.051614 0.160312
v 0.271775 1.202932 0.177587
v 0.362661 1.082006 0.165638
v 0.294722 1.198962 0.174872
v 0.325155 1.111040 0.170332
v 0.325579 1.189140 0.171170
v 0.294389 1.137600 0.174213
v 0.363159 1.173842 0.166624
v 0.271546 1.160664 0.177133
v 0.406020 1.153656 0.161407
v 0.257504 1.179348 0.178979
v 0.332323 1.108783 0.205583
v 0.334313 1.186390 0.214124
v 0.303124 1.134850 0.217167
v 0.370328 1.171585 0.201875
v 0.281511 1.157527 0.226138
v 0.411347 1.151979 0.187601
v 0.268317 1.175944 0.232153
v 0.455794 1.128326 0.171852
v 0.264047 1.189393 0.234980
v 0.268866 1.197356 0.234509
v 0.408747 1.050581 0.176442
v 0.282588 1.199528 0.230761
v 0.367988 1.080329 0.191832
v 0.304687 1.195825 0.223877
v 0.284288 1.180214 0.286991
v 0.289107 1.188177 0.286521
v 0.414651 1.047904 0.191613
v 0.302052 1.190702 0.280773
v 0.377576 1.075982 0.216468
v 0.322625 1.187691 0.269969
v 0.345226 1.102932 0.238738
v 0.350036 1.179261 0.254523
v 0.318846 1.127721 0.257567
v 0.383231 1.165734 0.235030
v 0.299449 1.149394 0.272230
v 0.420935 1.147632 0.212238
v 0.287780 1.167119 0.282166
v 0.461698 1.125649 0.187023
v 0.372142 1.168026 0.290817
v 0.340953 1.116486 0.293860
v 0.401373 1.156514 0.264815
v 0.324670 1.136576 0.313637
v 0.434416 1.140781 0.234371
v 0.315147 1.153211 0.327095
v 0.470000 1.121430 0.200652
v 0.312748 1.165751 0.333716
v 0.317567 1.173714 0.333246
v 0.422952 1.043685 0.205242
v 0.329418 1.176794 0.325703
v 0.391056 1.069131 0.238601
v 0.347846 1.174874 0.311376
v 0.363369 1.093712 0.268523
v 0.353152 1.154520 0.372889
v 0.433332 1.038087 0.216806
v 0.363635 1.158339 0.363822
v 0.407912 1.060039 0.257379
v 0.379380 1.157865 0.346507
v 0.386052 1.081477 0.293794
v 0.399782 1.153118 0.321610
v 0.368593 1.101578 0.324653
v 0.424057 1.144279 0.290086
v 0.356205 1.119567 0.348768
v 0.451271 1.131689 0.253148
v 0.349364 1.134755 0.365214
v 0.480379 1.115831 0.212216
v 0.348333 1.146557 0.373359
v 0.400705 1.083568 0.348761
v 0.450411 1.129499 0.309871
v 0.392841 1.099020 0.376273
v 0.470854 1.120707 0.267850
v 0.389116 1.112460 0.395059
v 0.492438 1.109069 0.221269
v 0.389674 1.123372 0.404396
v 0.394493 1.131335 0.403926
v 0.445391 1.031324 0.225859
v 0.403388 1.136044 0.393666
v 0.427495 1.049057 0.272080
v 0.416017 1.137318 0.374012
v 0.412406 1.066697 0.313579
v 0.431895 1.135108 0.345718
v 0.440003 1.105048 0.425165
v 0.458666 1.023656 0.232054
v 0.447149 1.110768 0.414089
v 0.449052 1.036605 0.282141
v 0.456348 1.114023 0.392834
v 0.441417 1.049941 0.327118
v 0.467245 1.114690 0.362215
v 0.436055 1.063150 0.365258
v 0.479422 1.112743 0.323410
v 0.433172 1.075726 0.395095
v 0.492411 1.108255 0.277911
v 0.432878 1.087184 0.415482
v 0.505713 1.101401 0.227464
v 0.435185 1.097085 0.425635
v 0.509975 1.094653 0.330183
v 0.475646 1.050578 0.404510
v 0.515114 1.094814 0.282943
v 0.478966 1.059897 0.425698
v 0.519694 1.093124 0.230563
v 0.483114 1.068708 0.436259
v 0.487933 1.076671 0.435789
v 0.472646 1.015379 0.235153
v 0.493237 1.083481 0.424305
v 0.471755 1.023164 0.287173
v 0.498822 1.088876 0.402249
v 0.471971 1.031851 0.333891
v 0.504474 1.092648 0.370468
v 0.473284 1.041108 0.373511
v 0.539880 1.055232 0.423922
v 0.494732 1.009248 0.286985
v 0.541809 1.062841 0.401896
v 0.502892 1.013124 0.333637
v 0.542152 1.069829 0.370158
v 0.510963 1.018289 0.373201
v 0.540897 1.075926 0.329929
v 0.518633 1.024544 0.404157
v 0.538091 1.080898 0.282754
v 0.525609 1.031648 0.425315
v 0.533843 1.084554 0.230447
v 0.531622 1.039330 0.435861
v 0.536440 1.047293 0.435391
v 0.486795 1.006810 0.235037
v 0.560458 1.067043 0.277352
v 0.571015 1.003523 0.414347
v 0.547617 1.076023 0.227120
v 0.578842 1.010081 0.424455
v 0.583661 1.018044 0.423985
v 0.500569 0.998278 0.231710
v 0.585286 1.027107 0.412955
v 0.517099 0.995393 0.281582
v 0.583655 1.036921 0.391788
v 0.532994 0.994479 0.326366
v 0.578831 1.047109 0.361299
v 0.547641 0.995569 0.364342
v 0.570998 1.057280 0.322658
v 0.560480 0.998623 0.394049
v 0.537998 0.982132 0.271173
v 0.622754 1.012111 0.372314
v 0.561118 0.976632 0.312358
v 0.613101 1.025363 0.344230
v 0.581911 0.973823 0.347273
v 0.599123 1.039434 0.308650
v 0.599578 0.973813 0.374575
v 0.581357 1.053782 0.266943
v 0.613439 0.976602 0.393217
v 0.560486 1.067856 0.220710
v 0.622962 0.982084 0.402480
v 0.627781 0.990047 0.402010
v 0.513438 0.990112 0.225300
v 0.627711 1.000186 0.391824
v 0.651251 0.951921 0.362735
v 0.571956 1.060369 0.211464
v 0.662285 0.956416 0.370781
v 0.667104 0.964379 0.370310
v 0.524908 0.982625 0.216054
v 0.665523 0.975505 0.361343
v 0.556624 0.969974 0.256158
v 0.657601 0.989364 0.344222
v 0.586185 0.960270 0.292151
v 0.643645 1.005425 0.319607
v 0.612455 0.953885 0.322650
v 0.624190 1.023071 0.288443
v 0.634426 0.951066 0.346484
v 0.599983 1.041624 0.251927
v 0.686859 0.969555 0.308592
v 0.607231 0.946020 0.266521
v 0.669290 0.988063 0.288377
v 0.638100 0.936523 0.291420
v 0.645236 1.008822 0.262813
v 0.663683 0.931257 0.310853
v 0.615622 1.031035 0.232882
v 0.682997 0.930427 0.324074
v 0.581586 1.053849 0.199736
v 0.695300 0.934063 0.330574
v 0.700119 0.942026 0.330104
v 0.534539 0.976104 0.204326
v 0.697269 0.954010 0.322682
v 0.572263 0.959385 0.237113
v 0.589006 1.048547 0.185978
v 0.720739 0.915884 0.283407
v 0.725558 0.923847 0.282937
v 0.541959 0.970802 0.190568
v 0.721730 0.936530 0.277327
v 0.584312 0.950774 0.214771
v 0.709403 0.953445 0.266793
v 0.623447 0.934432 0.236453
v 0.689049 0.973942 0.251739
v 0.657860 0.922402 0.254782
v 0.661452 0.997234 0.232745
v 0.686227 0.915147 0.269054
v 0.627672 1.022424 0.210540
v 0.707458 0.912946 0.278719
v 0.634211 0.925949 0.203104
v 0.702164 0.963606 0.211103
v 0.670974 0.912066 0.214146
v 0.672215 0.988751 0.199396
v 0.701189 0.903355 0.222692
v 0.635669 1.016121 0.185759
v 0.723694 0.900151 0.228413
v 0.593931 1.044665 0.170717
v 0.737623 0.902577 0.231091
v 0.742442 0.910541 0.230620
v 0.546884 0.966920 0.175308
v 0.737966 0.923735 0.227021
v 0.592310 0.944471 0.189990
v 0.724365 0.941653 0.220431
v 0.745305 0.894655 0.175636
v 0.750124 0.902618 0.175166
v 0.549124 0.964609 0.159132
v 0.745352 0.916117 0.173698
v 0.595949 0.940719 0.163722
v 0.731172 0.934632 0.171287
v 0.639107 0.920899 0.167753
v 0.708131 0.957452 0.168028
v 0.676941 0.905912 0.171071
v 0.677112 0.983701 0.164045
v 0.707996 0.896334 0.173549
v 0.639308 1.012369 0.159492
v 0.731080 0.892533 0.175090
v 0.596172 1.042354 0.154542
v 0.706719 0.955717 0.124172
v 0.675530 0.904177 0.127215
v 0.675954 0.982276 0.128053
v 0.706387 0.894354 0.123513
v 0.638447 1.011310 0.132747
v 0.729333 0.890385 0.120798
v 0.595642 1.041703 0.138073
v 0.743488 0.892421 0.119174
v 0.748307 0.900384 0.118704
v 0.548594 0.963958 0.142663
v 0.743605 0.913968 0.119406
v 0.595088 0.939660 0.136977
v 0.729562 0.932652 0.121252
v 0.637949 0.919475 0.131761
v 0.737062 0.903924 0.063405
v 0.545314 0.964990 0.126533
v 0.732792 0.917372 0.066231
v 0.589762 0.941337 0.110783
v 0.719597 0.935789 0.072246
v 0.630781 0.921731 0.096510
v 0.697985 0.958466 0.081218
v 0.666795 0.906926 0.084261
v 0.668785 0.984533 0.092802
v 0.696421 0.897491 0.074507
v 0.633121 1.012987 0.106553
v 0.718520 0.893789 0.067624
v 0.592362 1.042735 0.121942
v 0.732243 0.895961 0.063875
v 0.655882 0.990384 0.059647
v 0.678483 0.905625 0.028415
v 0.623533 1.017335 0.081916
v 0.699056 0.902614 0.017611
v 0.586458 1.045412 0.106771
v 0.712001 0.905139 0.011864
v 0.716820 0.913102 0.011394
v 0.539410 0.967668 0.111362
v 0.713328 0.926198 0.016219
v 0.580174 0.945685 0.086147
v 0.701659 0.943923 0.026154
v 0.617877 0.927582 0.063355
v 0.682262 0.965596 0.040818
v 0.651073 0.914056 0.043861
v 0.531109 0.971886 0.097732
v 0.685962 0.940106 -0.028710
v 0.566693 0.952536 0.064014
v 0.676439 0.956740 -0.015253
v 0.599735 0.936802 0.033569
v 0.660156 0.976830 0.004524
v 0.628966 0.925290 0.007567
v 0.637740 0.999604 0.029861
v 0.653263 0.918443 -0.012992
v 0.610052 1.024186 0.059784
v 0.671690 0.916522 -0.027318
v 0.578156 1.049631 0.093142
v 0.683541 0.919603 -0.034861
v 0.688360 0.927566 -0.035331
v 0.621728 0.935452 -0.048123
v 0.593196 1.033277 0.041006
v 0.637473 0.934978 -0.065437
v 0.567777 1.055230 0.081579
v 0.647957 0.938796 -0.074504
v 0.652776 0.946759 -0.074974
v 0.520729 0.977485 0.086169
v 0.651745 0.958561 -0.066830
v 0.549837 0.961627 0.045236
v 0.644904 0.973749 -0.050384
v 0.577052 0.949037 0.008298
v 0.632516 0.991739 -0.026268
v 0.601326 0.940199 -0.023225
v 0.615056 1.011839 0.004590
v 0.611992 0.980856 -0.096674
v 0.530255 0.972610 0.030535
v 0.608267 0.994296 -0.077889
v 0.550698 0.963817 -0.011487
v 0.600403 1.009748 -0.050376
v 0.569214 0.958208 -0.047333
v 0.588702 1.026619 -0.015195
v 0.585091 0.955998 -0.075627
v 0.573614 1.044260 0.026304
v 0.597720 0.957272 -0.095282
v 0.555718 1.061993 0.072526
v 0.606615 0.961981 -0.105541
v 0.611434 0.969945 -0.106012
v 0.508670 0.984248 0.077116
v 0.552057 1.056711 0.016244
v 0.553959 0.982549 -0.115705
v 0.542443 1.069660 0.066330
v 0.561105 0.988268 -0.126780
v 0.565924 0.996231 -0.127251
v 0.495395 0.991915 0.070921
v 0.568231 1.006132 -0.117097
v 0.508697 0.985061 0.020474
v 0.567937 1.017591 -0.096710
v 0.521687 0.980574 -0.025026
v 0.565053 1.030166 -0.066874
v 0.533864 0.978626 -0.063831
v 0.559691 1.043376 -0.028734
v 0.544761 0.979293 -0.094449
v 0.529138 1.061465 -0.035507
v 0.502286 1.004441 -0.103864
v 0.529353 1.070153 0.011211
v 0.507871 1.009836 -0.125921
v 0.528462 1.077938 0.063231
v 0.513175 1.016645 -0.137405
v 0.517994 1.024609 -0.137875
v 0.481415 1.000193 0.067822
v 0.522143 1.033419 -0.127313
v 0.485994 0.998503 0.015442
v 0.525462 1.042739 -0.106126
v 0.491133 0.998663 -0.031798
v 0.527824 1.052209 -0.075126
v 0.496634 1.000669 -0.072083
vn -0.4969 -0.8555 -0.1455
vn 0.5172 0.8202 -0.2444
vn -0.5056 -0.8588 -0.0827
vn 0.5095 0.7905 -0.3401
vn -0.5106 -0.8590 -0.0366
vn 0.4794 0.7088 -0.5175
vn -0.5139 -0.8579 0.0010
vn 0.3104 0.3627 -0.8787
vn 0.5178 0.8529 -0.0665
vn -0.5162 -0.8558 0.0344
vn -0.2219 -0.5169 -0.8268
vn 0.5190 0.8489 -0.0998
vn -0.4303 -0.7944 -0.4287
vn 0.5196 0.8433 -0.1371
vn -0.4792 -0.8432 -0.2436
vn 0.5193 0.8348 -0.1827
vn -0.4307 -0.8719 -0.2328
vn 0.5414 0.8218 -0.1778
vn -0.4646 -0.8747 -0.1383
vn 0.5495 0.8011 -0.2372
vn -0.4835 -0.8719 -0.0778
vn 0.5579 0.7618 -0.3292
vn -0.4962 -0.8676 -0.0334
vn 0.5580 0.6623 -0.5000
vn -0.5057 -0.8627 0.0028
vn 0.4521 0.2789 -0.8472
vn 0.5205 0.8513 -0.0659
vn -0.5135 -0.8574 0.0350
vn -0.0803 -0.6009 -0.7953
vn 0.5272 0.8441 -0.0980
vn -0.3517 -0.8409 -0.4112
vn 0.5340 0.8348 -0.1339
vn -0.4979 -0.8672 0.0064
vn 0.5868 0.2013 -0.7843
vn 0.5230 0.8498 -0.0647
vn -0.5110 -0.8588 0.0362
vn 0.0542 -0.6787 -0.7324
vn 0.5350 0.8396 -0.0943
vn -0.2771 -0.8841 -0.3762
vn 0.5477 0.8269 -0.1275
vn -0.3847 -0.8986 -0.2112
vn 0.5623 0.8097 -0.1680
vn -0.4338 -0.8925 -0.1238
vn 0.5803 0.7833 -0.2228
vn -0.4626 -0.8840 -0.0680
vn 0.6040 0.7352 -0.3076
vn -0.4825 -0.8755 -0.0270
vn 0.6326 0.6193 -0.4650
vn 0.5813 0.7990 -0.1536
vn -0.4059 -0.9081 -0.1027
vn 0.6082 0.7677 -0.2017
vn -0.4436 -0.8946 -0.0536
vn 0.6458 0.7118 -0.2761
vn -0.4700 -0.8825 -0.0176
vn 0.7005 0.5814 -0.4139
vn -0.4908 -0.8712 0.0118
vn 0.7093 0.1329 -0.6923
vn 0.5253 0.8486 -0.0630
vn -0.5087 -0.8601 0.0379
vn 0.1765 -0.7476 -0.6403
vn 0.5421 0.8356 -0.0890
vn -0.2094 -0.9222 -0.3251
vn 0.5602 0.8199 -0.1181
vn -0.3429 -0.9220 -0.1796
vn 0.8149 0.0762 -0.5746
vn 0.5273 0.8475 -0.0608
vn -0.5067 -0.8612 0.0401
vn 0.2819 -0.8047 -0.5226
vn 0.5482 0.8323 -0.0821
vn -0.1510 -0.9538 -0.2597
vn 0.5709 0.8141 -0.1061
vn -0.3069 -0.9415 -0.1393
vn 0.5977 0.7902 -0.1353
vn -0.3819 -0.9211 -0.0758
vn 0.6323 0.7548 -0.1747
vn -0.4272 -0.9035 -0.0353
vn 0.6818 0.6925 -0.2358
vn -0.4593 -0.8883 -0.0056
vn 0.7590 0.5500 -0.3485
vn -0.4847 -0.8745 0.0186
vn -0.3626 -0.9309 -0.0440
vn 0.6515 0.7450 -0.1430
vn -0.4141 -0.9101 -0.0136
vn 0.7107 0.6779 -0.1882
vn -0.4507 -0.8926 0.0086
vn 0.8058 0.5264 -0.2714
vn -0.4798 -0.8770 0.0267
vn 0.8995 0.0334 -0.4357
vn 0.5289 0.8467 -0.0582
vn -0.5051 -0.8620 0.0427
vn 0.3662 -0.8478 -0.3836
vn 0.5531 0.8298 -0.0741
vn -0.1044 -0.9776 -0.1826
vn 0.5795 0.8098 -0.0919
vn -0.2782 -0.9561 -0.0917
vn 0.6108 0.7836 -0.1136
vn -0.5040 -0.8625 0.0457
vn 0.4263 -0.8752 -0.2288
vn 0.5565 0.8283 -0.0651
vn -0.0711 -0.9928 -0.0968
vn 0.5856 0.8070 -0.0762
vn -0.2577 -0.9654 -0.0388
vn 0.6201 0.7794 -0.0896
vn -0.3490 -0.9371 -0.0087
vn 0.6652 0.7388 -0.1076
vn -0.4048 -0.9143 0.0104
vn 0.7312 0.6686 -0.1353
vn -0.4446 -0.8954 0.0243
vn 0.8391 0.5114 -0.1856
vn -0.4763 -0.8785 0.0356
vn 0.9597 0.0063 -0.2809
vn 0.5300 0.8462 -0.0552
vn -0.3997 -0.9160 0.0360
vn 0.7426 0.6651 -0.0790
vn -0.4413 -0.8964 0.0411
vn 0.8576 0.5056 -0.0943
vn -0.4744 -0.8791 0.0452
vn 0.9932 -0.0041 -0.1161
vn 0.5307 0.8460 -0.0521
vn -0.5033 -0.8627 0.0487
vn 0.4597 -0.8857 -0.0641
vn 0.5585 0.8277 -0.0556
vn -0.0527 -0.9986 -0.0055
vn 0.5890 0.8060 -0.0594
vn -0.2463 -0.9690 0.0175
vn 0.6253 0.7778 -0.0640
vn -0.3414 -0.9395 0.0289
vn 0.6728 0.7365 -0.0700
vn 0.5588 0.8281 -0.0459
vn -0.0497 -0.9949 0.0877
vn 0.5895 0.8067 -0.0423
vn -0.2445 -0.9668 0.0749
vn 0.6261 0.7788 -0.0379
vn -0.3401 -0.9380 0.0673
vn 0.6741 0.7380 -0.0317
vn -0.3988 -0.9149 0.0621
vn 0.7444 0.6674 -0.0216
vn -0.4407 -0.8958 0.0582
vn 0.8606 0.5093 -0.0011
vn -0.4741 -0.8788 0.0549
vn 0.9986 0.0025 0.0521
vn 0.5308 0.8461 -0.0490
vn -0.5032 -0.8626 0.0519
vn 0.4651 -0.8791 0.1042
vn 0.7366 0.6754 0.0349
vn -0.4430 -0.8934 0.0750
vn 0.8480 0.5223 0.0904
vn -0.4754 -0.8774 0.0645
vn 0.9758 0.0260 0.2173
vn 0.5303 0.8465 -0.0459
vn -0.5037 -0.8621 0.0550
vn 0.4423 -0.8554 0.2693
vn 0.5575 0.8294 -0.0363
vn -0.0623 -0.9818 0.1792
vn 0.5872 0.8090 -0.0255
vn -0.2522 -0.9587 0.1314
vn 0.6226 0.7824 -0.0122
vn -0.3453 -0.9326 0.1050
vn 0.6689 0.7433 0.0060
vn -0.4024 -0.9113 0.0878
vn -0.0899 -0.9599 0.2655
vn 0.5821 0.8130 -0.0097
vn -0.2693 -0.9452 0.1846
vn 0.6148 0.7886 0.0120
vn -0.3567 -0.9236 0.1406
vn 0.6575 0.7523 0.0416
vn -0.4101 -0.9051 0.1120
vn 0.7196 0.6888 0.0881
vn -0.4481 -0.8894 0.0908
vn 0.8202 0.5441 0.1767
vn -0.4783 -0.8751 0.0735
vn 0.9255 0.0654 0.3730
vn 0.5294 0.8473 -0.0429
vn -0.5046 -0.8614 0.0579
vn 0.3923 -0.8158 0.4251
vn 0.5546 0.8317 -0.0273
vn -0.4557 -0.8839 0.1051
vn 0.7784 0.5739 0.2545
vn -0.4827 -0.8720 0.0816
vn 0.8499 0.1192 0.5133
vn 0.5280 0.8483 -0.0403
vn -0.5060 -0.8604 0.0606
vn 0.3169 -0.7616 0.5653
vn 0.5502 0.8348 -0.0192
vn -0.1316 -0.9299 0.3433
vn 0.5745 0.8185 0.0046
vn -0.2950 -0.9268 0.2326
vn 0.6031 0.7969 0.0338
vn -0.3739 -0.9113 0.1726
vn 0.6403 0.7646 0.0737
vn -0.4218 -0.8968 0.1338
vn 0.6938 0.7072 0.1361
vn 0.5645 0.8252 0.0168
vn -0.3283 -0.9041 0.2735
vn 0.5880 0.8072 0.0524
vn -0.3962 -0.8961 0.1999
vn 0.6180 0.7797 0.1010
vn -0.4370 -0.8865 0.1524
vn 0.6604 0.7298 0.1770
vn -0.4657 -0.8771 0.1173
vn 0.7242 0.6104 0.3208
vn -0.4883 -0.8682 0.0885
vn 0.7519 0.1853 0.6327
vn 0.5261 0.8495 -0.0380
vn -0.5079 -0.8591 0.0628
vn 0.2191 -0.6951 0.6847
vn 0.5446 0.8386 -0.0122
vn -0.1857 -0.8931 0.4096
vn 0.6596 0.6525 0.3731
vn -0.4950 -0.8638 0.0940
vn 0.6354 0.2611 0.7267
vn 0.5240 0.8510 -0.0363
vn -0.5101 -0.8577 0.0646
vn 0.1028 -0.6189 0.7787
vn 0.5378 0.8430 -0.0068
vn -0.2502 -0.8509 0.4619
vn 0.5527 0.8330 0.0264
vn -0.3681 -0.8781 0.3057
vn 0.5699 0.8190 0.0671
vn -0.4227 -0.8788 0.2215
vn 0.5914 0.7970 0.1225
vn -0.4550 -0.8747 0.1671
vn 0.6206 0.7557 0.2092
vn -0.4775 -0.8694 0.1269
vn -0.4127 -0.8498 0.3281
vn 0.5496 0.8319 0.0773
vn -0.4525 -0.8599 0.2364
vn 0.5616 0.8159 0.1375
vn -0.4753 -0.8618 0.1772
vn 0.5760 0.7840 0.2316
vn -0.4908 -0.8610 0.1336
vn 0.5872 0.6983 0.4093
vn -0.5026 -0.8590 0.0978
vn 0.5048 0.3438 0.7918
vn 0.5215 0.8525 -0.0350
vn -0.5125 -0.8562 0.0659
vn -0.0276 -0.5360 0.8438
vn 0.5303 0.8478 -0.0030
vn -0.3225 -0.8050 0.4981
vn 0.5394 0.8414 0.0330
vn -0.5107 -0.8540 0.0998
vn 0.3652 0.4301 0.8256
vn 0.5189 0.8542 -0.0344
vn -0.5151 -0.8545 0.0665
vn -0.1671 -0.4495 0.8775
vn 0.5222 0.8528 -0.0010
vn -0.3999 -0.7570 0.5169
vn 0.5252 0.8502 0.0365
vn -0.4604 -0.8202 0.3396
vn 0.5279 0.8453 0.0825
vn -0.4844 -0.8401 0.2442
vn 0.5297 0.8357 0.1452
vn -0.4970 -0.8483 0.1825
vn 0.5282 0.8135 0.2432
vn -0.5050 -0.8522 0.1370
vn 0.5098 0.7462 0.4281
vn -0.5172 -0.8202 0.2444
vn 0.4969 0.8555 0.1455
vn -0.5193 -0.8348 0.1827
vn 0.4792 0.8432 0.2436
vn -0.5196 -0.8433 0.1371
vn 0.4303 0.7944 0.4288
vn -0.5190 -0.8489 0.0998
vn 0.2219 0.5169 0.8268
vn 0.5162 0.8558 -0.0344
vn -0.5178 -0.8529 0.0665
vn -0.3104 -0.3627 0.8787
vn 0.5139 0.8579 -0.0010
vn -0.4794 -0.7088 0.5175
vn 0.5106 0.8590 0.0366
vn -0.5095 -0.7905 0.3401
vn 0.5056 0.8588 0.0827
vn 0.5135 0.8574 -0.0350
vn -0.5205 -0.8513 0.0659
vn -0.4521 -0.2789 0.8472
vn 0.5057 0.8627 -0.0028
vn -0.5580 -0.6623 0.5000
vn 0.4962 0.8676 0.0334
vn -0.5579 -0.7618 0.3292
vn 0.4835 0.8719 0.0778
vn -0.5495 -0.8011 0.2372
vn 0.4646 0.8747 0.1383
vn -0.5414 -0.8218 0.1778
vn 0.4307 0.8719 0.2328
vn -0.5340 -0.8348 0.1339
vn 0.3517 0.8409 0.4112
vn -0.5272 -0.8441 0.0980
vn 0.0803 0.6009 0.7953
vn 0.4338 0.8925 0.1238
vn -0.5623 -0.8097 0.1680
vn 0.3847 0.8986 0.2112
vn -0.5477 -0.8269 0.1275
vn 0.2771 0.8841 0.3762
vn -0.5350 -0.8396 0.0943
vn -0.0542 0.6787 0.7324
vn 0.5110 0.8588 -0.0362
vn -0.5230 -0.8498 0.0647
vn -0.5868 -0.2013 0.7843
vn 0.4979 0.8672 -0.0064
vn -0.6326 -0.6193 0.4650
vn 0.4825 0.8755 0.0270
vn -0.6040 -0.7352 0.3076
vn 0.4626 0.8840 0.0680
vn -0.5803 -0.7833 0.2228
vn -0.7093 -0.1329 0.6923
vn 0.4908 0.8712 -0.0118
vn -0.7005 -0.5814 0.4139
vn 0.4700 0.8825 0.0176
vn -0.6458 -0.7118 0.2761
vn 0.4436 0.8946 0.0536
vn -0.6082 -0.7677 0.2017
vn 0.4059 0.9081 0.1027
vn -0.5813 -0.7990 0.1536
vn 0.3429 0.9220 0.1796
vn -0.5602 -0.8199 0.1181
vn 0.2094 0.9222 0.3251
vn -0.5421 -0.8356 0.0890
vn -0.1765 0.7476 0.6403
vn 0.5087 0.8601 -0.0379
vn -0.5253 -0.8486 0.0630
vn -0.5977 -0.7902 0.1353
vn 0.3069 0.9415 0.1393
vn -0.5709 -0.8141 0.1061
vn 0.1510 0.9538 0.2597
vn -0.5482 -0.8323 0.0821
vn -0.2819 0.8046 0.5226
vn 0.5067 0.8612 -0.0401
vn -0.5273 -0.8475 0.0608
vn -0.8149 -0.0762 0.5746
vn 0.4847 0.8745 -0.0186
vn -0.7590 -0.5500 0.3485
vn 0.4593 0.8883 0.0056
vn -0.6818 -0.6925 0.2358
vn 0.4272 0.9035 0.0353
vn -0.6323 -0.7548 0.1747
vn 0.3819 0.9211 0.0758
vn 0.4798 0.8770 -0.0267
vn -0.8058 -0.5264 0.2714
vn 0.4507 0.8926 -0.0086
vn -0.7107 -0.6779 0.1882
vn 0.4141 0.9101 0.0136
vn -0.6515 -0.7450 0.1430
vn 0.3626 0.9309 0.0440
vn -0.6108 -0.7836 0.1136
vn 0.2782 0.9561 0.0917
vn -0.5795 -0.8098 0.0919
vn 0.1044 0.9776 0.1826
vn -0.5531 -0.8298 0.0741
vn -0.3663 0.8477 0.3836
vn 0.5051 0.8620 -0.0427
vn -0.5289 -0.8467 0.0582
vn -0.8995 -0.0334 0.4357
vn 0.2577 0.9654 0.0388
vn -0.5856 -0.8070 0.0762
vn 0.0711 0.9928 0.0968
vn -0.5565 -0.8283 0.0651
vn -0.4263 0.8752 0.2288
vn 0.5040 0.8625 -0.0457
vn -0.5300 -0.8462 0.0552
vn -0.9597 -0.0063 0.2809
vn 0.4763 0.8785 -0.0356
vn -0.8391 -0.5114 0.1856
vn 0.4446 0.8954 -0.0243
vn -0.7312 -0.6686 0.1353
vn 0.4048 0.9143 -0.0104
vn -0.6652 -0.7388 0.1076
vn 0.3490 0.9371 0.0087
vn -0.6201 -0.7794 0.0896
vn -0.8576 -0.5056 0.0943
vn 0.4413 0.8964 -0.0411
vn -0.7426 -0.6651 0.0790
vn 0.3997 0.9160 -0.0360
vn -0.6728 -0.7365 0.0700
vn 0.3414 0.9395 -0.0289
vn -0.6253 -0.7778 0.0640
vn 0.2463 0.9690 -0.0175
vn -0.5890 -0.8060 0.0594
vn 0.0527 0.9986 0.0055
vn -0.5585 -0.8277 0.0556
vn -0.4597 0.8857 0.0641
vn 0.5033 0.8627 -0.0487
vn -0.5307 -0.8460 0.0521
vn -0.9932 0.0042 0.1161
vn 0.4744 0.8791 -0.0452
vn -0.5895 -0.8067 0.0423
vn 0.0497 0.9949 -0.0877
vn -0.5588 -0.8281 0.0459
vn -0.4651 0.8791 -0.1042
vn 0.5032 0.8626 -0.0519
vn -0.5308 -0.8461 0.0490
vn -0.9986 -0.0025 -0.0521
vn 0.4741 0.8788 -0.0549
vn -0.8606 -0.5093 0.0011
vn 0.4407 0.8958 -0.0582
vn -0.7444 -0.6674 0.0216
vn 0.3988 0.9149 -0.0621
vn -0.6741 -0.7380 0.0317
vn 0.3401 0.9380 -0.0673
vn -0.6261 -0.7788 0.0379
vn 0.2445 0.9668 -0.0749
vn -0.7366 -0.6754 -0.0349
vn 0.4024 0.9113 -0.0878
vn -0.6689 -0.7433 -0.0060
vn 0.3453 0.9326 -0.1050
vn -0.6226 -0.7824 0.0122
vn 0.2522 0.9587 -0.1314
vn -0.5872 -0.8090 0.0255
vn 0.0623 0.9818 -0.1792
vn -0.5575 -0.8294 0.0363
vn -0.4424 0.8554 -0.2693
vn 0.5037 0.8621 -0.0550
vn -0.5303 -0.8465 0.0459
vn -0.9758 -0.0260 -0.2173
vn 0.4754 0.8774 -0.0645
vn -0.8480 -0.5223 -0.0904
vn 0.4430 0.8934 -0.0750
vn -0.5546 -0.8317 0.0273
vn -0.3923 0.8157 -0.4251
vn 0.5046 0.8614 -0.0579
vn -0.5294 -0.8473 0.0429
vn -0.9255 -0.0654 -0.3730
vn 0.4783 0.8751 -0.0735
vn -0.8202 -0.5441 -0.1767
vn 0.4481 0.8894 -0.0908
vn -0.7196 -0.6888 -0.0881
vn 0.4101 0.9051 -0.1120
vn -0.6575 -0.7523 -0.0416
vn 0.3567 0.9236 -0.1406
vn -0.6148 -0.7886 -0.0120
vn 0.2693 0.9452 -0.1846
vn -0.5821 -0.8130 0.0097
vn 0.0899 0.9599 -0.2655
vn 0.4218 0.8968 -0.1338
vn -0.6403 -0.7646 -0.0737
vn 0.3739 0.9113 -0.1726
vn -0.6031 -0.7969 -0.0338
vn 0.2950 0.9268 -0.2326
vn -0.5745 -0.8185 -0.0046
vn 0.1316 0.9299 -0.3433
vn -0.5502 -0.8348 0.0192
vn -0.3169 0.7616 -0.5653
vn 0.5060 0.8604 -0.0606
vn -0.5280 -0.8483 0.0403
vn -0.8499 -0.1192 -0.5133
vn 0.4827 0.8720 -0.0816
vn -0.7784 -0.5739 -0.2545
vn 0.4557 0.8839 -0.1051
vn -0.6938 -0.7072 -0.1361
vn -0.2191 0.6951 -0.6847
vn 0.5079 0.8591 -0.0628
vn -0.5261 -0.8495 0.0380
vn -0.7519 -0.1853 -0.6327
vn 0.4883 0.8682 -0.0885
vn -0.7242 -0.6104 -0.3208
vn 0.4657 0.8771 -0.1173
vn -0.6604 -0.7298 -0.1770
vn 0.4370 0.8865 -0.1524
vn -0.6180 -0.7797 -0.1010
vn 0.3962 0.8961 -0.1999
vn -0.5880 -0.8072 -0.0524
vn 0.3283 0.9041 -0.2735
vn -0.5645 -0.8252 -0.0168
vn 0.1857 0.8931 -0.4096
vn -0.5446 -0.8386 0.0122
vn -0.5914 -0.7970 -0.1225
vn 0.4227 0.8788 -0.2215
vn -0.5699 -0.8190 -0.0671
vn 0.3681 0.8781 -0.3057
vn -0.5527 -0.8330 -0.0264
vn 0.2502 0.8509 -0.4619
vn -0.5378 -0.8430 0.0068
vn -0.1028 0.6189 -0.7787
vn 0.5101 0.8577 -0.0646
vn -0.5240 -0.8510 0.0363
vn -0.6354 -0.2611 -0.7267
vn 0.4950 0.8638 -0.0940
vn -0.6596 -0.6525 -0.3731
vn 0.4775 0.8694 -0.1269
vn -0.6206 -0.7557 -0.2092
vn 0.4550 0.8747 -0.1671
vn 0.5125 0.8562 -0.0659
vn -0.5215 -0.8525 0.0350
vn -0.5048 -0.3438 -0.7918
vn 0.5026 0.8590 -0.0978
vn -0.5872 -0.6983 -0.4093
vn 0.4908 0.8610 -0.1336
vn -0.5760 -0.7840 -0.2316
vn 0.4753 0.8618 -0.1772
vn -0.5616 -0.8159 -0.1375
vn 0.4525 0.8599 -0.2364
vn -0.5496 -0.8319 -0.0773
vn 0.4127 0.8498 -0.3281
vn -0.5394 -0.8414 -0.0330
vn 0.3225 0.8050 -0.4981
vn -0.5303 -0.8478 0.0030
vn 0.0276 0.5360 -0.8438
vn 0.4844 0.8401 -0.2442
vn -0.5279 -0.8453 -0.0825
vn 0.4604 0.8202 -0.3397
vn -0.5252 -0.8502 -0.0365
vn 0.3999 0.7570 -0.5168
vn -0.5222 -0.8528 0.0010
vn 0.1671 0.4495 -0.8775
vn 0.5151 0.8545 -0.0665
vn -0.5189 -0.8542 0.0344
vn -0.3652 -0.4301 -0.8256
vn 0.5107 0.8540 -0.0998
vn -0.5098 -0.7462 -0.4281
vn 0.5050 0.8522 -0.1370
vn -0.5282 -0.8135 -0.2432
vn 0.4970 0.8483 -0.1825
vn -0.5297 -0.8357 -0.1452
vn 0.4604 0.8202 -0.3396
vn 0.5125 0.8562 -0.0658
vn -0.3923 0.8158 -0.4251
vn -0.5289 -0.8467 0.0581
vn -0.3663 0.8478 0.3836
vn -0.7005 -0.5814 0.4138
vn -0.7093 -0.1328 0.6923
vn -0.4521 -0.2789 0.8473
vn 0.4303 0.7944 0.4287
vn -0.4604 -0.8202 0.3397
vn -0.3999 -0.7570 0.5168
vn 0.1028 -0.6190 0.7787
vn 0.5289 0.8467 -0.0581
vn 0.2819 -0.8046 -0.5226
vt 0.734375 0.281250
vt 0.734375 0.312500
vt 0.718750 0.312500
vt 0.718750 0.281250
vt 0.734375 0.718750
vt 0.734375 0.750000
vt 0.718750 0.750000
vt 0.718750 0.718750
vt 0.734375 0.218750
vt 0.734375 0.250000
vt 0.718750 0.250000
vt 0.718750 0.218750
vt 0.734375 0.656250
vt 0.734375 0.687500
vt 0.718750 0.687500
vt 0.718750 0.656250
vt 0.734375 0.156250
vt 0.734375 0.187500
vt 0.718750 0.187500
vt 0.718750 0.156250
vt 0.734375 0.593750
vt 0.734375 0.625000
vt 0.718750 0.625000
vt 0.718750 0.593750
vt 0.734375 0.093750
vt 0.734375 0.125000
vt 0.718750 0.125000
vt 0.718750 0.093750
vt 0.734375 0.531250
vt 0.734375 0.562500
vt 0.718750 0.562500
vt 0.718750 0.531250
vt 0.750000 0.937500
vt 0.742188 0.968750
vt 0.734375 0.937500
vt 0.734375 0.000000
vt 0.742188 0.031250
vt 0.726562 0.031250
vt 0.734375 0.468750
vt 0.734375 0.500000
vt 0.718750 0.500000
vt 0.718750 0.468750
vt 0.734375 0.906250
vt 0.718750 0.937500
vt 0.718750 0.906250
vt 0.734375 0.406250
vt 0.734375 0.437500
vt 0.718750 0.437500
vt 0.718750 0.406250
vt 0.734375 0.843750
vt 0.734375 0.875000
vt 0.718750 0.875000
vt 0.718750 0.843750
vt 0.734375 0.343750
vt 0.734375 0.375000
vt 0.718750 0.375000
vt 0.718750 0.343750
vt 0.734375 0.781250
vt 0.734375 0.812500
vt 0.718750 0.812500
vt 0.718750 0.781250
vt 0.703125 0.343750
vt 0.703125 0.375000
vt 0.687500 0.375000
vt 0.687500 0.343750
vt 0.703125 0.781250
vt 0.703125 0.812500
vt 0.687500 0.812500
vt 0.687500 0.781250
vt 0.703125 0.281250
vt 0.703125 0.312500
vt 0.687500 0.312500
vt 0.687500 0.281250
vt 0.703125 0.718750
vt 0.703125 0.750000
vt 0.687500 0.750000
vt 0.687500 0.718750
vt 0.703125 0.218750
vt 0.703125 0.250000
vt 0.687500 0.250000
vt 0.687500 0.218750
vt 0.703125 0.656250
vt 0.703125 0.687500
vt 0.687500 0.687500
vt 0.687500 0.656250
vt 0.703125 0.156250
vt 0.703125 0.187500
vt 0.687500 0.187500
vt 0.687500 0.156250
vt 0.703125 0.593750
vt 0.703125 0.625000
vt 0.687500 0.625000
vt 0.687500 0.593750
vt 0.703125 0.093750
vt 0.703125 0.125000
vt 0.687500 0.125000
vt 0.687500 0.093750
vt 0.703125 0.531250
vt 0.703125 0.562500
vt 0.687500 0.562500
vt 0.687500 0.531250
vt 0.710938 0.968750
vt 0.703125 0.937500
vt 0.703125 0.000000
vt 0.710938 0.031250
vt 0.695312 0.031250
vt 0.703125 0.468750
vt 0.703125 0.500000
vt 0.687500 0.500000
vt 0.687500 0.468750
vt 0.703125 0.906250
vt 0.687500 0.937500
vt 0.687500 0.906250
vt 0.703125 0.406250
vt 0.703125 0.437500
vt 0.687500 0.437500
vt 0.687500 0.406250
vt 0.703125 0.843750
vt 0.703125 0.875000
vt 0.687500 0.875000
vt 0.687500 0.843750
vt 0.671875 0.093750
vt 0.671875 0.125000
vt 0.656250 0.125000
vt 0.656250 0.093750
vt 0.671875 0.531250
vt 0.671875 0.562500
vt 0.656250 0.562500
vt 0.656250 0.531250
vt 0.679688 0.968750
vt 0.671875 0.937500
vt 0.671875 0.000000
vt 0.679688 0.031250
vt 0.664062 0.031250
vt 0.671875 0.468750
vt 0.671875 0.500000
vt 0.656250 0.500000
vt 0.656250 0.468750
vt 0.671875 0.906250
vt 0.656250 0.937500
vt 0.656250 0.906250
vt 0.671875 0.406250
vt 0.671875 0.437500
vt 0.656250 0.437500
vt 0.656250 0.406250
vt 0.671875 0.843750
vt 0.671875 0.875000
vt 0.656250 0.875000
vt 0.656250 0.843750
vt 0.671875 0.343750
vt 0.671875 0.375000
vt 0.656250 0.375000
vt 0.656250 0.343750
vt 0.671875 0.781250
vt 0.671875 0.812500
vt 0.656250 0.812500
vt 0.656250 0.781250
vt 0.671875 0.281250
vt 0.671875 0.312500
vt 0.656250 0.312500
vt 0.656250 0.281250
vt 0.671875 0.718750
vt 0.671875 0.750000
vt 0.656250 0.750000
vt 0.656250 0.718750
vt 0.671875 0.218750
vt 0.671875 0.250000
vt 0.656250 0.250000
vt 0.656250 0.218750
vt 0.671875 0.656250
vt 0.671875 0.687500
vt 0.656250 0.687500
vt 0.656250 0.656250
vt 0.671875 0.156250
vt 0.671875 0.187500
vt 0.656250 0.187500
vt 0.656250 0.156250
vt 0.671875 0.593750
vt 0.671875 0.625000
vt 0.656250 0.625000
vt 0.656250 0.593750
vt 0.640625 0.781250
vt 0.640625 0.812500
vt 0.625000 0.812500
vt 0.625000 0.781250
vt 0.640625 0.281250
vt 0.640625 0.312500
vt 0.625000 0.312500
vt 0.625000 0.281250
vt 0.640625 0.718750
vt 0.640625 0.750000
vt 0.625000 0.750000
vt 0.625000 0.718750
vt 0.640625 0.218750
vt 0.640625 0.250000
vt 0.625000 0.250000
vt 0.625000 0.218750
vt 0.640625 0.656250
vt 0.640625 0.687500
vt 0.625000 0.687500
vt 0.625000 0.656250
vt 0.640625 0.156250
vt 0.640625 0.187500
vt 0.625000 0.187500
vt 0.625000 0.156250
vt 0.640625 0.593750
vt 0.640625 0.625000
vt 0.625000 0.625000
vt 0.625000 0.593750
vt 0.640625 0.093750
vt 0.640625 0.125000
vt 0.625000 0.125000
vt 0.625000 0.093750
vt 0.640625 0.531250
vt 0.640625 0.562500
vt 0.625000 0.562500
vt 0.625000 0.531250
vt 0.648438 0.968750
vt 0.640625 0.937500
vt 0.640625 0.000000
vt 0.648438 0.031250
vt 0.632812 0.031250
vt 0.640625 0.468750
vt 0.640625 0.500000
vt 0.625000 0.500000
vt 0.625000 0.468750
vt 0.640625 0.906250
vt 0.625000 0.937500
vt 0.625000 0.906250
vt 0.640625 0.406250
vt 0.640625 0.437500
vt 0.625000 0.437500
vt 0.625000 0.406250
vt 0.640625 0.843750
vt 0.640625 0.875000
vt 0.625000 0.875000
vt 0.625000 0.843750
vt 0.640625 0.343750
vt 0.640625 0.375000
vt 0.625000 0.375000
vt 0.625000 0.343750
vt 0.609375 0.531250
vt 0.609375 0.562500
vt 0.593750 0.562500
vt 0.593750 0.531250
vt 0.617188 0.968750
vt 0.609375 0.937500
vt 0.609375 0.000000
vt 0.617188 0.031250
vt 0.601562 0.031250
vt 0.609375 0.468750
vt 0.609375 0.500000
vt 0.593750 0.500000
vt 0.593750 0.468750
vt 0.609375 0.906250
vt 0.593750 0.937500
vt 0.593750 0.906250
vt 0.609375 0.406250
vt 0.609375 0.437500
vt 0.593750 0.437500
vt 0.593750 0.406250
vt 0.609375 0.843750
vt 0.609375 0.875000
vt 0.593750 0.875000
vt 0.593750 0.843750
vt 0.609375 0.343750
vt 0.609375 0.375000
vt 0.593750 0.375000
vt 0.593750 0.343750
vt 0.609375 0.781250
vt 0.609375 0.812500
vt 0.593750 0.812500
vt 0.593750 0.781250
vt 0.609375 0.281250
vt 0.609375 0.312500
vt 0.593750 0.312500
vt 0.593750 0.281250
vt 0.609375 0.718750
vt 0.609375 0.750000
vt 0.593750 0.750000
vt 0.593750 0.718750
vt 0.609375 0.218750
vt 0.609375 0.250000
vt 0.593750 0.250000
vt 0.593750 0.218750
vt 0.609375 0.656250
vt 0.609375 0.687500
vt 0.593750 0.687500
vt 0.593750 0.656250
vt 0.609375 0.156250
vt 0.609375 0.187500
vt 0.593750 0.187500
vt 0.593750 0.156250
vt 0.609375 0.593750
vt 0.609375 0.625000
vt 0.593750 0.625000
vt 0.593750 0.593750
vt 0.609375 0.093750
vt 0.609375 0.125000
vt 0.593750 0.125000
vt 0.593750 0.093750
vt 0.578125 0.281250
vt 0.578125 0.312500
vt 0.562500 0.312500
vt 0.562500 0.281250
vt 0.578125 0.718750
vt 0.578125 0.750000
vt 0.562500 0.750000
vt 0.562500 0.718750
vt 0.578125 0.218750
vt 0.578125 0.250000
vt 0.562500 0.250000
vt 0.562500 0.218750
vt 0.578125 0.656250
vt 0.578125 0.687500
vt 0.562500 0.687500
vt 0.562500 0.656250
vt 0.578125 0.156250
vt 0.578125 0.187500
vt 0.562500 0.187500
vt 0.562500 0.156250
vt 0.578125 0.593750
vt 0.578125 0.625000
vt 0.562500 0.625000
vt 0.562500 0.593750
vt 0.578125 0.093750
vt 0.578125 0.125000
vt 0.562500 0.125000
vt 0.562500 0.093750
vt 0.578125 0.531250
vt 0.578125 0.562500
vt 0.562500 0.562500
vt 0.562500 0.531250
vt 0.585938 0.968750
vt 0.578125 0.937500
vt 0.578125 0.000000
vt 0.585938 0.031250
vt 0.570312 0.031250
vt 0.578125 0.468750
vt 0.578125 0.500000
vt 0.562500 0.500000
vt 0.562500 0.468750
vt 0.578125 0.906250
vt 0.562500 0.937500
vt 0.562500 0.906250
vt 0.578125 0.406250
vt 0.578125 0.437500
vt 0.562500 0.437500
vt 0.562500 0.406250
vt 0.578125 0.843750
vt 0.578125 0.875000
vt 0.562500 0.875000
vt 0.562500 0.843750
vt 0.578125 0.343750
vt 0.578125 0.375000
vt 0.562500 0.375000
vt 0.562500 0.343750
vt 0.578125 0.781250
vt 0.578125 0.812500
vt 0.562500 0.812500
vt 0.562500 0.781250
vt 0.546875 0.000000
vt 0.554688 0.031250
vt 0.539062 0.031250
vt 0.546875 0.468750
vt 0.546875 0.500000
vt 0.531250 0.500000
vt 0.531250 0.468750
vt 0.546875 0.906250
vt 0.546875 0.937500
vt 0.531250 0.937500
vt 0.531250 0.906250
vt 0.546875 0.406250
vt 0.546875 0.437500
vt 0.531250 0.437500
vt 0.531250 0.406250
vt 0.546875 0.843750
vt 0.546875 0.875000
vt 0.531250 0.875000
vt 0.531250 0.843750
vt 0.546875 0.343750
vt 0.546875 0.375000
vt 0.531250 0.375000
vt 0.531250 0.343750
vt 0.546875 0.781250
vt 0.546875 0.812500
vt 0.531250 0.812500
vt 0.531250 0.781250
vt 0.546875 0.281250
vt 0.546875 0.312500
vt 0.531250 0.312500
vt 0.531250 0.281250
vt 0.546875 0.718750
vt 0.546875 0.750000
vt 0.531250 0.750000
vt 0.531250 0.718750
vt 0.546875 0.218750
vt 0.546875 0.250000
vt 0.531250 0.250000
vt 0.531250 0.218750
vt 0.546875 0.656250
vt 0.546875 0.687500
vt 0.531250 0.687500
vt 0.531250 0.656250
vt 0.546875 0.156250
vt 0.546875 0.187500
vt 0.531250 0.187500
vt 0.531250 0.156250
vt 0.546875 0.593750
vt 0.546875 0.625000
vt 0.531250 0.625000
vt 0.531250 0.593750
vt 0.546875 0.093750
vt 0.546875 0.125000
vt 0.531250 0.125000
vt 0.531250 0.093750
vt 0.546875 0.531250
vt 0.546875 0.562500
vt 0.531250 0.562500
vt 0.531250 0.531250
vt 0.554688 0.968750
vt 0.515625 0.218750
vt 0.515625 0.250000
vt 0.500000 0.250000
vt 0.500000 0.218750
vt 0.515625 0.656250
vt 0.515625 0.687500
vt 0.500000 0.687500
vt 0.500000 0.656250
vt 0.515625 0.156250
vt 0.515625 0.187500
vt 0.500000 0.187500
vt 0.500000 0.156250
vt 0.515625 0.593750
vt 0.515625 0.625000
vt 0.500000 0.625000
vt 0.500000 0.593750
vt 0.515625 0.093750
vt 0.515625 0.125000
vt 0.500000 0.125000
vt 0.500000 0.093750
vt 0.515625 0.531250
vt 0.515625 0.562500
vt 0.500000 0.562500
vt 0.500000 0.531250
vt 0.523438 0.968750
vt 0.515625 0.937500
vt 0.515625 0.000000
vt 0.523438 0.031250
vt 0.507812 0.031250
vt 0.515625 0.468750
vt 0.515625 0.500000
vt 0.500000 0.500000
vt 0.500000 0.468750
vt 0.515625 0.906250
vt 0.500000 0.937500
vt 0.500000 0.906250
vt 0.515625 0.406250
vt 0.515625 0.437500
vt 0.500000 0.437500
vt 0.500000 0.406250
vt 0.515625 0.843750
vt 0.515625 0.875000
vt 0.500000 0.875000
vt 0.500000 0.843750
vt 0.515625 0.343750
vt 0.515625 0.375000
vt 0.500000 0.375000
vt 0.500000 0.343750
vt 0.515625 0.781250
vt 0.515625 0.812500
vt 0.500000 0.812500
vt 0.500000 0.781250
vt 0.515625 0.281250
vt 0.515625 0.312500
vt 0.500000 0.312500
vt 0.500000 0.281250
vt 0.515625 0.718750
vt 0.515625 0.750000
vt 0.500000 0.750000
vt 0.500000 0.718750
vt 0.484375 0.906250
vt 0.484375 0.937500
vt 0.468750 0.937500
vt 0.468750 0.906250
vt 0.484375 0.406250
vt 0.484375 0.437500
vt 0.468750 0.437500
vt 0.468750 0.406250
vt 0.484375 0.843750
vt 0.484375 0.875000
vt 0.468750 0.875000
vt 0.468750 0.843750
vt 0.484375 0.343750
vt 0.484375 0.375000
vt 0.468750 0.375000
vt 0.468750 0.343750
vt 0.484375 0.781250
vt 0.484375 0.812500
vt 0.468750 0.812500
vt 0.468750 0.781250
vt 0.484375 0.281250
vt 0.484375 0.312500
vt 0.468750 0.312500
vt 0.468750 0.281250
vt 0.484375 0.718750
vt 0.484375 0.750000
vt 0.468750 0.750000
vt 0.468750 0.718750
vt 0.484375 0.218750
vt 0.484375 0.250000
vt 0.468750 0.250000
vt 0.468750 0.218750
vt 0.484375 0.656250
vt 0.484375 0.687500
vt 0.468750 0.687500
vt 0.468750 0.656250
vt 0.484375 0.156250
vt 0.484375 0.187500
vt 0.468750 0.187500
vt 0.468750 0.156250
vt 0.484375 0.593750
vt 0.484375 0.625000
vt 0.468750 0.625000
vt 0.468750 0.593750
vt 0.484375 0.093750
vt 0.484375 0.125000
vt 0.468750 0.125000
vt 0.468750 0.093750
vt 0.484375 0.531250
vt 0.484375 0.562500
vt 0.468750 0.562500
vt 0.468750 0.531250
vt 0.492188 0.968750
vt 0.484375 0.000000
vt 0.492188 0.031250
vt 0.476562 0.031250
vt 0.484375 0.468750
vt 0.484375 0.500000
vt 0.468750 0.500000
vt 0.468750 0.468750
vt 0.453125 0.656250
vt 0.453125 0.687500
vt 0.437500 0.687500
vt 0.437500 0.656250
vt 0.453125 0.156250
vt 0.453125 0.187500
vt 0.437500 0.187500
vt 0.437500 0.156250
vt 0.453125 0.593750
vt 0.453125 0.625000
vt 0.437500 0.625000
vt 0.437500 0.593750
vt 0.453125 0.093750
vt 0.453125 0.125000
vt 0.437500 0.125000
vt 0.437500 0.093750
vt 0.453125 0.531250
vt 0.453125 0.562500
vt 0.437500 0.562500
vt 0.437500 0.531250
vt 0.460938 0.968750
vt 0.453125 0.937500
vt 0.453125 0.000000
vt 0.460938 0.031250
vt 0.445312 0.031250
vt 0.453125 0.468750
vt 0.453125 0.500000
vt 0.437500 0.500000
vt 0.437500 0.468750
vt 0.453125 0.906250
vt 0.437500 0.937500
vt 0.437500 0.906250
vt 0.453125 0.406250
vt 0.453125 0.437500
vt 0.437500 0.437500
vt 0.437500 0.406250
vt 0.453125 0.843750
vt 0.453125 0.875000
vt 0.437500 0.875000
vt 0.437500 0.843750
vt 0.453125 0.343750
vt 0.453125 0.375000
vt 0.437500 0.375000
vt 0.437500 0.343750
vt 0.453125 0.781250
vt 0.453125 0.812500
vt 0.437500 0.812500
vt 0.437500 0.781250
vt 0.453125 0.281250
vt 0.453125 0.312500
vt 0.437500 0.312500
vt 0.437500 0.281250
vt 0.453125 0.718750
vt 0.453125 0.750000
vt 0.437500 0.750000
vt 0.437500 0.718750
vt 0.453125 0.218750
vt 0.453125 0.250000
vt 0.437500 0.250000
vt 0.437500 0.218750
vt 0.421875 0.406250
vt 0.421875 0.437500
vt 0.406250 0.437500
vt 0.406250 0.406250
vt 0.421875 0.843750
vt 0.421875 0.875000
vt 0.406250 0.875000
vt 0.406250 0.843750
vt 0.421875 0.343750
vt 0.421875 0.375000
vt 0.406250 0.375000
vt 0.406250 0.343750
vt 0.421875 0.781250
vt 0.421875 0.812500
vt 0.406250 0.812500
vt 0.406250 0.781250
vt 0.421875 0.281250
vt 0.421875 0.312500
vt 0.406250 0.312500
vt 0.406250 0.281250
vt 0.421875 0.718750
vt 0.421875 0.750000
vt 0.406250 0.750000
vt 0.406250 0.718750
vt 0.421875 0.218750
vt 0.421875 0.250000
vt 0.406250 0.250000
vt 0.406250 0.218750
vt 0.421875 0.656250
vt 0.421875 0.687500
vt 0.406250 0.687500
vt 0.406250 0.656250
vt 0.421875 0.156250
vt 0.421875 0.187500
vt 0.406250 0.187500
vt 0.406250 0.156250
vt 0.421875 0.593750
vt 0.421875 0.625000
vt 0.406250 0.625000
vt 0.406250 0.593750
vt 0.421875 0.093750
vt 0.421875 0.125000
vt 0.406250 0.125000
vt 0.406250 0.093750
vt 0.421875 0.531250
vt 0.421875 0.562500
vt 0.406250 0.562500
vt 0.406250 0.531250
vt 0.429688 0.968750
vt 0.421875 0.937500
vt 0.421875 0.000000
vt 0.429688 0.031250
vt 0.414062 0.031250
vt 0.421875 0.468750
vt 0.421875 0.500000
vt 0.406250 0.500000
vt 0.406250 0.468750
vt 0.421875 0.906250
vt 0.406250 0.937500
vt 0.406250 0.906250
vt 0.390625 0.156250
vt 0.390625 0.187500
vt 0.375000 0.187500
vt 0.375000 0.156250
vt 0.390625 0.593750
vt 0.390625 0.625000
vt 0.375000 0.625000
vt 0.375000 0.593750
vt 0.390625 0.093750
vt 0.390625 0.125000
vt 0.375000 0.125000
vt 0.375000 0.093750
vt 0.390625 0.531250
vt 0.390625 0.562500
vt 0.375000 0.562500
vt 0.375000 0.531250
vt 0.398438 0.968750
vt 0.390625 0.937500
vt 0.390625 0.000000
vt 0.398438 0.031250
vt 0.382812 0.031250
vt 0.390625 0.468750
vt 0.390625 0.500000
vt 0.375000 0.500000
vt 0.375000 0.468750
vt 0.390625 0.906250
vt 0.375000 0.937500
vt 0.375000 0.906250
vt 0.390625 0.406250
vt 0.390625 0.437500
vt 0.375000 0.437500
vt 0.375000 0.406250
vt 0.390625 0.843750
vt 0.390625 0.875000
vt 0.375000 0.875000
vt 0.375000 0.843750
vt 0.390625 0.343750
vt 0.390625 0.375000
vt 0.375000 0.375000
vt 0.375000 0.343750
vt 0.390625 0.781250
vt 0.390625 0.812500
vt 0.375000 0.812500
vt 0.375000 0.781250
vt 0.390625 0.281250
vt 0.390625 0.312500
vt 0.375000 0.312500
vt 0.375000 0.281250
vt 0.390625 0.718750
vt 0.390625 0.750000
vt 0.375000 0.750000
vt 0.375000 0.718750
vt 0.390625 0.218750
vt 0.390625 0.250000
vt 0.375000 0.250000
vt 0.375000 0.218750
vt 0.390625 0.656250
vt 0.390625 0.687500
vt 0.375000 0.687500
vt 0.375000 0.656250
vt 0.359375 0.843750
vt 0.359375 0.875000
vt 0.343750 0.875000
vt 0.343750 0.843750
vt 0.359375 0.343750
vt 0.359375 0.375000
vt 0.343750 0.375000
vt 0.343750 0.343750
vt 0.359375 0.781250
vt 0.359375 0.812500
vt 0.343750 0.812500
vt 0.343750 0.781250
vt 0.359375 0.281250
vt 0.359375 0.312500
vt 0.343750 0.312500
vt 0.343750 0.281250
vt 0.359375 0.718750
vt 0.359375 0.750000
vt 0.343750 0.750000
vt 0.343750 0.718750
vt 0.359375 0.218750
vt 0.359375 0.250000
vt 0.343750 0.250000
vt 0.343750 0.218750
vt 0.359375 0.656250
vt 0.359375 0.687500
vt 0.343750 0.687500
vt 0.343750 0.656250
vt 0.359375 0.156250
vt 0.359375 0.187500
vt 0.343750 0.187500
vt 0.343750 0.156250
vt 0.359375 0.593750
vt 0.359375 0.625000
vt 0.343750 0.625000
vt 0.343750 0.593750
vt 0.359375 0.093750
vt 0.359375 0.125000
vt 0.343750 0.125000
vt 0.343750 0.093750
vt 0.359375 0.531250
vt 0.359375 0.562500
vt 0.343750 0.562500
vt 0.343750 0.531250
vt 0.367188 0.968750
vt 0.359375 0.937500
vt 0.359375 0.000000
vt 0.367188 0.031250
vt 0.351562 0.031250
vt 0.359375 0.468750
vt 0.359375 0.500000
vt 0.343750 0.500000
vt 0.343750 0.468750
vt 0.359375 0.906250
vt 0.343750 0.937500
vt 0.343750 0.906250
vt 0.359375 0.406250
vt 0.359375 0.437500
vt 0.343750 0.437500
vt 0.343750 0.406250
vt 0.328125 0.593750
vt 0.328125 0.625000
vt 0.312500 0.625000
vt 0.312500 0.593750
vt 0.328125 0.093750
vt 0.328125 0.125000
vt 0.312500 0.125000
vt 0.312500 0.093750
vt 0.328125 0.531250
vt 0.328125 0.562500
vt 0.312500 0.562500
vt 0.312500 0.531250
vt 0.335938 0.968750
vt 0.328125 0.937500
vt 0.328125 0.000000
vt 0.335938 0.031250
vt 0.320312 0.031250
vt 0.328125 0.468750
vt 0.328125 0.500000
vt 0.312500 0.500000
vt 0.312500 0.468750
vt 0.328125 0.906250
vt 0.312500 0.937500
vt 0.312500 0.906250
vt 0.328125 0.406250
vt 0.328125 0.437500
vt 0.312500 0.437500
vt 0.312500 0.406250
vt 0.328125 0.843750
vt 0.328125 0.875000
vt 0.312500 0.875000
vt 0.312500 0.843750
vt 0.328125 0.343750
vt 0.328125 0.375000
vt 0.312500 0.375000
vt 0.312500 0.343750
vt 0.328125 0.781250
vt 0.328125 0.812500
vt 0.312500 0.812500
vt 0.312500 0.781250
vt 0.328125 0.281250
vt 0.328125 0.312500
vt 0.312500 0.312500
vt 0.312500 0.281250
vt 0.328125 0.718750
vt 0.328125 0.750000
vt 0.312500 0.750000
vt 0.312500 0.718750
vt 0.328125 0.218750
vt 0.328125 0.250000
vt 0.312500 0.250000
vt 0.312500 0.218750
vt 0.328125 0.656250
vt 0.328125 0.687500
vt 0.312500 0.687500
vt 0.312500 0.656250
vt 0.328125 0.156250
vt 0.328125 0.187500
vt 0.312500 0.187500
vt 0.312500 0.156250
vt 0.296875 0.343750
vt 0.296875 0.375000
vt 0.281250 0.375000
vt 0.281250 0.343750
vt 0.296875 0.781250
vt 0.296875 0.812500
vt 0.281250 0.812500
vt 0.281250 0.781250
vt 0.296875 0.281250
vt 0.296875 0.312500
vt 0.281250 0.312500
vt 0.281250 0.281250
vt 0.296875 0.718750
vt 0.296875 0.750000
vt 0.281250 0.750000
vt 0.281250 0.718750
vt 0.296875 0.218750
vt 0.296875 0.250000
vt 0.281250 0.250000
vt 0.281250 0.218750
vt 0.296875 0.656250
vt 0.296875 0.687500
vt 0.281250 0.687500
vt 0.281250 0.656250
vt 0.296875 0.156250
vt 0.296875 0.187500
vt 0.281250 0.187500
vt 0.281250 0.156250
vt 0.296875 0.593750
vt 0.296875 0.625000
vt 0.281250 0.625000
vt 0.281250 0.593750
vt 0.296875 0.093750
vt 0.296875 0.125000
vt 0.281250 0.125000
vt 0.281250 0.093750
vt 0.296875 0.531250
vt 0.296875 0.562500
vt 0.281250 0.562500
vt 0.281250 0.531250
vt 0.304688 0.968750
vt 0.296875 0.937500
vt 0.296875 0.000000
vt 0.304688 0.031250
vt 0.289062 0.031250
vt 0.296875 0.468750
vt 0.296875 0.500000
vt 0.281250 0.500000
vt 0.281250 0.468750
vt 0.296875 0.906250
vt 0.281250 0.937500
vt 0.281250 0.906250
vt 0.296875 0.406250
vt 0.296875 0.437500
vt 0.281250 0.437500
vt 0.281250 0.406250
vt 0.296875 0.843750
vt 0.296875 0.875000
vt 0.281250 0.875000
vt 0.281250 0.843750
vt 0.265625 0.093750
vt 0.265625 0.125000
vt 0.250000 0.125000
vt 0.250000 0.093750
vt 0.265625 0.531250
vt 0.265625 0.562500
vt 0.250000 0.562500
vt 0.250000 0.531250
vt 0.273438 0.968750
vt 0.265625 0.937500
vt 0.265625 0.000000
vt 0.273438 0.031250
vt 0.257812 0.031250
vt 0.265625 0.468750
vt 0.265625 0.500000
vt 0.250000 0.500000
vt 0.250000 0.468750
vt 0.265625 0.906250
vt 0.250000 0.937500
vt 0.250000 0.906250
vt 0.265625 0.406250
vt 0.265625 0.437500
vt 0.250000 0.437500
vt 0.250000 0.406250
vt 0.265625 0.843750
vt 0.265625 0.875000
vt 0.250000 0.875000
vt 0.250000 0.843750
vt 0.265625 0.343750
vt 0.265625 0.375000
vt 0.250000 0.375000
vt 0.250000 0.343750
vt 0.265625 0.781250
vt 0.265625 0.812500
vt 0.250000 0.812500
vt 0.250000 0.781250
vt 0.265625 0.281250
vt 0.265625 0.312500
vt 0.250000 0.312500
vt 0.250000 0.281250
vt 0.265625 0.718750
vt 0.265625 0.750000
vt 0.250000 0.750000
vt 0.250000 0.718750
vt 0.265625 0.218750
vt 0.265625 0.250000
vt 0.250000 0.250000
vt 0.250000 0.218750
vt 0.265625 0.656250
vt 0.265625 0.687500
vt 0.250000 0.687500
vt 0.250000 0.656250
vt 0.265625 0.156250
vt 0.265625 0.187500
vt 0.250000 0.187500
vt 0.250000 0.156250
vt 0.265625 0.593750
vt 0.265625 0.625000
vt 0.250000 0.625000
vt 0.250000 0.593750
vt 0.234375 0.281250
vt 0.234375 0.312500
vt 0.218750 0.312500
vt 0.218750 0.281250
vt 0.234375 0.718750
vt 0.234375 0.750000
vt 0.218750 0.750000
vt 0.218750 0.718750
vt 0.234375 0.218750
vt 0.234375 0.250000
vt 0.218750 0.250000
vt 0.218750 0.218750
vt 0.234375 0.656250
vt 0.234375 0.687500
vt 0.218750 0.687500
vt 0.218750 0.656250
vt 0.234375 0.156250
vt 0.234375 0.187500
vt 0.218750 0.187500
vt 0.218750 0.156250
vt 0.234375 0.593750
vt 0.234375 0.625000
vt 0.218750 0.625000
vt 0.218750 0.593750
vt 0.234375 0.093750
vt 0.234375 0.125000
vt 0.218750 0.125000
vt 0.218750 0.093750
vt 0.234375 0.531250
vt 0.234375 0.562500
vt 0.218750 0.562500
vt 0.218750 0.531250
vt 0.242188 0.968750
vt 0.234375 0.937500
vt 0.234375 0.000000
vt 0.242188 0.031250
vt 0.226562 0.031250
vt 0.234375 0.468750
vt 0.234375 0.500000
vt 0.218750 0.500000
vt 0.218750 0.468750
vt 0.234375 0.906250
vt 0.218750 0.937500
vt 0.218750 0.906250
vt 0.234375 0.406250
vt 0.234375 0.437500
vt 0.218750 0.437500
vt 0.218750 0.406250
vt 0.234375 0.843750
vt 0.234375 0.875000
vt 0.218750 0.875000
vt 0.218750 0.843750
vt 0.234375 0.343750
vt 0.234375 0.375000
vt 0.218750 0.375000
vt 0.218750 0.343750
vt 0.234375 0.781250
vt 0.234375 0.812500
vt 0.218750 0.812500
vt 0.218750 0.781250
vt 0.210938 0.968750
vt 0.203125 0.937500
vt 0.203125 0.000000
vt 0.210938 0.031250
vt 0.195312 0.031250
vt 0.203125 0.468750
vt 0.203125 0.500000
vt 0.187500 0.500000
vt 0.187500 0.468750
vt 0.203125 0.906250
vt 0.187500 0.937500
vt 0.187500 0.906250
vt 0.203125 0.406250
vt 0.203125 0.437500
vt 0.187500 0.437500
vt 0.187500 0.406250
vt 0.203125 0.843750
vt 0.203125 0.875000
vt 0.187500 0.875000
vt 0.187500 0.843750
vt 0.203125 0.343750
vt 0.203125 0.375000
vt 0.187500 0.375000
vt 0.187500 0.343750
vt 0.203125 0.781250
vt 0.203125 0.812500
vt 0.187500 0.812500
vt 0.187500 0.781250
vt 0.203125 0.281250
vt 0.203125 0.312500
vt 0.187500 0.312500
vt 0.187500 0.281250
vt 0.203125 0.718750
vt 0.203125 0.750000
vt 0.187500 0.750000
vt 0.187500 0.718750
vt 0.203125 0.218750
vt 0.203125 0.250000
vt 0.187500 0.250000
vt 0.187500 0.218750
vt 0.203125 0.656250
vt 0.203125 0.687500
vt 0.187500 0.687500
vt 0.187500 0.656250
vt 0.203125 0.156250
vt 0.203125 0.187500
vt 0.187500 0.187500
vt 0.187500 0.156250
vt 0.203125 0.593750
vt 0.203125 0.625000
vt 0.187500 0.625000
vt 0.187500 0.593750
vt 0.203125 0.093750
vt 0.203125 0.125000
vt 0.187500 0.125000
vt 0.187500 0.093750
vt 0.203125 0.531250
vt 0.203125 0.562500
vt 0.187500 0.562500
vt 0.187500 0.531250
vt 0.171875 0.718750
vt 0.171875 0.750000
vt 0.156250 0.750000
vt 0.156250 0.718750
vt 0.171875 0.218750
vt 0.171875 0.250000
vt 0.156250 0.250000
vt 0.156250 0.218750
vt 0.171875 0.656250
vt 0.171875 0.687500
vt 0.156250 0.687500
vt 0.156250 0.656250
vt 0.171875 0.156250
vt 0.171875 0.187500
vt 0.156250 0.187500
vt 0.156250 0.156250
vt 0.171875 0.593750
vt 0.171875 0.625000
vt 0.156250 0.625000
vt 0.156250 0.593750
vt 0.171875 0.093750
vt 0.171875 0.125000
vt 0.156250 0.125000
vt 0.156250 0.093750
vt 0.171875 0.531250
vt 0.171875 0.562500
vt 0.156250 0.562500
vt 0.156250 0.531250
vt 0.179688 0.968750
vt 0.171875 0.937500
vt 0.171875 0.000000
vt 0.179688 0.031250
vt 0.164063 0.031250
vt 0.171875 0.468750
vt 0.171875 0.500000
vt 0.156250 0.500000
vt 0.156250 0.468750
vt 0.171875 0.906250
vt 0.156250 0.937500
vt 0.156250 0.906250
vt 0.171875 0.406250
vt 0.171875 0.437500
vt 0.156250 0.437500
vt 0.156250 0.406250
vt 0.171875 0.843750
vt 0.171875 0.875000
vt 0.156250 0.875000
vt 0.156250 0.843750
vt 0.171875 0.343750
vt 0.171875 0.375000
vt 0.156250 0.375000
vt 0.156250 0.343750
vt 0.171875 0.781250
vt 0.171875 0.812500
vt 0.156250 0.812500
vt 0.156250 0.781250
vt 0.171875 0.281250
vt 0.171875 0.312500
vt 0.156250 0.312500
vt 0.156250 0.281250
vt 0.140625 0.468750
vt 0.140625 0.500000
vt 0.125000 0.500000
vt 0.125000 0.468750
vt 0.140625 0.906250
vt 0.140625 0.937500
vt 0.125000 0.937500
vt 0.125000 0.906250
vt 0.140625 0.406250
vt 0.140625 0.437500
vt 0.125000 0.437500
vt 0.125000 0.406250
vt 0.140625 0.843750
vt 0.140625 0.875000
vt 0.125000 0.875000
vt 0.125000 0.843750
vt 0.140625 0.343750
vt 0.140625 0.375000
vt 0.125000 0.375000
vt 0.125000 0.343750
vt 0.140625 0.781250
vt 0.140625 0.812500
vt 0.125000 0.812500
vt 0.125000 0.781250
vt 0.140625 0.281250
vt 0.140625 0.312500
vt 0.125000 0.312500
vt 0.125000 0.281250
vt 0.140625 0.718750
vt 0.140625 0.750000
vt 0.125000 0.750000
vt 0.125000 0.718750
vt 0.140625 0.218750
vt 0.140625 0.250000
vt 0.125000 0.250000
vt 0.125000 0.218750
vt 0.140625 0.656250
vt 0.140625 0.687500
vt 0.125000 0.687500
vt 0.125000 0.656250
vt 0.140625 0.156250
vt 0.140625 0.187500
vt 0.125000 0.187500
vt 0.125000 0.156250
vt 0.140625 0.593750
vt 0.140625 0.625000
vt 0.125000 0.625000
vt 0.125000 0.593750
vt 0.140625 0.093750
vt 0.140625 0.125000
vt 0.125000 0.125000
vt 0.125000 0.093750
vt 0.140625 0.531250
vt 0.140625 0.562500
vt 0.125000 0.562500
vt 0.125000 0.531250
vt 0.148438 0.968750
vt 0.140625 0.000000
vt 0.148438 0.031250
vt 0.132813 0.031250
vt 0.109375 0.218750
vt 0.109375 0.250000
vt 0.093750 0.250000
vt 0.093750 0.218750
vt 0.109375 0.656250
vt 0.109375 0.687500
vt 0.093750 0.687500
vt 0.093750 0.656250
vt 0.109375 0.156250
vt 0.109375 0.187500
vt 0.093750 0.187500
vt 0.093750 0.156250
vt 0.109375 0.593750
vt 0.109375 0.625000
vt 0.093750 0.625000
vt 0.093750 0.593750
vt 0.109375 0.093750
vt 0.109375 0.125000
vt 0.093750 0.125000
vt 0.093750 0.093750
vt 0.109375 0.531250
vt 0.109375 0.562500
vt 0.093750 0.562500
vt 0.093750 0.531250
vt 0.117188 0.968750
vt 0.109375 0.937500
vt 0.109375 0.000000
vt 0.117188 0.031250
vt 0.101562 0.031250
vt 0.109375 0.468750
vt 0.109375 0.500000
vt 0.093750 0.500000
vt 0.093750 0.468750
vt 0.109375 0.906250
vt 0.093750 0.937500
vt 0.093750 0.906250
vt 0.109375 0.406250
vt 0.109375 0.437500
vt 0.093750 0.437500
vt 0.093750 0.406250
vt 0.109375 0.843750
vt 0.109375 0.875000
vt 0.093750 0.875000
vt 0.093750 0.843750
vt 0.109375 0.343750
vt 0.109375 0.375000
vt 0.093750 0.375000
vt 0.093750 0.343750
vt 0.109375 0.781250
vt 0.109375 0.812500
vt 0.093750 0.812500
vt 0.093750 0.781250
vt 0.109375 0.281250
vt 0.109375 0.312500
vt 0.093750 0.312500
vt 0.093750 0.281250
vt 0.109375 0.718750
vt 0.109375 0.750000
vt 0.093750 0.750000
vt 0.093750 0.718750
vt 0.078125 0.906250
vt 0.078125 0.937500
vt 0.062500 0.937500
vt 0.062500 0.906250
vt 0.078125 0.406250
vt 0.078125 0.437500
vt 0.062500 0.437500
vt 0.062500 0.406250
vt 0.078125 0.843750
vt 0.078125 0.875000
vt 0.062500 0.875000
vt 0.062500 0.843750
vt 0.078125 0.343750
vt 0.078125 0.375000
vt 0.062500 0.375000
vt 0.062500 0.343750
vt 0.078125 0.781250
vt 0.078125 0.812500
vt 0.062500 0.812500
vt 0.062500 0.781250
vt 0.078125 0.281250
vt 0.078125 0.312500
vt 0.062500 0.312500
vt 0.062500 0.281250
vt 0.078125 0.718750
vt 0.078125 0.750000
vt 0.062500 0.750000
vt 0.062500 0.718750
vt 0.078125 0.218750
vt 0.078125 0.250000
vt 0.062500 0.250000
vt 0.062500 0.218750
vt 0.078125 0.656250
vt 0.078125 0.687500
vt 0.062500 0.687500
vt 0.062500 0.656250
vt 0.078125 0.156250
vt 0.078125 0.187500
vt 0.062500 0.187500
vt 0.062500 0.156250
vt 0.078125 0.593750
vt 0.078125 0.625000
vt 0.062500 0.625000
vt 0.062500 0.593750
vt 0.078125 0.093750
vt 0.078125 0.125000
vt 0.062500 0.125000
vt 0.062500 0.093750
vt 0.078125 0.531250
vt 0.078125 0.562500
vt 0.062500 0.562500
vt 0.062500 0.531250
vt 0.085938 0.968750
vt 0.078125 0.000000
vt 0.085938 0.031250
vt 0.070312 0.031250
vt 0.078125 0.468750
vt 0.078125 0.500000
vt 0.062500 0.500000
vt 0.062500 0.468750
vt 0.046875 0.656250
vt 0.046875 0.687500
vt 0.031250 0.687500
vt 0.031250 0.656250
vt 0.046875 0.156250
vt 0.046875 0.187500
vt 0.031250 0.187500
vt 0.031250 0.156250
vt 0.046875 0.593750
vt 0.046875 0.625000
vt 0.031250 0.625000
vt 0.031250 0.593750
vt 0.046875 0.093750
vt 0.046875 0.125000
vt 0.031250 0.125000
vt 0.031250 0.093750
vt 0.046875 0.531250
vt 0.046875 0.562500
vt 0.031250 0.562500
vt 0.031250 0.531250
vt 0.054687 0.968750
vt 0.046875 0.937500
vt 0.046875 0.000000
vt 0.054687 0.031250
vt 0.039062 0.031250
vt 0.046875 0.468750
vt 0.046875 0.500000
vt 0.031250 0.500000
vt 0.031250 0.468750
vt 0.046875 0.906250
vt 0.031250 0.937500
vt 0.031250 0.906250
vt 0.046875 0.406250
vt 0.046875 0.437500
vt 0.031250 0.437500
vt 0.031250 0.406250
vt 0.046875 0.843750
vt 0.046875 0.875000
vt 0.031250 0.875000
vt 0.031250 0.843750
vt 0.046875 0.343750
vt 0.046875 0.375000
vt 0.031250 0.375000
vt 0.031250 0.343750
vt 0.046875 0.781250
vt 0.046875 0.812500
vt 0.031250 0.812500
vt 0.031250 0.781250
vt 0.046875 0.281250
vt 0.046875 0.312500
vt 0.031250 0.312500
vt 0.031250 0.281250
vt 0.046875 0.718750
vt 0.046875 0.750000
vt 0.031250 0.750000
vt 0.031250 0.718750
vt 0.046875 0.218750
vt 0.046875 0.250000
vt 0.031250 0.250000
vt 0.031250 0.218750
vt 0.015625 0.406250
vt 0.015625 0.437500
vt 0.000000 0.437500
vt 0.000000 0.406250
vt 0.015625 0.843750
vt 0.015625 0.875000
vt 0.000000 0.875000
vt 0.000000 0.843750
vt 0.015625 0.343750
vt 0.015625 0.375000
vt 0.000000 0.375000
vt 0.000000 0.343750
vt 0.015625 0.781250
vt 0.015625 0.812500
vt 0.000000 0.812500
vt 0.000000 0.781250
vt 0.015625 0.281250
vt 0.015625 0.312500
vt 0.000000 0.312500
vt 0.000000 0.281250
vt 0.015625 0.718750
vt 0.015625 0.750000
vt 0.000000 0.750000
vt 0.000000 0.718750
vt 0.015625 0.218750
vt 0.015625 0.250000
vt 0.000000 0.250000
vt 0.000000 0.218750
vt 0.015625 0.656250
vt 0.015625 0.687500
vt 0.000000 0.687500
vt 0.000000 0.656250
vt 0.015625 0.156250
vt 0.015625 0.187500
vt 0.000000 0.187500
vt 0.000000 0.156250
vt 0.015625 0.593750
vt 0.015625 0.625000
vt 0.000000 0.625000
vt 0.000000 0.593750
vt 0.015625 0.093750
vt 0.015625 0.125000
vt 0.000000 0.125000
vt 0.000000 0.093750
vt 0.015625 0.531250
vt 0.015625 0.562500
vt 0.000000 0.562500
vt 0.000000 0.531250
vt 0.023438 0.968750
vt 0.015625 0.937500
vt 0.015625 0.000000
vt 0.023438 0.031250
vt 0.007812 0.031250
vt 0.015625 0.468750
vt 0.015625 0.500000
vt 0.000000 0.500000
vt 0.000000 0.468750
vt 0.015625 0.906250
vt 0.000000 0.937500
vt 0.000000 0.906250
vt 0.984375 0.156250
vt 0.984375 0.187500
vt 0.968750 0.187500
vt 0.968750 0.156250
vt 0.984375 0.593750
vt 0.984375 0.625000
vt 0.968750 0.625000
vt 0.968750 0.593750
vt 0.984375 0.093750
vt 0.984375 0.125000
vt 0.968750 0.125000
vt 0.968750 0.093750
vt 0.984375 0.531250
vt 0.984375 0.562500
vt 0.968750 0.562500
vt 0.968750 0.531250
vt 1.000000 0.937500
vt 0.992188 0.968750
vt 0.984375 0.937500
vt 0.984375 0.000000
vt 0.992188 0.031250
vt 0.976562 0.031250
vt 0.984375 0.468750
vt 0.984375 0.500000
vt 0.968750 0.500000
vt 0.968750 0.468750
vt 0.984375 0.906250
vt 0.968750 0.937500
vt 0.968750 0.906250
vt 0.984375 0.406250
vt 0.984375 0.437500
vt 0.968750 0.437500
vt 0.968750 0.406250
vt 0.984375 0.843750
vt 0.984375 0.875000
vt 0.968750 0.875000
vt 0.968750 0.843750
vt 0.984375 0.343750
vt 0.984375 0.375000
vt 0.968750 0.375000
vt 0.968750 0.343750
vt 0.984375 0.781250
vt 0.984375 0.812500
vt 0.968750 0.812500
vt 0.968750 0.781250
vt 0.984375 0.281250
vt 0.984375 0.312500
vt 0.968750 0.312500
vt 0.968750 0.281250
vt 0.984375 0.718750
vt 0.984375 0.750000
vt 0.968750 0.750000
vt 0.968750 0.718750
vt 0.984375 0.218750
vt 0.984375 0.250000
vt 0.968750 0.250000
vt 0.968750 0.218750
vt 0.984375 0.656250
vt 0.984375 0.687500
vt 0.968750 0.687500
vt 0.968750 0.656250
vt 0.953125 0.343750
vt 0.953125 0.375000
vt 0.937500 0.375000
vt 0.937500 0.343750
vt 0.953125 0.781250
vt 0.953125 0.812500
vt 0.937500 0.812500
vt 0.937500 0.781250
vt 0.953125 0.281250
vt 0.953125 0.312500
vt 0.937500 0.312500
vt 0.937500 0.281250
vt 0.953125 0.718750
vt 0.953125 0.750000
vt 0.937500 0.750000
vt 0.937500 0.718750
vt 0.953125 0.218750
vt 0.953125 0.250000
vt 0.937500 0.250000
vt 0.937500 0.218750
vt 0.953125 0.656250
vt 0.953125 0.687500
vt 0.937500 0.687500
vt 0.937500 0.656250
vt 0.953125 0.156250
vt 0.953125 0.187500
vt 0.937500 0.187500
vt 0.937500 0.156250
vt 0.953125 0.593750
vt 0.953125 0.625000
vt 0.937500 0.625000
vt 0.937500 0.593750
vt 0.953125 0.093750
vt 0.953125 0.125000
vt 0.937500 0.125000
vt 0.937500 0.093750
vt 0.953125 0.531250
vt 0.953125 0.562500
vt 0.937500 0.562500
vt 0.937500 0.531250
vt 0.960938 0.968750
vt 0.953125 0.937500
vt 0.953125 0.000000
vt 0.960938 0.031250
vt 0.945312 0.031250
vt 0.953125 0.468750
vt 0.953125 0.500000
vt 0.937500 0.500000
vt 0.937500 0.468750
vt 0.953125 0.906250
vt 0.937500 0.937500
vt 0.937500 0.906250
vt 0.953125 0.406250
vt 0.953125 0.437500
vt 0.937500 0.437500
vt 0.937500 0.406250
vt 0.953125 0.843750
vt 0.953125 0.875000
vt 0.937500 0.875000
vt 0.937500 0.843750
vt 0.921875 0.093750
vt 0.921875 0.125000
vt 0.906250 0.125000
vt 0.906250 0.093750
vt 0.921875 0.531250
vt 0.921875 0.562500
vt 0.906250 0.562500
vt 0.906250 0.531250
vt 0.929688 0.968750
vt 0.921875 0.937500
vt 0.921875 0.000000
vt 0.929688 0.031250
vt 0.914062 0.031250
vt 0.921875 0.468750
vt 0.921875 0.500000
vt 0.906250 0.500000
vt 0.906250 0.468750
vt 0.921875 0.906250
vt 0.906250 0.937500
vt 0.906250 0.906250
vt 0.921875 0.406250
vt 0.921875 0.437500
vt 0.906250 0.437500
vt 0.906250 0.406250
vt 0.921875 0.843750
vt 0.921875 0.875000
vt 0.906250 0.875000
vt 0.906250 0.843750
vt 0.921875 0.343750
vt 0.921875 0.375000
vt 0.906250 0.375000
vt 0.906250 0.343750
vt 0.921875 0.781250
vt 0.921875 0.812500
vt 0.906250 0.812500
vt 0.906250 0.781250
vt 0.921875 0.281250
vt 0.921875 0.312500
vt 0.906250 0.312500
vt 0.906250 0.281250
vt 0.921875 0.718750
vt 0.921875 0.750000
vt 0.906250 0.750000
vt 0.906250 0.718750
vt 0.921875 0.218750
vt 0.921875 0.250000
vt 0.906250 0.250000
vt 0.906250 0.218750
vt 0.921875 0.656250
vt 0.921875 0.687500
vt 0.906250 0.687500
vt 0.906250 0.656250
vt 0.921875 0.156250
vt 0.921875 0.187500
vt 0.906250 0.187500
vt 0.906250 0.156250
vt 0.921875 0.593750
vt 0.921875 0.625000
vt 0.906250 0.625000
vt 0.906250 0.593750
vt 0.890625 0.781250
vt 0.890625 0.812500
vt 0.875000 0.812500
vt 0.875000 0.781250
vt 0.890625 0.281250
vt 0.890625 0.312500
vt 0.875000 0.312500
vt 0.875000 0.281250
vt 0.890625 0.718750
vt 0.890625 0.750000
vt 0.875000 0.750000
vt 0.875000 0.718750
vt 0.890625 0.218750
vt 0.890625 0.250000
vt 0.875000 0.250000
vt 0.875000 0.218750
vt 0.890625 0.656250
vt 0.890625 0.687500
vt 0.875000 0.687500
vt 0.875000 0.656250
vt 0.890625 0.156250
vt 0.890625 0.187500
vt 0.875000 0.187500
vt 0.875000 0.156250
vt 0.890625 0.593750
vt 0.890625 0.625000
vt 0.875000 0.625000
vt 0.875000 0.593750
vt 0.890625 0.093750
vt 0.890625 0.125000
vt 0.875000 0.125000
vt 0.875000 0.093750
vt 0.890625 0.531250
vt 0.890625 0.562500
vt 0.875000 0.562500
vt 0.875000 0.531250
vt 0.898438 0.968750
vt 0.890625 0.937500
vt 0.890625 0.000000
vt 0.898438 0.031250
vt 0.882812 0.031250
vt 0.890625 0.468750
vt 0.890625 0.500000
vt 0.875000 0.500000
vt 0.875000 0.468750
vt 0.890625 0.906250
vt 0.875000 0.937500
vt 0.875000 0.906250
vt 0.890625 0.406250
vt 0.890625 0.437500
vt 0.875000 0.437500
vt 0.875000 0.406250
vt 0.890625 0.843750
vt 0.890625 0.875000
vt 0.875000 0.875000
vt 0.875000 0.843750
vt 0.890625 0.343750
vt 0.890625 0.375000
vt 0.875000 0.375000
vt 0.875000 0.343750
vt 0.859375 0.531250
vt 0.859375 0.562500
vt 0.843750 0.562500
vt 0.843750 0.531250
vt 0.867188 0.968750
vt 0.859375 0.937500
vt 0.859375 0.000000
vt 0.867188 0.031250
vt 0.851562 0.031250
vt 0.859375 0.468750
vt 0.859375 0.500000
vt 0.843750 0.500000
vt 0.843750 0.468750
vt 0.859375 0.906250
vt 0.843750 0.937500
vt 0.843750 0.906250
vt 0.859375 0.406250
vt 0.859375 0.437500
vt 0.843750 0.437500
vt 0.843750 0.406250
vt 0.859375 0.843750
vt 0.859375 0.875000
vt 0.843750 0.875000
vt 0.843750 0.843750
vt 0.859375 0.343750
vt 0.859375 0.375000
vt 0.843750 0.375000
vt 0.843750 0.343750
vt 0.859375 0.781250
vt 0.859375 0.812500
vt 0.843750 0.812500
vt 0.843750 0.781250
vt 0.859375 0.281250
vt 0.859375 0.312500
vt 0.843750 0.312500
vt 0.843750 0.281250
vt 0.859375 0.718750
vt 0.859375 0.750000
vt 0.843750 0.750000
vt 0.843750 0.718750
vt 0.859375 0.218750
vt 0.859375 0.250000
vt 0.843750 0.250000
vt 0.843750 0.218750
vt 0.859375 0.656250
vt 0.859375 0.687500
vt 0.843750 0.687500
vt 0.843750 0.656250
vt 0.859375 0.156250
vt 0.859375 0.187500
vt 0.843750 0.187500
vt 0.843750 0.156250
vt 0.859375 0.593750
vt 0.859375 0.625000
vt 0.843750 0.625000
vt 0.843750 0.593750
vt 0.859375 0.093750
vt 0.859375 0.125000
vt 0.843750 0.125000
vt 0.843750 0.093750
vt 0.828125 0.281250
vt 0.828125 0.312500
vt 0.812500 0.312500
vt 0.812500 0.281250
vt 0.828125 0.718750
vt 0.828125 0.750000
vt 0.812500 0.750000
vt 0.812500 0.718750
vt 0.828125 0.218750
vt 0.828125 0.250000
vt 0.812500 0.250000
vt 0.812500 0.218750
vt 0.828125 0.656250
vt 0.828125 0.687500
vt 0.812500 0.687500
vt 0.812500 0.656250
vt 0.828125 0.156250
vt 0.828125 0.187500
vt 0.812500 0.187500
vt 0.812500 0.156250
vt 0.828125 0.593750
vt 0.828125 0.625000
vt 0.812500 0.625000
vt 0.812500 0.593750
vt 0.828125 0.093750
vt 0.828125 0.125000
vt 0.812500 0.125000
vt 0.812500 0.093750
vt 0.828125 0.531250
vt 0.828125 0.562500
vt 0.812500 0.562500
vt 0.812500 0.531250
vt 0.835938 0.968750
vt 0.828125 0.937500
vt 0.828125 0.000000
vt 0.835938 0.031250
vt 0.820312 0.031250
vt 0.828125 0.468750
vt 0.828125 0.500000
vt 0.812500 0.500000
vt 0.812500 0.468750
vt 0.828125 0.906250
vt 0.812500 0.937500
vt 0.812500 0.906250
vt 0.828125 0.406250
vt 0.828125 0.437500
vt 0.812500 0.437500
vt 0.812500 0.406250
vt 0.828125 0.843750
vt 0.828125 0.875000
vt 0.812500 0.875000
vt 0.812500 0.843750
vt 0.828125 0.343750
vt 0.828125 0.375000
vt 0.812500 0.375000
vt 0.812500 0.343750
vt 0.828125 0.781250
vt 0.828125 0.812500
vt 0.812500 0.812500
vt 0.812500 0.781250
vt 0.804688 0.968750
vt 0.796875 0.937500
vt 0.796875 0.000000
vt 0.804688 0.031250
vt 0.789062 0.031250
vt 0.796875 0.468750
vt 0.796875 0.500000
vt 0.781250 0.500000
vt 0.781250 0.468750
vt 0.796875 0.906250
vt 0.781250 0.937500
vt 0.781250 0.906250
vt 0.796875 0.406250
vt 0.796875 0.437500
vt 0.781250 0.437500
vt 0.781250 0.406250
vt 0.796875 0.843750
vt 0.796875 0.875000
vt 0.781250 0.875000
vt 0.781250 0.843750
vt 0.796875 0.343750
vt 0.796875 0.375000
vt 0.781250 0.375000
vt 0.781250 0.343750
vt 0.796875 0.781250
vt 0.796875 0.812500
vt 0.781250 0.812500
vt 0.781250 0.781250
vt 0.796875 0.281250
vt 0.796875 0.312500
vt 0.781250 0.312500
vt 0.781250 0.281250
vt 0.796875 0.718750
vt 0.796875 0.750000
vt 0.781250 0.750000
vt 0.781250 0.718750
vt 0.796875 0.218750
vt 0.796875 0.250000
vt 0.781250 0.250000
vt 0.781250 0.218750
vt 0.796875 0.656250
vt 0.796875 0.687500
vt 0.781250 0.687500
vt 0.781250 0.656250
vt 0.796875 0.156250
vt 0.796875 0.187500
vt 0.781250 0.187500
vt 0.781250 0.156250
vt 0.796875 0.593750
vt 0.796875 0.625000
vt 0.781250 0.625000
vt 0.781250 0.593750
vt 0.796875 0.093750
vt 0.796875 0.125000
vt 0.781250 0.125000
vt 0.781250 0.093750
vt 0.796875 0.531250
vt 0.796875 0.562500
vt 0.781250 0.562500
vt 0.781250 0.531250
vt 0.765625 0.718750
vt 0.765625 0.750000
vt 0.750000 0.750000
vt 0.750000 0.718750
vt 0.765625 0.218750
vt 0.765625 0.250000
vt 0.750000 0.250000
vt 0.750000 0.218750
vt 0.765625 0.656250
vt 0.765625 0.687500
vt 0.750000 0.687500
vt 0.750000 0.656250
vt 0.765625 0.156250
vt 0.765625 0.187500
vt 0.750000 0.187500
vt 0.750000 0.156250
vt 0.765625 0.593750
vt 0.765625 0.625000
vt 0.750000 0.625000
vt 0.750000 0.593750
vt 0.765625 0.093750
vt 0.765625 0.125000
vt 0.750000 0.125000
vt 0.750000 0.093750
vt 0.765625 0.531250
vt 0.765625 0.562500
vt 0.750000 0.562500
vt 0.750000 0.531250
vt 0.773438 0.968750
vt 0.765625 0.937500
vt 0.765625 0.000000
vt 0.773438 0.031250
vt 0.757812 0.031250
vt 0.765625 0.468750
vt 0.765625 0.500000
vt 0.750000 0.500000
vt 0.750000 0.468750
vt 0.765625 0.906250
vt 0.750000 0.906250
vt 0.765625 0.406250
vt 0.765625 0.437500
vt 0.750000 0.437500
vt 0.750000 0.406250
vt 0.765625 0.843750
vt 0.765625 0.875000
vt 0.750000 0.875000
vt 0.750000 0.843750
vt 0.765625 0.343750
vt 0.765625 0.375000
vt 0.750000 0.375000
vt 0.750000 0.343750
vt 0.765625 0.781250
vt 0.765625 0.812500
vt 0.750000 0.812500
vt 0.750000 0.781250
vt 0.765625 0.281250
vt 0.765625 0.312500
vt 0.750000 0.312500
vt 0.750000 0.281250
vt 0.765625 0.062500
vt 0.750000 0.062500
vt 0.781250 0.062500
vt 0.757812 0.968750
vt 0.765625 1.000000
vt 0.796875 0.062500
vt 0.812500 0.062500
vt 0.789062 0.968750
vt 0.796875 1.000000
vt 0.828125 0.062500
vt 0.843750 0.062500
vt 0.820312 0.968750
vt 0.828125 1.000000
vt 0.859375 0.062500
vt 0.875000 0.062500
vt 0.851562 0.968750
vt 0.859375 1.000000
vt 0.890625 0.062500
vt 0.906250 0.062500
vt 0.882812 0.968750
vt 0.890625 1.000000
vt 0.921875 0.062500
vt 0.937500 0.062500
vt 0.914062 0.968750
vt 0.921875 1.000000
vt 0.953125 0.062500
vt 0.968750 0.062500
vt 0.945312 0.968750
vt 0.953125 1.000000
vt 1.000000 0.625000
vt 1.000000 0.656250
vt 1.000000 0.687500
vt 1.000000 0.187500
vt 1.000000 0.218750
vt 1.000000 0.250000
vt 1.000000 0.718750
vt 1.000000 0.750000
vt 1.000000 0.281250
vt 1.000000 0.312500
vt 1.000000 0.781250
vt 1.000000 0.812500
vt 1.000000 0.343750
vt 1.000000 0.375000
vt 1.000000 0.843750
vt 1.000000 0.875000
vt 1.000000 0.406250
vt 1.000000 0.437500
vt 1.000000 0.906250
vt 1.000000 0.468750
vt 1.000000 0.500000
vt 0.984375 0.062500
vt 1.000000 0.062500
vt 0.976562 0.968750
vt 0.984375 1.000000
vt 1.000000 0.531250
vt 1.000000 0.562500
vt 1.000000 0.093750
vt 1.000000 0.125000
vt 1.000000 0.593750
vt 1.000000 0.156250
vt 0.015625 0.062500
vt 0.000000 0.062500
vt 0.031250 0.062500
vt 0.007812 0.968750
vt 0.015625 1.000000
vt 0.046875 0.062500
vt 0.062500 0.062500
vt 0.039062 0.968750
vt 0.046875 1.000000
vt 0.078125 0.062500
vt 0.093750 0.062500
vt 0.070312 0.968750
vt 0.078125 1.000000
vt 0.109375 0.062500
vt 0.125000 0.062500
vt 0.101562 0.968750
vt 0.109375 1.000000
vt 0.140625 0.062500
vt 0.156250 0.062500
vt 0.132813 0.968750
vt 0.140625 1.000000
vt 0.171875 0.062500
vt 0.187500 0.062500
vt 0.164063 0.968750
vt 0.171875 1.000000
vt 0.203125 0.062500
vt 0.218750 0.062500
vt 0.195312 0.968750
vt 0.203125 1.000000
vt 0.234375 0.062500
vt 0.250000 0.062500
vt 0.226562 0.968750
vt 0.234375 1.000000
vt 0.265625 0.062500
vt 0.281250 0.062500
vt 0.257812 0.968750
vt 0.265625 1.000000
vt 0.296875 0.062500
vt 0.312500 0.062500
vt 0.289062 0.968750
vt 0.296875 1.000000
vt 0.328125 0.062500
vt 0.343750 0.062500
vt 0.320312 0.968750
vt 0.328125 1.000000
vt 0.359375 0.062500
vt 0.375000 0.062500
vt 0.351562 0.968750
vt 0.359375 1.000000
vt 0.390625 0.062500
vt 0.406250 0.062500
vt 0.382812 0.968750
vt 0.390625 1.000000
vt 0.421875 0.062500
vt 0.437500 0.062500
vt 0.414062 0.968750
vt 0.421875 1.000000
vt 0.453125 0.062500
vt 0.468750 0.062500
vt 0.445312 0.968750
vt 0.453125 1.000000
vt 0.484375 0.062500
vt 0.500000 0.062500
vt 0.476562 0.968750
vt 0.484375 1.000000
vt 0.515625 0.062500
vt 0.531250 0.062500
vt 0.507812 0.968750
vt 0.515625 1.000000
vt 0.539062 0.968750
vt 0.546875 1.000000
vt 0.546875 0.062500
vt 0.562500 0.062500
vt 0.578125 0.062500
vt 0.593750 0.062500
vt 0.570312 0.968750
vt 0.578125 1.000000
vt 0.609375 0.062500
vt 0.625000 0.062500
vt 0.601562 0.968750
vt 0.609375 1.000000
vt 0.640625 0.062500
vt 0.656250 0.062500
vt 0.632812 0.968750
vt 0.640625 1.000000
vt 0.671875 0.062500
vt 0.687500 0.062500
vt 0.664062 0.968750
vt 0.671875 1.000000
vt 0.703125 0.062500
vt 0.718750 0.062500
vt 0.695312 0.968750
vt 0.703125 1.000000
vt 0.734375 0.062500
vt 0.726562 0.968750
vt 0.734375 1.000000
s 0
f 3850/1678/1479 2427/1679/1479 1947/1680/1479 2423/1681/1479
f 3849/1682/1480 3329/1683/1480 1940/1684/1480 2416/1685/1480
f 3848/1686/1481 3328/1687/1481 1948/1688/1481 2424/1689/1481
f 3847/1690/1482 2428/1691/1482 1941/1692/1482 2417/1693/1482
f 3846/1694/1483 3330/1695/1483 1949/1696/1483 2425/1697/1483
f 3845/1698/1484 3331/1699/1484 1942/1700/1484 2418/1701/1484
f 3844/1702/1485 3332/1703/1485 1950/1704/1485 2426/1705/1485
f 3843/1706/1486 2429/1707/1486 1943/1708/1486 2419/1709/1486
f 2402/1710/1487 3316/1711/1487 3334/1712/1487
f 1936/1713/1488 3325/1714/1488 3327/1715/1488
f 3842/1716/1489 2430/1717/1489 1944/1718/1489 2420/1719/1489
f 3841/1720/1490 3334/1712/1490 1937/1721/1490 2413/1722/1490
f 3840/1723/1491 2431/1724/1491 1945/1725/1491 2421/1726/1491
f 3839/1727/1492 3335/1728/1492 1938/1729/1492 2414/1730/1492
f 3838/1731/1493 3336/1732/1493 1946/1733/1493 2422/1734/1493
f 3837/1735/1494 2432/1736/1494 1939/1737/1494 2415/1738/1494
f 3836/1739/1495 2448/1740/1495 1961/1741/1495 2442/1742/1495
f 3835/1743/1496 2450/1744/1496 1954/1745/1496 2435/1746/1496
f 3834/1747/1497 2447/1748/1497 1962/1749/1497 2443/1750/1497
f 3833/1751/1498 2449/1752/1498 1955/1753/1498 2436/1754/1498
f 3832/1755/1499 2451/1756/1499 1963/1757/1499 2444/1758/1499
f 3831/1759/1500 2452/1760/1500 1956/1761/1500 2437/1762/1500
f 3830/1763/1501 2453/1764/1501 1964/1765/1501 2445/1766/1501
f 3829/1767/1502 2454/1768/1502 1957/1769/1502 2438/1770/1502
f 3828/1771/1503 2455/1772/1503 1965/1773/1503 2446/1774/1503
f 3827/1775/1504 2456/1776/1504 1958/1777/1504 2439/1778/1504
f 1937/1721/1505 3326/1779/1505 2459/1780/1505
f 1936/1781/1506 3327/1782/1506 3338/1783/1506
f 3826/1784/1507 2458/1785/1507 1959/1786/1507 2440/1787/1507
f 3825/1788/1508 2459/1780/1508 1952/1789/1508 2433/1790/1508
f 3824/1791/1509 2460/1792/1509 1960/1793/1509 2441/1794/1509
f 3823/1795/1510 2461/1796/1510 1953/1797/1510 2434/1798/1510
f 3822/1799/1511 2477/1800/1511 1980/1801/1511 2475/1802/1511
f 3821/1803/1512 2479/1804/1512 1973/1805/1512 2468/1806/1512
f 1952/1789/1513 3337/1807/1513 2480/1808/1513
f 1936/1809/1514 3338/1810/1514 3340/1811/1514
f 3820/1812/1515 2478/1813/1515 1974/1814/1515 2469/1815/1515
f 3819/1816/1516 2480/1808/1516 1967/1817/1516 2462/1818/1516
f 3818/1819/1517 2481/1820/1517 1975/1821/1517 2470/1822/1517
f 3817/1823/1518 2482/1824/1518 1968/1825/1518 2463/1826/1518
f 3816/1827/1519 2483/1828/1519 1976/1829/1519 2471/1830/1519
f 3815/1831/1520 2484/1832/1520 1969/1833/1520 2464/1834/1520
f 3814/1835/1521 2485/1836/1521 1977/1837/1521 2472/1838/1521
f 3813/1839/1522 2486/1840/1522 1970/1841/1522 2465/1842/1522
f 3812/1843/1523 2487/1844/1523 1978/1845/1523 2473/1846/1523
f 3811/1847/1524 2488/1848/1524 1971/1849/1524 2466/1850/1524
f 3810/1851/1525 2489/1852/1525 1979/1853/1525 2474/1854/1525
f 3809/1855/1526 2490/1856/1526 1972/1857/1526 2467/1858/1526
f 3808/1859/1527 2506/1860/1527 1984/1861/1527 2493/1862/1527
f 3807/1863/1528 2508/1864/1528 1992/1865/1528 2501/1866/1528
f 3806/1867/1529 2505/1868/1529 1985/1869/1529 2494/1870/1529
f 3805/1871/1530 2507/1872/1530 1993/1873/1530 2502/1874/1530
f 3804/1875/1531 2509/1876/1531 1986/1877/1531 2495/1878/1531
f 3803/1879/1532 2510/1880/1532 1994/1881/1532 2503/1882/1532
f 3802/1883/1533 2511/1884/1533 1987/1885/1533 2496/1886/1533
f 3801/1887/1534 2512/1888/1534 1995/1889/1534 2504/1890/1534
f 3800/1891/1535 2513/1892/1535 1988/1893/1535 2497/1894/1535
f 1967/1817/1536 3339/1895/1536 2516/1896/1536
f 1936/1897/1537 3340/1898/1537 3342/1899/1537
f 3799/1900/1538 2515/1901/1538 1989/1902/1538 2498/1903/1538
f 3798/1904/1539 2516/1896/1539 1982/1905/1539 2491/1906/1539
f 3797/1907/1540 2517/1908/1540 1990/1909/1540 2499/1910/1540
f 3796/1911/1541 2518/1912/1541 1983/1913/1541 2492/1914/1541
f 3795/1915/1542 2519/1916/1542 1991/1917/1542 2500/1918/1542
f 3794/1919/1543 2535/1920/1543 2003/1921/1543 2526/1922/1543
f 1982/1905/1544 3341/1923/1544 2536/1924/1544
f 1936/1925/1545 3342/1926/1545 3344/1927/1545
f 3793/1928/1546 2534/1929/1546 2004/1930/1546 2527/1931/1546
f 3792/1932/1547 2536/1924/1547 1997/1933/1547 2520/1934/1547
f 3791/1935/1548 2538/1936/1548 2005/1937/1548 2528/1938/1548
f 3790/1939/1549 2539/1940/1549 1998/1941/1549 2521/1942/1549
f 3789/1943/1550 2540/1944/1550 2006/1945/1550 2529/1946/1550
f 3788/1947/1551 2541/1948/1551 1999/1949/1551 2522/1950/1551
f 3787/1951/1552 2542/1952/1552 2007/1953/1552 2530/1954/1552
f 3786/1955/1553 2543/1956/1553 2000/1957/1553 2523/1958/1553
f 3785/1959/1554 2544/1960/1554 2008/1961/1554 2531/1962/1554
f 3784/1963/1555 2545/1964/1555 2001/1965/1555 2524/1966/1555
f 3783/1967/1556 2546/1968/1556 2009/1969/1556 2532/1970/1556
f 3782/1971/1557 2547/1972/1557 2002/1973/1557 2525/1974/1557
f 3781/1975/1558 2548/1976/1558 2010/1977/1558 2533/1978/1558
f 3780/1979/1559 2564/1980/1559 2022/1981/1559 2559/1982/1559
f 3779/1983/1560 2566/1984/1560 2015/1985/1560 2552/1986/1560
f 3778/1987/1561 2563/1988/1561 2023/1989/1561 2560/1990/1561
f 3777/1991/1562 2565/1992/1562 2016/1993/1562 2553/1994/1562
f 3776/1995/1563 2567/1996/1563 2024/1997/1563 2561/1998/1563
f 3775/1999/1564 2568/2000/1564 2017/2001/1564 2554/2002/1564
f 3774/2003/1565 2569/2004/1565 2025/2005/1565 2562/2006/1565
f 3773/2007/1566 2570/2008/1566 2018/2009/1566 2555/2010/1566
f 1997/1933/1567 3343/2011/1567 2573/2012/1567
f 1936/2013/1568 3344/2014/1568 3346/2015/1568
f 3772/2016/1569 2572/2017/1569 2019/2018/1569 2556/2019/1569
f 3771/2020/1570 2573/2012/1570 2012/2021/1570 2549/2022/1570
f 3770/2023/1571 2574/2024/1571 2020/2025/1571 2557/2026/1571
f 3769/2027/1572 2575/2028/1572 2013/2029/1572 2550/2030/1572
f 3768/2031/1573 2576/2032/1573 2021/2033/1573 2558/2034/1573
f 3767/2035/1574 2577/2036/1574 2014/2037/1574 2551/2038/1574
f 1936/2039/1575 3346/2040/1575 3348/2041/1575
f 3766/2042/1576 2594/2043/1576 2034/2044/1576 2585/2045/1576
f 3765/2046/1577 2596/2047/1577 2027/2048/1577 2578/2049/1577
f 3764/2050/1578 2593/2051/1578 2035/2052/1578 2586/2053/1578
f 3763/2054/1579 2595/2055/1579 2028/2056/1579 2579/2057/1579
f 3762/2058/1580 2597/2059/1580 2036/2060/1580 2587/2061/1580
f 3761/2062/1581 2598/2063/1581 2029/2064/1581 2580/2065/1581
f 3760/2066/1582 2599/2067/1582 2037/2068/1582 2588/2069/1582
f 3759/2070/1583 2600/2071/1583 2030/2072/1583 2581/2073/1583
f 3758/2074/1584 2601/2075/1584 2038/2076/1584 2589/2077/1584
f 3757/2078/1585 2602/2079/1585 2031/2080/1585 2582/2081/1585
f 3756/2082/1586 2603/2083/1586 2039/2084/1586 2590/2085/1586
f 3755/2086/1587 2604/2087/1587 2032/2088/1587 2583/2089/1587
f 3754/2090/1588 2605/2091/1588 2040/2092/1588 2591/2093/1588
f 3753/2094/1589 2606/2095/1589 2033/2096/1589 2584/2097/1589
f 2012/2021/1590 3345/2098/1590 2596/2047/1590
f 3752/2099/1591 2622/2100/1591 2053/2101/1591 2618/2102/1591
f 3751/2103/1592 2624/2104/1592 2046/2105/1592 2611/2106/1592
f 3750/2107/1593 2621/2108/1593 2054/2109/1593 2619/2110/1593
f 3749/2111/1594 2623/2112/1594 2047/2113/1594 2612/2114/1594
f 3748/2115/1595 2625/2116/1595 2055/2117/1595 2620/2118/1595
f 3747/2119/1596 2626/2120/1596 2048/2121/1596 2613/2122/1596
f 2027/2048/1597 3347/2123/1597 2629/2124/1597
f 1936/2125/1598 3348/2126/1598 3350/2127/1598
f 3746/2128/1599 2628/2129/1599 2049/2130/1599 2614/2131/1599
f 3745/2132/1600 2629/2124/1600 2042/2133/1600 2607/2134/1600
f 3744/2135/1601 2630/2136/1601 2050/2137/1601 2615/2138/1601
f 3743/2139/1602 2631/2140/1602 2043/2141/1602 2608/2142/1602
f 3742/2143/1603 2632/2144/1603 2051/2145/1603 2616/2146/1603
f 3741/2147/1604 2633/2148/1604 2044/2149/1604 2609/2150/1604
f 3740/2151/1605 2634/2152/1605 2052/2153/1605 2617/2154/1605
f 3739/2155/1606 2635/2156/1606 2045/2157/1606 2610/2158/1606
f 3738/2159/1607 2651/2160/1607 2057/2161/1607 2636/2162/1607
f 3737/2163/1608 2653/2164/1608 2065/2165/1608 2644/2166/1608
f 3736/2167/1609 2650/2168/1609 2058/2169/1609 2637/2170/1609
f 3735/2171/1610 2652/2172/1610 2066/2173/1610 2645/2174/1610
f 3734/2175/1611 2654/2176/1611 2059/2177/1611 2638/2178/1611
f 3733/2179/1612 2655/2180/1612 2067/2181/1612 2646/2182/1612
f 3732/2183/1613 2656/2184/1613 2060/2185/1613 2639/2186/1613
f 3731/2187/1614 2657/2188/1614 2068/2189/1614 2647/2190/1614
f 3730/2191/1615 2658/2192/1615 2061/2193/1615 2640/2194/1615
f 3729/2195/1616 2659/2196/1616 2069/2197/1616 2648/2198/1616
f 3728/2199/1617 2660/2200/1617 2062/2201/1617 2641/2202/1617
f 3727/2203/1618 2661/2204/1618 2070/2205/1618 2649/2206/1618
f 3726/2207/1619 2662/2208/1619 2063/2209/1619 2642/2210/1619
f 2042/2133/1620 3349/2211/1620 2651/2160/1620
f 1936/2212/1621 3350/2213/1621 3352/2214/1621
f 3725/2215/1622 2664/2216/1622 2064/2217/1622 2643/2218/1622
f 3724/2219/1623 2680/2220/1623 2076/2221/1623 2669/2222/1623
f 3723/2223/1624 2682/2224/1624 2084/2225/1624 2677/2226/1624
f 3722/2227/1625 2679/2228/1625 2077/2229/1625 2670/2230/1625
f 3721/2231/1626 2681/2232/1626 2085/2233/1626 2678/2234/1626
f 3720/2235/1627 2683/2236/1627 2078/2237/1627 2671/2238/1627
f 2057/2161/1628 3351/2239/1628 2686/2240/1628
f 1936/2241/1629 3352/2242/1629 3354/2243/1629
f 3719/2244/1630 2685/2245/1630 2079/2246/1630 2672/2247/1630
f 3718/2248/1631 2686/2240/1631 2072/2249/1631 2665/2250/1631
f 3717/2251/1632 2687/2252/1632 2080/2253/1632 2673/2254/1632
f 3716/2255/1633 2688/2256/1633 2073/2257/1633 2666/2258/1633
f 3715/2259/1634 2689/2260/1634 2081/2261/1634 2674/2262/1634
f 3714/2263/1635 2690/2264/1635 2074/2265/1635 2667/2266/1635
f 3713/2267/1636 2691/2268/1636 2082/2269/1636 2675/2270/1636
f 3712/2271/1637 2692/2272/1637 2075/2273/1637 2668/2274/1637
f 3711/2275/1638 2693/2276/1638 2083/2277/1638 2676/2278/1638
f 3710/2279/1639 2709/2280/1639 2095/2281/1639 2702/2282/1639
f 3709/2283/1640 2711/2284/1640 2088/2285/1640 2695/2286/1640
f 3708/2287/1641 2708/2288/1641 2096/2289/1641 2703/2290/1641
f 3707/2291/1642 2710/2292/1642 2089/2293/1642 2696/2294/1642
f 3706/2295/1643 2712/2296/1643 2097/2297/1643 2704/2298/1643
f 3705/2299/1644 2713/2300/1644 2090/2301/1644 2697/2302/1644
f 3704/2303/1645 2714/2304/1645 2098/2305/1645 2705/2306/1645
f 3703/2307/1646 2715/2308/1646 2091/2309/1646 2698/2310/1646
f 3702/2311/1647 2716/2312/1647 2099/2313/1647 2706/2314/1647
f 3701/2315/1648 2717/2316/1648 2092/2317/1648 2699/2318/1648
f 3700/2319/1649 2718/2320/1649 2100/2321/1649 2707/2322/1649
f 3699/2323/1650 2719/2324/1650 2093/2325/1650 2700/2326/1650
f 2072/2249/1651 3353/2327/1651 2722/2328/1651
f 1936/2329/1652 3354/2330/1652 3356/2331/1652
f 3698/2332/1653 2721/2333/1653 2094/2334/1653 2701/2335/1653
f 3697/2336/1654 2722/2328/1654 2087/2337/1654 2694/2338/1654
f 3696/2339/1655 2738/2340/1655 2114/2341/1655 2735/2342/1655
f 3695/2343/1656 2740/2344/1656 2107/2345/1656 2728/2346/1656
f 3694/2347/1657 2737/2348/1657 2115/2349/1657 2736/2350/1657
f 3693/2351/1658 2739/2352/1658 2108/2353/1658 2729/2354/1658
f 2087/2337/1659 3355/2355/1659 2743/2356/1659
f 1936/2357/1660 3356/2358/1660 3358/2359/1660
f 3692/2360/1661 2742/2361/1661 2109/2362/1661 2730/2363/1661
f 3691/2364/1662 2743/2356/1662 2102/2365/1662 2723/2366/1662
f 3690/2367/1663 2744/2368/1663 2110/2369/1663 2731/2370/1663
f 3689/2371/1664 2745/2372/1664 2103/2373/1664 2724/2374/1664
f 3688/2375/1665 2746/2376/1665 2111/2377/1665 2732/2378/1665
f 3687/2379/1666 2747/2380/1666 2104/2381/1666 2725/2382/1666
f 3686/2383/1667 2748/2384/1667 2112/2385/1667 2733/2386/1667
f 3685/2387/1668 2749/2388/1668 2105/2389/1668 2726/2390/1668
f 3684/2391/1669 2750/2392/1669 2113/2393/1669 2734/2394/1669
f 3683/2395/1670 2751/2396/1670 2106/2397/1670 2727/2398/1670
f 3682/2399/1671 2767/2400/1671 2118/2401/1671 2753/2402/1671
f 3681/2403/1672 2769/2404/1672 2126/2405/1672 2761/2406/1672
f 3680/2407/1673 2766/2408/1673 2119/2409/1673 2754/2410/1673
f 3679/2411/1674 2768/2412/1674 2127/2413/1674 2762/2414/1674
f 3678/2415/1675 2770/2416/1675 2120/2417/1675 2755/2418/1675
f 3677/2419/1676 2771/2420/1676 2128/2421/1676 2763/2422/1676
f 3676/2423/1677 2772/2424/1677 2121/2425/1677 2756/2426/1677
f 3675/2427/1678 2773/2428/1678 2129/2429/1678 2764/2430/1678
f 3674/2431/1679 2774/2432/1679 2122/2433/1679 2757/2434/1679
f 3673/2435/1680 2775/2436/1680 2130/2437/1680 2765/2438/1680
f 3672/2439/1681 2776/2440/1681 2123/2441/1681 2758/2442/1681
f 2102/2365/1682 3357/2443/1682 2779/2444/1682
f 1936/2445/1683 3358/2446/1683 3360/2447/1683
f 3671/2448/1684 2778/2449/1684 2124/2450/1684 2759/2451/1684
f 3670/2452/1685 2779/2444/1685 2117/2453/1685 2752/2454/1685
f 3669/2455/1686 2780/2456/1686 2125/2457/1686 2760/2458/1686
f 3668/2459/1687 2796/2460/1687 2137/2461/1687 2786/2462/1687
f 3667/2463/1688 2798/2464/1688 2145/2465/1688 2794/2466/1688
f 3666/2467/1689 2795/2468/1689 2138/2469/1689 2787/2470/1689
f 2117/2453/1690 3359/2471/1690 2800/2472/1690
f 1936/2473/1691 3360/2474/1691 3362/2475/1691
f 3665/2476/1692 2799/2477/1692 2139/2478/1692 2788/2479/1692
f 3664/2480/1693 2800/2472/1693 2132/2481/1693 2781/2482/1693
f 3663/2483/1694 2801/2484/1694 2140/2485/1694 2789/2486/1694
f 3662/2487/1695 2802/2488/1695 2133/2489/1695 2782/2490/1695
f 3661/2491/1696 2803/2492/1696 2141/2493/1696 2790/2494/1696
f 3660/2495/1697 2804/2496/1697 2134/2497/1697 2783/2498/1697
f 3659/2499/1698 2805/2500/1698 2142/2501/1698 2791/2502/1698
f 3658/2503/1699 2806/2504/1699 2135/2505/1699 2784/2506/1699
f 3657/2507/1700 2807/2508/1700 2143/2509/1700 2792/2510/1700
f 3656/2511/1701 2808/2512/1701 2136/2513/1701 2785/2514/1701
f 3655/2515/1702 2809/2516/1702 2144/2517/1702 2793/2518/1702
f 3654/2519/1703 2825/2520/1703 2156/2521/1703 2819/2522/1703
f 3653/2523/1704 2827/2524/1704 2149/2525/1704 2812/2526/1704
f 3652/2527/1705 2824/2528/1705 2157/2529/1705 2820/2530/1705
f 3651/2531/1706 2826/2532/1706 2150/2533/1706 2813/2534/1706
f 3650/2535/1707 2828/2536/1707 2158/2537/1707 2821/2538/1707
f 3649/2539/1708 2829/2540/1708 2151/2541/1708 2814/2542/1708
f 3648/2543/1709 2830/2544/1709 2159/2545/1709 2822/2546/1709
f 3647/2547/1710 2831/2548/1710 2152/2549/1710 2815/2550/1710
f 3646/2551/1711 2832/2552/1711 2160/2553/1711 2823/2554/1711
f 3645/2555/1712 2833/2556/1712 2153/2557/1712 2816/2558/1712
f 2132/2481/1713 3361/2559/1713 2836/2560/1713
f 1936/2561/1714 3362/2562/1714 3364/2563/1714
f 3644/2564/1715 2835/2565/1715 2154/2566/1715 2817/2567/1715
f 3643/2568/1716 2836/2560/1716 2147/2569/1716 2810/2570/1716
f 3642/2571/1717 2837/2572/1717 2155/2573/1717 2818/2574/1717
f 3641/2575/1718 2838/2576/1718 2148/2577/1718 2811/2578/1718
f 3640/2579/1719 2854/2580/1719 2175/2581/1719 2852/2582/1719
f 3639/2583/1720 2856/2584/1720 2168/2585/1720 2845/2586/1720
f 2147/2569/1721 3363/2587/1721 2857/2588/1721
f 1936/2589/1722 3364/2590/1722 3366/2591/1722
f 3638/2592/1723 2855/2593/1723 2169/2594/1723 2846/2595/1723
f 3637/2596/1724 2857/2588/1724 2162/2597/1724 2839/2598/1724
f 3636/2599/1725 2858/2600/1725 2170/2601/1725 2847/2602/1725
f 3635/2603/1726 2859/2604/1726 2163/2605/1726 2840/2606/1726
f 3634/2607/1727 2860/2608/1727 2171/2609/1727 2848/2610/1727
f 3633/2611/1728 2861/2612/1728 2164/2613/1728 2841/2614/1728
f 3632/2615/1729 2862/2616/1729 2172/2617/1729 2849/2618/1729
f 3631/2619/1730 2863/2620/1730 2165/2621/1730 2842/2622/1730
f 3630/2623/1731 2864/2624/1731 2173/2625/1731 2850/2626/1731
f 3629/2627/1732 2865/2628/1732 2166/2629/1732 2843/2630/1732
f 3628/2631/1733 2866/2632/1733 2174/2633/1733 2851/2634/1733
f 3627/2635/1734 2867/2636/1734 2167/2637/1734 2844/2638/1734
f 3626/2639/1735 2883/2640/1735 2187/2641/1735 2878/2642/1735
f 3625/2643/1736 2885/2644/1736 2180/2645/1736 2871/2646/1736
f 3624/2647/1737 2882/2648/1737 2188/2649/1737 2879/2650/1737
f 3623/2651/1738 2884/2652/1738 2181/2653/1738 2872/2654/1738
f 3622/2655/1739 2886/2656/1739 2189/2657/1739 2880/2658/1739
f 3621/2659/1740 2887/2660/1740 2182/2661/1740 2873/2662/1740
f 3620/2663/1741 2888/2664/1741 2190/2665/1741 2881/2666/1741
f 3619/2667/1742 2889/2668/1742 2183/2669/1742 2874/2670/1742
f 2162/2597/1743 3365/2671/1743 2892/2672/1743
f 1936/2673/1744 3366/2674/1744 3368/2675/1744
f 3618/2676/1745 2891/2677/1745 2184/2678/1745 2875/2679/1745
f 3617/2680/1746 2892/2672/1746 2177/2681/1746 2868/2682/1746
f 3616/2683/1747 2893/2684/1747 2185/2685/1747 2876/2686/1747
f 3615/2687/1748 2894/2688/1748 2178/2689/1748 2869/2690/1748
f 3614/2691/1749 2895/2692/1749 2186/2693/1749 2877/2694/1749
f 3613/2695/1750 2896/2696/1750 2179/2697/1750 2870/2698/1750
f 2177/2681/1751 3367/2699/1751 2911/2700/1751
f 1936/2701/1752 3368/2702/1752 3370/2703/1752
f 3612/2704/1753 2914/2705/1753 2199/2706/1753 2904/2707/1753
f 3611/2708/1754 2911/2700/1754 2192/2709/1754 2897/2710/1754
f 3610/2711/1755 2913/2712/1755 2200/2713/1755 2905/2714/1755
f 3609/2715/1756 2915/2716/1756 2193/2717/1756 2898/2718/1756
f 3608/2719/1757 2916/2720/1757 2201/2721/1757 2906/2722/1757
f 3607/2723/1758 2917/2724/1758 2194/2725/1758 2899/2726/1758
f 3606/2727/1759 2918/2728/1759 2202/2729/1759 2907/2730/1759
f 3605/2731/1760 2919/2732/1760 2195/2733/1760 2900/2734/1760
f 3604/2735/1761 2920/2736/1761 2203/2737/1761 2908/2738/1761
f 3603/2739/1762 2921/2740/1762 2196/2741/1762 2901/2742/1762
f 3602/2743/1763 2922/2744/1763 2204/2745/1763 2909/2746/1763
f 3601/2747/1764 2923/2748/1764 2197/2749/1764 2902/2750/1764
f 3600/2751/1765 2924/2752/1765 2205/2753/1765 2910/2754/1765
f 3599/2755/1766 2925/2756/1766 2198/2757/1766 2903/2758/1766
f 3598/2759/1767 2941/2760/1767 2210/2761/1767 2929/2762/1767
f 3597/2763/1768 2943/2764/1768 2218/2765/1768 2937/2766/1768
f 3596/2767/1769 2940/2768/1769 2211/2769/1769 2930/2770/1769
f 3595/2771/1770 2942/2772/1770 2219/2773/1770 2938/2774/1770
f 3594/2775/1771 2944/2776/1771 2212/2777/1771 2931/2778/1771
f 3593/2779/1772 2945/2780/1772 2220/2781/1772 2939/2782/1772
f 3592/2783/1773 2946/2784/1773 2213/2785/1773 2932/2786/1773
f 2192/2709/1774 3369/2787/1774 2949/2788/1774
f 1936/2789/1775 3370/2790/1775 3372/2791/1775
f 3591/2792/1776 2948/2793/1776 2214/2794/1776 2933/2795/1776
f 3590/2796/1777 2949/2788/1777 2207/2797/1777 2926/2798/1777
f 3589/2799/1778 2950/2800/1778 2215/2801/1778 2934/2802/1778
f 3588/2803/1779 2951/2804/1779 2208/2805/1779 2927/2806/1779
f 3587/2807/1780 2952/2808/1780 2216/2809/1780 2935/2810/1780
f 3586/2811/1781 2953/2812/1781 2209/2813/1781 2928/2814/1781
f 3585/2815/1782 2954/2816/1782 2217/2817/1782 2936/2818/1782
f 3584/2819/1783 2970/2820/1783 2229/2821/1783 2962/2822/1783
f 3583/2823/1784 2972/2824/1784 2222/2825/1784 2955/2826/1784
f 3582/2827/1785 2969/2828/1785 2230/2829/1785 2963/2830/1785
f 3581/2831/1786 2971/2832/1786 2223/2833/1786 2956/2834/1786
f 3580/2835/1787 2973/2836/1787 2231/2837/1787 2964/2838/1787
f 3579/2839/1788 2974/2840/1788 2224/2841/1788 2957/2842/1788
f 3578/2843/1789 2975/2844/1789 2232/2845/1789 2965/2846/1789
f 3577/2847/1790 2976/2848/1790 2225/2849/1790 2958/2850/1790
f 3576/2851/1791 2977/2852/1791 2233/2853/1791 2966/2854/1791
f 3575/2855/1792 2978/2856/1792 2226/2857/1792 2959/2858/1792
f 3574/2859/1793 2979/2860/1793 2234/2861/1793 2967/2862/1793
f 3573/2863/1794 2980/2864/1794 2227/2865/1794 2960/2866/1794
f 3572/2867/1795 2981/2868/1795 2235/2869/1795 2968/2870/1795
f 3571/2871/1796 2982/2872/1796 2228/2873/1796 2961/2874/1796
f 2207/2797/1797 3371/2875/1797 2972/2824/1797
f 1936/2876/1798 3372/2877/1798 3374/2878/1798
f 3570/2879/1799 2999/2880/1799 2248/2881/1799 2995/2882/1799
f 3569/2883/1800 3001/2884/1800 2241/2885/1800 2988/2886/1800
f 3568/2887/1801 2998/2888/1801 2249/2889/1801 2996/2890/1801
f 3567/2891/1802 3000/2892/1802 2242/2893/1802 2989/2894/1802
f 3566/2895/1803 3002/2896/1803 2250/2897/1803 2997/2898/1803
f 3565/2899/1804 3003/2900/1804 2243/2901/1804 2990/2902/1804
f 2222/2825/1805 3373/2903/1805 3006/2904/1805
f 1936/2905/1806 3374/2906/1806 3376/2907/1806
f 3564/2908/1807 3005/2909/1807 2244/2910/1807 2991/2911/1807
f 3563/2912/1808 3006/2904/1808 2237/2913/1808 2984/2914/1808
f 3562/2915/1809 3007/2916/1809 2245/2917/1809 2992/2918/1809
f 3561/2919/1810 3008/2920/1810 2238/2921/1810 2985/2922/1810
f 3560/2923/1811 3009/2924/1811 2246/2925/1811 2993/2926/1811
f 3559/2927/1812 3010/2928/1812 2239/2929/1812 2986/2930/1812
f 3558/2931/1813 3011/2932/1813 2247/2933/1813 2994/2934/1813
f 3557/2935/1814 3012/2936/1814 2240/2937/1814 2987/2938/1814
f 3556/2939/1815 3028/2940/1815 2252/2941/1815 3013/2942/1815
f 3555/2943/1816 3030/2944/1816 2260/2945/1816 3021/2946/1816
f 3554/2947/1817 3027/2948/1817 2253/2949/1817 3014/2950/1817
f 3553/2951/1818 3029/2952/1818 2261/2953/1818 3022/2954/1818
f 3552/2955/1819 3031/2956/1819 2254/2957/1819 3015/2958/1819
f 3551/2959/1820 3032/2960/1820 2262/2961/1820 3023/2962/1820
f 3550/2963/1821 3033/2964/1821 2255/2965/1821 3016/2966/1821
f 3549/2967/1822 3034/2968/1822 2263/2969/1822 3024/2970/1822
f 3548/2971/1823 3035/2972/1823 2256/2973/1823 3017/2974/1823
f 3547/2975/1824 3036/2976/1824 2264/2977/1824 3025/2978/1824
f 3546/2979/1825 3037/2980/1825 2257/2981/1825 3018/2982/1825
f 3545/2983/1826 3038/2984/1826 2265/2985/1826 3026/2986/1826
f 3544/2987/1827 3039/2988/1827 2258/2989/1827 3019/2990/1827
f 2237/2913/1828 3375/2991/1828 3028/2940/1828
f 1936/2992/1829 3376/2993/1829 3378/2994/1829
f 3543/2995/1830 3041/2996/1830 2259/2997/1830 3020/2998/1830
f 3542/2999/1831 3057/3000/1831 2271/3001/1831 3046/3002/1831
f 3541/3003/1832 3059/3004/1832 2279/3005/1832 3054/3006/1832
f 3540/3007/1833 3056/3008/1833 2272/3009/1833 3047/3010/1833
f 3539/3011/1834 3058/3012/1834 2280/3013/1834 3055/3014/1834
f 3538/3015/1835 3060/3016/1835 2273/3017/1835 3048/3018/1835
f 2252/2941/1836 3377/3019/1836 3063/3020/1836
f 1936/3021/1837 3378/3022/1837 3380/3023/1837
f 3537/3024/1838 3062/3025/1838 2274/3026/1838 3049/3027/1838
f 3536/3028/1839 3063/3020/1839 2267/3029/1839 3042/3030/1839
f 3535/3031/1840 3064/3032/1840 2275/3033/1840 3050/3034/1840
f 3534/3035/1841 3065/3036/1841 2268/3037/1841 3043/3038/1841
f 3533/3039/1842 3066/3040/1842 2276/3041/1842 3051/3042/1842
f 3532/3043/1843 3067/3044/1843 2269/3045/1843 3044/3046/1843
f 3531/3047/1844 3068/3048/1844 2277/3049/1844 3052/3050/1844
f 3530/3051/1845 3069/3052/1845 2270/3053/1845 3045/3054/1845
f 3529/3055/1846 3070/3056/1846 2278/3057/1846 3053/3058/1846
f 3528/3059/1847 3086/3060/1847 2290/3061/1847 3079/3062/1847
f 3527/3063/1848 3088/3064/1848 2283/3065/1848 3072/3066/1848
f 3526/3067/1849 3085/3068/1849 2291/3069/1849 3080/3070/1849
f 3525/3071/1850 3087/3072/1850 2284/3073/1850 3073/3074/1850
f 3524/3075/1851 3089/3076/1851 2292/3077/1851 3081/3078/1851
f 3523/3079/1852 3090/3080/1852 2285/3081/1852 3074/3082/1852
f 3522/3083/1853 3091/3084/1853 2293/3085/1853 3082/3086/1853
f 3521/3087/1854 3092/3088/1854 2286/3089/1854 3075/3090/1854
f 3520/3091/1855 3093/3092/1855 2294/3093/1855 3083/3094/1855
f 3519/3095/1856 3094/3096/1856 2287/3097/1856 3076/3098/1856
f 3518/3099/1857 3095/3100/1857 2295/3101/1857 3084/3102/1857
f 3517/3103/1858 3096/3104/1858 2288/3105/1858 3077/3106/1858
f 2267/3029/1859 3379/3107/1859 3099/3108/1859
f 1936/3109/1860 3380/3110/1860 3382/3111/1860
f 3516/3112/1861 3098/3113/1861 2289/3114/1861 3078/3115/1861
f 3515/3116/1862 3099/3108/1862 2282/3117/1862 3071/3118/1862
f 3514/3119/1863 3115/3120/1863 2309/3121/1863 3112/3122/1863
f 3513/3123/1864 3117/3124/1864 2302/3125/1864 3105/3126/1864
f 3512/3127/1865 3114/3128/1865 2310/3129/1865 3113/3130/1865
f 3511/3131/1866 3116/3132/1866 2303/3133/1866 3106/3134/1866
f 2282/3135/1867 3381/3136/1867 3120/3137/1867
f 1936/3138/1868 3382/3139/1868 3384/3140/1868
f 3510/3141/1869 3119/3142/1869 2304/3143/1869 3107/3144/1869
f 3509/3145/1870 3120/3137/1870 2297/3146/1870 3100/3147/1870
f 3508/3148/1871 3121/3149/1871 2305/3150/1871 3108/3151/1871
f 3507/3152/1872 3122/3153/1872 2298/3154/1872 3101/3155/1872
f 3506/3156/1873 3123/3157/1873 2306/3158/1873 3109/3159/1873
f 3505/3160/1874 3124/3161/1874 2299/3162/1874 3102/3163/1874
f 3504/3164/1875 3125/3165/1875 2307/3166/1875 3110/3167/1875
f 3503/3168/1876 3126/3169/1876 2300/3170/1876 3103/3171/1876
f 3502/3172/1877 3127/3173/1877 2308/3174/1877 3111/3175/1877
f 3501/3176/1878 3128/3177/1878 2301/3178/1878 3104/3179/1878
f 3500/3180/1879 3144/3181/1879 2321/3182/1879 3138/3183/1879
f 3499/3184/1880 3146/3185/1880 2314/3186/1880 3131/3187/1880
f 3498/3188/1881 3143/3189/1881 2322/3190/1881 3139/3191/1881
f 3497/3192/1882 3145/3193/1882 2315/3194/1882 3132/3195/1882
f 3496/3196/1883 3147/3197/1883 2323/3198/1883 3140/3199/1883
f 3495/3200/1884 3148/3201/1884 2316/3202/1884 3133/3203/1884
f 3494/3204/1885 3149/3205/1885 2324/3206/1885 3141/3207/1885
f 3493/3208/1886 3150/3209/1886 2317/3210/1886 3134/3211/1886
f 3492/3212/1887 3151/3213/1887 2325/3214/1887 3142/3215/1887
f 3491/3216/1888 3152/3217/1888 2318/3218/1888 3135/3219/1888
f 2297/3146/1889 3383/3220/1889 3155/3221/1889
f 1936/3222/1890 3384/3223/1890 3386/3224/1890
f 3490/3225/1891 3154/3226/1891 2319/3227/1891 3136/3228/1891
f 3489/3229/1892 3155/3221/1892 2312/3230/1892 3129/3231/1892
f 3488/3232/1893 3156/3233/1893 2320/3234/1893 3137/3235/1893
f 3487/3236/1894 3157/3237/1894 2313/3238/1894 3130/3239/1894
f 3486/3240/1895 3173/3241/1895 2340/3242/1895 3171/3243/1895
f 3485/3244/1896 3175/3245/1896 2333/3246/1896 3164/3247/1896
f 2312/3230/1897 3385/3248/1897 3176/3249/1897
f 1936/3250/1898 3386/3251/1898 3388/3252/1898
f 3484/3253/1899 3174/3254/1899 2334/3255/1899 3165/3256/1899
f 3483/3257/1900 3176/3249/1900 2327/3258/1900 3158/3259/1900
f 3482/3260/1901 3177/3261/1901 2335/3262/1901 3166/3263/1901
f 3481/3264/1902 3178/3265/1902 2328/3266/1902 3159/3267/1902
f 3480/3268/1903 3179/3269/1903 2336/3270/1903 3167/3271/1903
f 3479/3272/1904 3180/3273/1904 2329/3274/1904 3160/3275/1904
f 3478/3276/1905 3181/3277/1905 2337/3278/1905 3168/3279/1905
f 3477/3280/1906 3182/3281/1906 2330/3282/1906 3161/3283/1906
f 3476/3284/1907 3183/3285/1907 2338/3286/1907 3169/3287/1907
f 3475/3288/1908 3184/3289/1908 2331/3290/1908 3162/3291/1908
f 3474/3292/1909 3185/3293/1909 2339/3294/1909 3170/3295/1909
f 3473/3296/1910 3186/3297/1910 2332/3298/1910 3163/3299/1910
f 3472/3300/1911 3202/3301/1911 2344/3302/1911 3189/3303/1911
f 3471/3304/1912 3204/3305/1912 2352/3306/1912 3197/3307/1912
f 3470/3308/1913 3201/3309/1913 2345/3310/1913 3190/3311/1913
f 3469/3312/1914 3203/3313/1914 2353/3314/1914 3198/3315/1914
f 3468/3316/1915 3205/3317/1915 2346/3318/1915 3191/3319/1915
f 3467/3320/1916 3206/3321/1916 2354/3322/1916 3199/3323/1916
f 3466/3324/1917 3207/3325/1917 2347/3326/1917 3192/3327/1917
f 3465/3328/1918 3208/3329/1918 2355/3330/1918 3200/3331/1918
f 3464/3332/1919 3209/3333/1919 2348/3334/1919 3193/3335/1919
f 2327/3258/1920 3387/3336/1920 3212/3337/1920
f 1936/3338/1921 3388/3339/1921 3390/3340/1921
f 3463/3341/1922 3211/3342/1922 2349/3343/1922 3194/3344/1922
f 3462/3345/1923 3212/3337/1923 2342/3346/1923 3187/3347/1923
f 3461/3348/1924 3213/3349/1924 2350/3350/1924 3195/3351/1924
f 3460/3352/1925 3214/3353/1925 2343/3354/1925 3188/3355/1925
f 3459/3356/1926 3215/3357/1926 2351/3358/1926 3196/3359/1926
f 3458/3360/1927 3231/3361/1927 2363/3362/1927 3222/3363/1927
f 2342/3346/1928 3389/3364/1928 3232/3365/1928
f 1936/3366/1929 3390/3367/1929 3392/3368/1929
f 3457/3369/1930 3230/3370/1930 2364/3371/1930 3223/3372/1930
f 3456/3373/1931 3232/3365/1931 2357/3374/1931 3216/3375/1931
f 3455/3376/1932 3234/3377/1932 2365/3378/1932 3224/3379/1932
f 3454/3380/1933 3235/3381/1933 2358/3382/1933 3217/3383/1933
f 3453/3384/1934 3236/3385/1934 2366/3386/1934 3225/3387/1934
f 3452/3388/1935 3237/3389/1935 2359/3390/1935 3218/3391/1935
f 3451/3392/1936 3238/3393/1936 2367/3394/1936 3226/3395/1936
f 3450/3396/1937 3239/3397/1937 2360/3398/1937 3219/3399/1937
f 3449/3400/1938 3240/3401/1938 2368/3402/1938 3227/3403/1938
f 3448/3404/1939 3241/3405/1939 2361/3406/1939 3220/3407/1939
f 3447/3408/1940 3242/3409/1940 2369/3410/1940 3228/3411/1940
f 3446/3412/1941 3243/3413/1941 2362/3414/1941 3221/3415/1941
f 3445/3416/1942 3244/3417/1942 2370/3418/1942 3229/3419/1942
f 3444/3420/1943 3260/3421/1943 2382/3422/1943 3255/3423/1943
f 3443/3424/1944 3262/3425/1944 2375/3426/1944 3248/3427/1944
f 3442/3428/1945 3259/3429/1945 2383/3430/1945 3256/3431/1945
f 3441/3432/1946 3261/3433/1946 2376/3434/1946 3249/3435/1946
f 3440/3436/1947 3263/3437/1947 2384/3438/1947 3257/3439/1947
f 3439/3440/1948 3264/3441/1948 2377/3442/1948 3250/3443/1948
f 3438/3444/1949 3265/3445/1949 2385/3446/1949 3258/3447/1949
f 3437/3448/1950 3266/3449/1950 2378/3450/1950 3251/3451/1950
f 2357/3374/1951 3391/3452/1951 3269/3453/1951
f 1936/3454/1952 3392/3455/1952 3394/3456/1952
f 3436/3457/1953 3268/3458/1953 2379/3459/1953 3252/3460/1953
f 3435/3461/1954 3269/3453/1954 2372/3462/1954 3245/3463/1954
f 3434/3464/1955 3270/3465/1955 2380/3466/1955 3253/3467/1955
f 3433/3468/1956 3271/3469/1956 2373/3470/1956 3246/3471/1956
f 3432/3472/1957 3272/3473/1957 2381/3474/1957 3254/3475/1957
f 3431/3476/1958 3273/3477/1958 2374/3478/1958 3247/3479/1958
f 2372/3462/1959 3393/3480/1959 3288/3481/1959
f 1936/3482/1960 3394/3483/1960 3396/3484/1960
f 3430/3485/1961 3291/3486/1961 2394/3487/1961 3281/3488/1961
f 3429/3489/1962 3288/3481/1962 2387/3490/1962 3274/3491/1962
f 3428/3492/1963 3290/3493/1963 2395/3494/1963 3282/3495/1963
f 3427/3496/1964 3292/3497/1964 2388/3498/1964 3275/3499/1964
f 3426/3500/1965 3293/3501/1965 2396/3502/1965 3283/3503/1965
f 3425/3504/1966 3294/3505/1966 2389/3506/1966 3276/3507/1966
f 3424/3508/1967 3295/3509/1967 2397/3510/1967 3284/3511/1967
f 3423/3512/1968 3296/3513/1968 2390/3514/1968 3277/3515/1968
f 3422/3516/1969 3297/3517/1969 2398/3518/1969 3285/3519/1969
f 3421/3520/1970 3298/3521/1970 2391/3522/1970 3278/3523/1970
f 3420/3524/1971 3299/3525/1971 2399/3526/1971 3286/3527/1971
f 3419/3528/1972 3300/3529/1972 2392/3530/1972 3279/3531/1972
f 3418/3532/1973 3301/3533/1973 2400/3534/1973 3287/3535/1973
f 3417/3536/1974 3302/3537/1974 2393/3538/1974 3280/3539/1974
f 3416/3540/1975 3307/3541/1975 2404/3542/1975 3319/3543/1975
f 3415/3544/1976 3309/3545/1976 2407/3546/1976 3304/3547/1976
f 3414/3548/1977 3397/3549/1977 1931/3550/1977 3320/3551/1977
f 3413/3552/1978 3308/3553/1978 2408/3554/1978 3305/3555/1978
f 3412/3556/1979 3310/3557/1979 2405/3558/1979 3321/3559/1979
f 3411/3560/1980 3311/3561/1980 2409/3562/1980 3306/3563/1980
f 3410/3564/1981 3398/3565/1981 1932/3566/1981 2411/3567/1981
f 2387/3490/1982 3395/3568/1982 3313/3569/1982
f 1936/3570/1983 3396/3571/1983 3325/3572/1983
f 3409/3573/1984 3399/3574/1984 1933/3575/1984 2412/3576/1984
f 3408/3577/1985 3313/3569/1985 2402/1710/1985 3303/3578/1985
f 3407/3579/1986 3400/3580/1986 1934/3581/1986 3322/3582/1986
f 3406/3583/1987 3314/3584/1987 2403/3585/1987 3317/3586/1987
f 3405/3587/1988 3315/3588/1988 2406/3589/1988 3323/3590/1988
f 3404/3591/1989 3401/3592/1989 1930/3593/1989 3318/3594/1989
f 3403/3595/1990 3402/3596/1990 1935/3597/1990 3324/3598/1990
f 3309/3545/1990 3403/3595/1990 3324/3598/1990 2407/3546/1990
f 2398/3518/1990 3284/3511/1990 3403/3595/1990 3309/3545/1990
f 3284/3511/1990 2397/3510/1990 3402/3596/1990 3403/3595/1990
f 3307/3541/1989 3404/3591/1989 3318/3594/1989 2404/3542/1989
f 2390/3514/1989 3276/3507/1989 3404/3591/1989 3307/3541/1989
f 3276/3507/1989 2389/3506/1989 3401/3592/1989 3404/3591/1989
f 3402/3596/1988 3405/3587/1988 3323/3590/1988 1935/3597/1988
f 2397/3510/1988 3283/3503/1988 3405/3587/1988 3402/3596/1988
f 3283/3503/1988 2396/3502/1988 3315/3588/1988 3405/3587/1988
f 3401/3592/1987 3406/3583/1987 3317/3586/1987 1930/3593/1987
f 2389/3506/1987 3275/3499/1987 3406/3583/1987 3401/3592/1987
f 3275/3499/1987 2388/3498/1987 3314/3584/1987 3406/3583/1987
f 3315/3588/1986 3407/3579/1986 3322/3582/1986 2406/3589/1986
f 2396/3502/1986 3282/3495/1986 3407/3579/1986 3315/3588/1986
f 3282/3495/1986 2395/3494/1986 3400/3580/1986 3407/3579/1986
f 3314/3584/1985 3408/3577/1985 3303/3578/1985 2403/3585/1985
f 2388/3498/1985 3274/3491/1985 3408/3577/1985 3314/3584/1985
f 3274/3491/1985 2387/3490/1985 3313/3569/1985 3408/3577/1985
f 3400/3580/1984 3409/3573/1984 2412/3576/1984 1934/3581/1984
f 2395/3494/1984 3281/3488/1984 3409/3573/1984 3400/3580/1984
f 3281/3488/1984 2394/3487/1984 3399/3574/1984 3409/3573/1984
f 3325/3572/1983 3312/3599/1983 2410/3600/1983
f 3325/3572/1983 3396/3571/1983 3312/3599/1983
f 3396/3571/1983 2401/3601/1983 3312/3599/1983
f 3313/3569/1982 3316/3602/1982 2402/1710/1982
f 3313/3569/1982 3395/3568/1982 3316/3602/1982
f 3395/3568/1982 1929/3603/1982 3316/3602/1982
f 3399/3574/1981 3410/3564/1981 2411/3567/1981 1933/3575/1981
f 2394/3487/1981 3280/3539/1981 3410/3564/1981 3399/3574/1981
f 3280/3539/1981 2393/3538/1981 3398/3565/1981 3410/3564/1981
f 3312/3599/1980 3411/3560/1980 3306/3563/1980 2410/3600/1980
f 2401/3601/1980 3287/3535/1980 3411/3560/1980 3312/3599/1980
f 3287/3535/1980 2400/3534/1980 3311/3561/1980 3411/3560/1980
f 3398/3565/1979 3412/3556/1979 3321/3559/1979 1932/3566/1979
f 2393/3538/1979 3279/3531/1979 3412/3556/1979 3398/3565/1979
f 3279/3531/1979 2392/3530/1979 3310/3557/1979 3412/3556/1979
f 3311/3561/1978 3413/3552/1978 3305/3555/1978 2409/3562/1978
f 2400/3534/1978 3286/3527/1978 3413/3552/1978 3311/3561/1978
f 3286/3527/1978 2399/3526/1978 3308/3553/1978 3413/3552/1978
f 3310/3557/1977 3414/3548/1977 3320/3551/1977 2405/3558/1977
f 2392/3530/1991 3278/3523/1991 3414/3548/1991 3310/3557/1991
f 3278/3523/1991 2391/3522/1991 3397/3549/1991 3414/3548/1991
f 3308/3553/1976 3415/3544/1976 3304/3547/1976 2408/3554/1976
f 2399/3526/1976 3285/3519/1976 3415/3544/1976 3308/3553/1976
f 3285/3519/1976 2398/3518/1976 3309/3545/1976 3415/3544/1976
f 3397/3549/1975 3416/3540/1975 3319/3543/1975 1931/3550/1975
f 2391/3522/1975 3277/3515/1975 3416/3540/1975 3397/3549/1975
f 3277/3515/1975 2390/3514/1975 3307/3541/1975 3416/3540/1975
f 3291/3486/1974 3417/3536/1974 3280/3539/1974 2394/3487/1974
f 2379/3459/1974 3251/3451/1974 3417/3536/1974 3291/3486/1974
f 3251/3451/1974 2378/3450/1974 3302/3537/1974 3417/3536/1974
f 3289/3604/1973 3418/3532/1973 3287/3535/1973 2401/3601/1973
f 2386/3605/1973 3258/3447/1973 3418/3532/1973 3289/3604/1973
f 3258/3447/1973 2385/3446/1973 3301/3533/1973 3418/3532/1973
f 3302/3537/1972 3419/3528/1972 3279/3531/1972 2393/3538/1972
f 2378/3450/1972 3250/3443/1972 3419/3528/1972 3302/3537/1972
f 3250/3443/1972 2377/3442/1972 3300/3529/1972 3419/3528/1972
f 3301/3533/1971 3420/3524/1971 3286/3527/1971 2400/3534/1971
f 2385/3446/1971 3257/3439/1971 3420/3524/1971 3301/3533/1971
f 3257/3439/1971 2384/3438/1971 3299/3525/1971 3420/3524/1971
f 3300/3529/1970 3421/3520/1970 3278/3523/1970 2392/3530/1970
f 2377/3442/1970 3249/3435/1970 3421/3520/1970 3300/3529/1970
f 3249/3435/1970 2376/3434/1970 3298/3521/1970 3421/3520/1970
f 3299/3525/1969 3422/3516/1969 3285/3519/1969 2399/3526/1969
f 2384/3438/1969 3256/3431/1969 3422/3516/1969 3299/3525/1969
f 3256/3431/1969 2383/3430/1969 3297/3517/1969 3422/3516/1969
f 3298/3521/1968 3423/3512/1968 3277/3515/1968 2391/3522/1968
f 2376/3434/1968 3248/3427/1968 3423/3512/1968 3298/3521/1968
f 3248/3427/1968 2375/3426/1968 3296/3513/1968 3423/3512/1968
f 3297/3517/1967 3424/3508/1967 3284/3511/1967 2398/3518/1967
f 2383/3430/1967 3255/3423/1967 3424/3508/1967 3297/3517/1967
f 3255/3423/1967 2382/3422/1967 3295/3509/1967 3424/3508/1967
f 3296/3513/1966 3425/3504/1966 3276/3507/1966 2390/3514/1966
f 2375/3426/1966 3247/3479/1966 3425/3504/1966 3296/3513/1966
f 3247/3479/1966 2374/3478/1966 3294/3505/1966 3425/3504/1966
f 3295/3509/1965 3426/3500/1965 3283/3503/1965 2397/3510/1965
f 2382/3422/1965 3254/3475/1965 3426/3500/1965 3295/3509/1965
f 3254/3475/1965 2381/3474/1965 3293/3501/1965 3426/3500/1965
f 3294/3505/1964 3427/3496/1964 3275/3499/1964 2389/3506/1964
f 2374/3478/1964 3246/3471/1964 3427/3496/1964 3294/3505/1964
f 3246/3471/1964 2373/3470/1964 3292/3497/1964 3427/3496/1964
f 3293/3501/1963 3428/3492/1963 3282/3495/1963 2396/3502/1963
f 2381/3474/1963 3253/3467/1963 3428/3492/1963 3293/3501/1963
f 3253/3467/1963 2380/3466/1963 3290/3493/1963 3428/3492/1963
f 3292/3497/1962 3429/3489/1962 3274/3491/1962 2388/3498/1962
f 2373/3470/1962 3245/3463/1962 3429/3489/1962 3292/3497/1962
f 3245/3463/1962 2372/3462/1962 3288/3481/1962 3429/3489/1962
f 3290/3493/1961 3430/3485/1961 3281/3488/1961 2395/3494/1961
f 2380/3466/1961 3252/3460/1961 3430/3485/1961 3290/3493/1961
f 3252/3460/1961 2379/3459/1961 3291/3486/1961 3430/3485/1961
f 3396/3484/1960 3289/3604/1960 2401/3601/1960
f 3396/3484/1960 3394/3483/1960 3289/3604/1960
f 3394/3483/1960 2386/3605/1960 3289/3604/1960
f 3288/3481/1992 3395/3606/1992 2387/3490/1992
f 3288/3481/1959 3393/3480/1959 3395/3606/1959
f 3393/3480/1959 1929/3607/1959 3395/3606/1959
f 3262/3425/1958 3431/3476/1958 3247/3479/1958 2375/3426/1958
f 2360/3398/1958 3218/3391/1958 3431/3476/1958 3262/3425/1958
f 3218/3391/1958 2359/3390/1958 3273/3477/1958 3431/3476/1958
f 3260/3421/1957 3432/3472/1957 3254/3475/1957 2382/3422/1957
f 2367/3394/1957 3225/3387/1957 3432/3472/1957 3260/3421/1957
f 3225/3387/1957 2366/3386/1957 3272/3473/1957 3432/3472/1957
f 3273/3477/1956 3433/3468/1956 3246/3471/1956 2374/3478/1956
f 2359/3390/1956 3217/3383/1956 3433/3468/1956 3273/3477/1956
f 3217/3383/1956 2358/3382/1956 3271/3469/1956 3433/3468/1956
f 3272/3473/1955 3434/3464/1955 3253/3467/1955 2381/3474/1955
f 2366/3386/1955 3224/3379/1955 3434/3464/1955 3272/3473/1955
f 3224/3379/1955 2365/3378/1955 3270/3465/1955 3434/3464/1955
f 3271/3469/1954 3435/3461/1954 3245/3463/1954 2373/3470/1954
f 2358/3382/1954 3216/3375/1954 3435/3461/1954 3271/3469/1954
f 3216/3375/1954 2357/3374/1954 3269/3453/1954 3435/3461/1954
f 3270/3465/1953 3436/3457/1953 3252/3460/1953 2380/3466/1953
f 2365/3378/1953 3223/3372/1953 3436/3457/1953 3270/3465/1953
f 3223/3372/1953 2364/3371/1953 3268/3458/1953 3436/3457/1953
f 3394/3456/1952 3267/3608/1952 2386/3605/1952
f 3394/3456/1952 3392/3455/1952 3267/3608/1952
f 3392/3455/1952 2371/3609/1952 3267/3608/1952
f 3269/3453/1951 3393/3610/1951 2372/3462/1951
f 3269/3453/1951 3391/3452/1951 3393/3610/1951
f 3391/3452/1951 1929/3611/1951 3393/3610/1951
f 3268/3458/1950 3437/3448/1950 3251/3451/1950 2379/3459/1950
f 2364/3371/1950 3222/3363/1950 3437/3448/1950 3268/3458/1950
f 3222/3363/1950 2363/3362/1950 3266/3449/1950 3437/3448/1950
f 3267/3608/1949 3438/3444/1949 3258/3447/1949 2386/3605/1949
f 2371/3609/1949 3229/3419/1949 3438/3444/1949 3267/3608/1949
f 3229/3419/1949 2370/3418/1949 3265/3445/1949 3438/3444/1949
f 3266/3449/1948 3439/3440/1948 3250/3443/1948 2378/3450/1948
f 2363/3362/1948 3221/3415/1948 3439/3440/1948 3266/3449/1948
f 3221/3415/1948 2362/3414/1948 3264/3441/1948 3439/3440/1948
f 3265/3445/1947 3440/3436/1947 3257/3439/1947 2385/3446/1947
f 2370/3418/1947 3228/3411/1947 3440/3436/1947 3265/3445/1947
f 3228/3411/1947 2369/3410/1947 3263/3437/1947 3440/3436/1947
f 3264/3441/1946 3441/3432/1946 3249/3435/1946 2377/3442/1946
f 2362/3414/1946 3220/3407/1946 3441/3432/1946 3264/3441/1946
f 3220/3407/1946 2361/3406/1946 3261/3433/1946 3441/3432/1946
f 3263/3437/1945 3442/3428/1945 3256/3431/1945 2384/3438/1945
f 2369/3410/1945 3227/3403/1945 3442/3428/1945 3263/3437/1945
f 3227/3403/1945 2368/3402/1945 3259/3429/1945 3442/3428/1945
f 3261/3433/1944 3443/3424/1944 3248/3427/1944 2376/3434/1944
f 2361/3406/1944 3219/3399/1944 3443/3424/1944 3261/3433/1944
f 3219/3399/1944 2360/3398/1944 3262/3425/1944 3443/3424/1944
f 3259/3429/1943 3444/3420/1943 3255/3423/1943 2383/3430/1943
f 2368/3402/1943 3226/3395/1943 3444/3420/1943 3259/3429/1943
f 3226/3395/1943 2367/3394/1943 3260/3421/1943 3444/3420/1943
f 3233/3612/1942 3445/3416/1942 3229/3419/1942 2371/3609/1942
f 2356/3613/1942 3200/3331/1942 3445/3416/1942 3233/3612/1942
f 3200/3331/1942 2355/3330/1942 3244/3417/1942 3445/3416/1942
f 3231/3361/1941 3446/3412/1941 3221/3415/1941 2363/3362/1941
f 2348/3334/1941 3192/3327/1941 3446/3412/1941 3231/3361/1941
f 3192/3327/1941 2347/3326/1941 3243/3413/1941 3446/3412/1941
f 3244/3417/1940 3447/3408/1940 3228/3411/1940 2370/3418/1940
f 2355/3330/1940 3199/3323/1940 3447/3408/1940 3244/3417/1940
f 3199/3323/1940 2354/3322/1940 3242/3409/1940 3447/3408/1940
f 3243/3413/1939 3448/3404/1939 3220/3407/1939 2362/3414/1939
f 2347/3326/1939 3191/3319/1939 3448/3404/1939 3243/3413/1939
f 3191/3319/1939 2346/3318/1939 3241/3405/1939 3448/3404/1939
f 3242/3409/1938 3449/3400/1938 3227/3403/1938 2369/3410/1938
f 2354/3322/1938 3198/3315/1938 3449/3400/1938 3242/3409/1938
f 3198/3315/1938 2353/3314/1938 3240/3401/1938 3449/3400/1938
f 3241/3405/1937 3450/3396/1937 3219/3399/1937 2361/3406/1937
f 2346/3318/1937 3190/3311/1937 3450/3396/1937 3241/3405/1937
f 3190/3311/1937 2345/3310/1937 3239/3397/1937 3450/3396/1937
f 3240/3401/1936 3451/3392/1936 3226/3395/1936 2368/3402/1936
f 2353/3314/1936 3197/3307/1936 3451/3392/1936 3240/3401/1936
f 3197/3307/1936 2352/3306/1936 3238/3393/1936 3451/3392/1936
f 3239/3397/1935 3452/3388/1935 3218/3391/1935 2360/3398/1935
f 2345/3310/1935 3189/3303/1935 3452/3388/1935 3239/3397/1935
f 3189/3303/1935 2344/3302/1935 3237/3389/1935 3452/3388/1935
f 3238/3393/1934 3453/3384/1934 3225/3387/1934 2367/3394/1934
f 2352/3306/1934 3196/3359/1934 3453/3384/1934 3238/3393/1934
f 3196/3359/1934 2351/3358/1934 3236/3385/1934 3453/3384/1934
f 3237/3389/1933 3454/3380/1933 3217/3383/1933 2359/3390/1933
f 2344/3302/1933 3188/3355/1933 3454/3380/1933 3237/3389/1933
f 3188/3355/1933 2343/3354/1933 3235/3381/1933 3454/3380/1933
f 3236/3385/1932 3455/3376/1932 3224/3379/1932 2366/3386/1932
f 2351/3358/1932 3195/3351/1932 3455/3376/1932 3236/3385/1932
f 3195/3351/1932 2350/3350/1932 3234/3377/1932 3455/3376/1932
f 3235/3381/1931 3456/3373/1931 3216/3375/1931 2358/3382/1931
f 2343/3354/1931 3187/3347/1931 3456/3373/1931 3235/3381/1931
f 3187/3347/1931 2342/3346/1931 3232/3365/1931 3456/3373/1931
f 3234/3377/1930 3457/3369/1930 3223/3372/1930 2365/3378/1930
f 2350/3350/1930 3194/3344/1930 3457/3369/1930 3234/3377/1930
f 3194/3344/1930 2349/3343/1930 3230/3370/1930 3457/3369/1930
f 3392/3368/1929 3233/3612/1929 2371/3609/1929
f 3392/3368/1929 3390/3367/1929 3233/3612/1929
f 3390/3367/1929 2356/3613/1929 3233/3612/1929
f 3232/3365/1928 3391/3614/1928 2357/3374/1928
f 3232/3365/1928 3389/3364/1928 3391/3614/1928
f 3389/3364/1928 1929/3615/1928 3391/3614/1928
f 3230/3370/1927 3458/3360/1927 3222/3363/1927 2364/3371/1927
f 2349/3343/1927 3193/3335/1927 3458/3360/1927 3230/3370/1927
f 3193/3335/1927 2348/3334/1927 3231/3361/1927 3458/3360/1927
f 3204/3305/1926 3459/3356/1926 3196/3359/1926 2352/3306/1926
f 2337/3278/1926 3167/3271/1926 3459/3356/1926 3204/3305/1926
f 3167/3271/1926 2336/3270/1926 3215/3357/1926 3459/3356/1926
f 3202/3301/1925 3460/3352/1925 3188/3355/1925 2344/3302/1925
f 2329/3274/1925 3159/3267/1925 3460/3352/1925 3202/3301/1925
f 3159/3267/1925 2328/3266/1925 3214/3353/1925 3460/3352/1925
f 3215/3357/1924 3461/3348/1924 3195/3351/1924 2351/3358/1924
f 2336/3270/1924 3166/3263/1924 3461/3348/1924 3215/3357/1924
f 3166/3263/1924 2335/3262/1924 3213/3349/1924 3461/3348/1924
f 3214/3353/1923 3462/3345/1923 3187/3347/1923 2343/3354/1923
f 2328/3266/1923 3158/3259/1923 3462/3345/1923 3214/3353/1923
f 3158/3259/1923 2327/3258/1923 3212/3337/1923 3462/3345/1923
f 3213/3349/1922 3463/3341/1922 3194/3344/1922 2350/3350/1922
f 2335/3262/1922 3165/3256/1922 3463/3341/1922 3213/3349/1922
f 3165/3256/1922 2334/3255/1922 3211/3342/1922 3463/3341/1922
f 3390/3340/1921 3210/3616/1921 2356/3613/1921
f 3390/3340/1921 3388/3339/1921 3210/3616/1921
f 3388/3339/1921 2341/3617/1921 3210/3616/1921
f 3212/3337/1920 3389/3618/1920 2342/3346/1920
f 3212/3337/1920 3387/3336/1920 3389/3618/1920
f 3387/3336/1920 1929/3619/1920 3389/3618/1920
f 3211/3342/1919 3464/3332/1919 3193/3335/1919 2349/3343/1919
f 2334/3255/1919 3164/3247/1919 3464/3332/1919 3211/3342/1919
f 3164/3247/1919 2333/3246/1919 3209/3333/1919 3464/3332/1919
f 3210/3616/1918 3465/3328/1918 3200/3331/1918 2356/3613/1918
f 2341/3617/1918 3171/3243/1918 3465/3328/1918 3210/3616/1918
f 3171/3243/1918 2340/3242/1918 3208/3329/1918 3465/3328/1918
f 3209/3333/1917 3466/3324/1917 3192/3327/1917 2348/3334/1917
f 2333/3246/1917 3163/3299/1917 3466/3324/1917 3209/3333/1917
f 3163/3299/1917 2332/3298/1917 3207/3325/1917 3466/3324/1917
f 3208/3329/1916 3467/3320/1916 3199/3323/1916 2355/3330/1916
f 2340/3242/1916 3170/3295/1916 3467/3320/1916 3208/3329/1916
f 3170/3295/1916 2339/3294/1916 3206/3321/1916 3467/3320/1916
f 3207/3325/1915 3468/3316/1915 3191/3319/1915 2347/3326/1915
f 2332/3298/1915 3162/3291/1915 3468/3316/1915 3207/3325/1915
f 3162/3291/1915 2331/3290/1915 3205/3317/1915 3468/3316/1915
f 3206/3321/1914 3469/3312/1914 3198/3315/1914 2354/3322/1914
f 2339/3294/1914 3169/3287/1914 3469/3312/1914 3206/3321/1914
f 3169/3287/1914 2338/3286/1914 3203/3313/1914 3469/3312/1914
f 3205/3317/1913 3470/3308/1913 3190/3311/1913 2346/3318/1913
f 2331/3290/1913 3161/3283/1913 3470/3308/1913 3205/3317/1913
f 3161/3283/1913 2330/3282/1913 3201/3309/1913 3470/3308/1913
f 3203/3313/1912 3471/3304/1912 3197/3307/1912 2353/3314/1912
f 2338/3286/1912 3168/3279/1912 3471/3304/1912 3203/3313/1912
f 3168/3279/1912 2337/3278/1912 3204/3305/1912 3471/3304/1912
f 3201/3309/1911 3472/3300/1911 3189/3303/1911 2345/3310/1911
f 2330/3282/1911 3160/3275/1911 3472/3300/1911 3201/3309/1911
f 3160/3275/1911 2329/3274/1911 3202/3301/1911 3472/3300/1911
f 3175/3245/1910 3473/3296/1910 3163/3299/1910 2333/3246/1910
f 2318/3218/1910 3134/3211/1910 3473/3296/1910 3175/3245/1910
f 3134/3211/1910 2317/3210/1910 3186/3297/1910 3473/3296/1910
f 3173/3241/1909 3474/3292/1909 3170/3295/1909 2340/3242/1909
f 2325/3214/1909 3141/3207/1909 3474/3292/1909 3173/3241/1909
f 3141/3207/1909 2324/3206/1909 3185/3293/1909 3474/3292/1909
f 3186/3297/1908 3475/3288/1908 3162/3291/1908 2332/3298/1908
f 2317/3210/1908 3133/3203/1908 3475/3288/1908 3186/3297/1908
f 3133/3203/1908 2316/3202/1908 3184/3289/1908 3475/3288/1908
f 3185/3293/1907 3476/3284/1907 3169/3287/1907 2339/3294/1907
f 2324/3206/1907 3140/3199/1907 3476/3284/1907 3185/3293/1907
f 3140/3199/1907 2323/3198/1907 3183/3285/1907 3476/3284/1907
f 3184/3289/1906 3477/3280/1906 3161/3283/1906 2331/3290/1906
f 2316/3202/1906 3132/3195/1906 3477/3280/1906 3184/3289/1906
f 3132/3195/1906 2315/3194/1906 3182/3281/1906 3477/3280/1906
f 3183/3285/1905 3478/3276/1905 3168/3279/1905 2338/3286/1905
f 2323/3198/1905 3139/3191/1905 3478/3276/1905 3183/3285/1905
f 3139/3191/1905 2322/3190/1905 3181/3277/1905 3478/3276/1905
f 3182/3281/1904 3479/3272/1904 3160/3275/1904 2330/3282/1904
f 2315/3194/1904 3131/3187/1904 3479/3272/1904 3182/3281/1904
f 3131/3187/1904 2314/3186/1904 3180/3273/1904 3479/3272/1904
f 3181/3277/1903 3480/3268/1903 3167/3271/1903 2337/3278/1903
f 2322/3190/1903 3138/3183/1903 3480/3268/1903 3181/3277/1903
f 3138/3183/1903 2321/3182/1903 3179/3269/1903 3480/3268/1903
f 3180/3273/1902 3481/3264/1902 3159/3267/1902 2329/3274/1902
f 2314/3186/1902 3130/3239/1902 3481/3264/1902 3180/3273/1902
f 3130/3239/1902 2313/3238/1902 3178/3265/1902 3481/3264/1902
f 3179/3269/1901 3482/3260/1901 3166/3263/1901 2336/3270/1901
f 2321/3182/1901 3137/3235/1901 3482/3260/1901 3179/3269/1901
f 3137/3235/1901 2320/3234/1901 3177/3261/1901 3482/3260/1901
f 3178/3265/1900 3483/3257/1900 3158/3259/1900 2328/3266/1900
f 2313/3238/1900 3129/3231/1900 3483/3257/1900 3178/3265/1900
f 3129/3231/1900 2312/3230/1900 3176/3249/1900 3483/3257/1900
f 3177/3261/1899 3484/3253/1899 3165/3256/1899 2335/3262/1899
f 2320/3234/1899 3136/3228/1899 3484/3253/1899 3177/3261/1899
f 3136/3228/1899 2319/3227/1899 3174/3254/1899 3484/3253/1899
f 3388/3252/1898 3172/3620/1898 2341/3617/1898
f 3388/3252/1898 3386/3251/1898 3172/3620/1898
f 3386/3251/1898 2326/3621/1898 3172/3620/1898
f 3176/3249/1897 3387/3622/1897 2327/3258/1897
f 3176/3249/1897 3385/3248/1897 3387/3622/1897
f 3385/3248/1897 1929/3623/1897 3387/3622/1897
f 3174/3254/1993 3485/3244/1993 3164/3247/1993 2334/3255/1993
f 2319/3227/1993 3135/3219/1993 3485/3244/1993 3174/3254/1993
f 3135/3219/1993 2318/3218/1993 3175/3245/1993 3485/3244/1993
f 3172/3620/1895 3486/3240/1895 3171/3243/1895 2341/3617/1895
f 2326/3621/1895 3142/3215/1895 3486/3240/1895 3172/3620/1895
f 3142/3215/1895 2325/3214/1895 3173/3241/1895 3486/3240/1895
f 3146/3185/1894 3487/3236/1894 3130/3239/1894 2314/3186/1894
f 2299/3162/1894 3101/3155/1894 3487/3236/1894 3146/3185/1894
f 3101/3155/1894 2298/3154/1894 3157/3237/1894 3487/3236/1894
f 3144/3181/1893 3488/3232/1893 3137/3235/1893 2321/3182/1893
f 2306/3158/1893 3108/3151/1893 3488/3232/1893 3144/3181/1893
f 3108/3151/1893 2305/3150/1893 3156/3233/1893 3488/3232/1893
f 3157/3237/1892 3489/3229/1892 3129/3231/1892 2313/3238/1892
f 2298/3154/1892 3100/3147/1892 3489/3229/1892 3157/3237/1892
f 3100/3147/1892 2297/3146/1892 3155/3221/1892 3489/3229/1892
f 3156/3233/1891 3490/3225/1891 3136/3228/1891 2320/3234/1891
f 2305/3150/1891 3107/3144/1891 3490/3225/1891 3156/3233/1891
f 3107/3144/1891 2304/3143/1891 3154/3226/1891 3490/3225/1891
f 3386/3224/1890 3153/3624/1890 2326/3621/1890
f 3386/3224/1890 3384/3223/1890 3153/3624/1890
f 3384/3223/1890 2311/3625/1890 3153/3624/1890
f 3155/3221/1889 3385/3626/1889 2312/3230/1889
f 3155/3221/1889 3383/3220/1889 3385/3626/1889
f 3383/3220/1889 1929/3627/1889 3385/3626/1889
f 3154/3226/1888 3491/3216/1888 3135/3219/1888 2319/3227/1888
f 2304/3143/1888 3106/3134/1888 3491/3216/1888 3154/3226/1888
f 3106/3134/1888 2303/3133/1888 3152/3217/1888 3491/3216/1888
f 3153/3624/1887 3492/3212/1887 3142/3215/1887 2326/3621/1887
f 2311/3625/1887 3113/3130/1887 3492/3212/1887 3153/3624/1887
f 3113/3130/1887 2310/3129/1887 3151/3213/1887 3492/3212/1887
f 3152/3217/1886 3493/3208/1886 3134/3211/1886 2318/3218/1886
f 2303/3133/1886 3105/3126/1886 3493/3208/1886 3152/3217/1886
f 3105/3126/1886 2302/3125/1886 3150/3209/1886 3493/3208/1886
f 3151/3213/1885 3494/3204/1885 3141/3207/1885 2325/3214/1885
f 2310/3129/1885 3112/3122/1885 3494/3204/1885 3151/3213/1885
f 3112/3122/1885 2309/3121/1885 3149/3205/1885 3494/3204/1885
f 3150/3209/1884 3495/3200/1884 3133/3203/1884 2317/3210/1884
f 2302/3125/1884 3104/3179/1884 3495/3200/1884 3150/3209/1884
f 3104/3179/1884 2301/3178/1884 3148/3201/1884 3495/3200/1884
f 3149/3205/1883 3496/3196/1883 3140/3199/1883 2324/3206/1883
f 2309/3121/1883 3111/3175/1883 3496/3196/1883 3149/3205/1883
f 3111/3175/1883 2308/3174/1883 3147/3197/1883 3496/3196/1883
f 3148/3201/1882 3497/3192/1882 3132/3195/1882 2316/3202/1882
f 2301/3178/1882 3103/3171/1882 3497/3192/1882 3148/3201/1882
f 3103/3171/1882 2300/3170/1882 3145/3193/1882 3497/3192/1882
f 3147/3197/1881 3498/3188/1881 3139/3191/1881 2323/3198/1881
f 2308/3174/1881 3110/3167/1881 3498/3188/1881 3147/3197/1881
f 3110/3167/1881 2307/3166/1881 3143/3189/1881 3498/3188/1881
f 3145/3193/1880 3499/3184/1880 3131/3187/1880 2315/3194/1880
f 2300/3170/1880 3102/3163/1880 3499/3184/1880 3145/3193/1880
f 3102/3163/1880 2299/3162/1880 3146/3185/1880 3499/3184/1880
f 3143/3189/1879 3500/3180/1879 3138/3183/1879 2322/3190/1879
f 2307/3166/1879 3109/3159/1879 3500/3180/1879 3143/3189/1879
f 3109/3159/1879 2306/3158/1879 3144/3181/1879 3500/3180/1879
f 3117/3124/1878 3501/3176/1878 3104/3179/1878 2302/3125/1878
f 2287/3628/1878 3075/3629/1878 3501/3176/1878 3117/3124/1878
f 3075/3629/1878 2286/3630/1878 3128/3177/1878 3501/3176/1878
f 3115/3120/1877 3502/3172/1877 3111/3175/1877 2309/3121/1877
f 2294/3631/1877 3082/3632/1877 3502/3172/1877 3115/3120/1877
f 3082/3632/1877 2293/3633/1877 3127/3173/1877 3502/3172/1877
f 3128/3177/1876 3503/3168/1876 3103/3171/1876 2301/3178/1876
f 2286/3630/1876 3074/3634/1876 3503/3168/1876 3128/3177/1876
f 3074/3634/1876 2285/3635/1876 3126/3169/1876 3503/3168/1876
f 3127/3173/1875 3504/3164/1875 3110/3167/1875 2308/3174/1875
f 2293/3633/1875 3081/3636/1875 3504/3164/1875 3127/3173/1875
f 3081/3636/1875 2292/3637/1875 3125/3165/1875 3504/3164/1875
f 3126/3169/1874 3505/3160/1874 3102/3163/1874 2300/3170/1874
f 2285/3635/1874 3073/3638/1874 3505/3160/1874 3126/3169/1874
f 3073/3638/1874 2284/3639/1874 3124/3161/1874 3505/3160/1874
f 3125/3165/1873 3506/3156/1873 3109/3159/1873 2307/3166/1873
f 2292/3637/1873 3080/3640/1873 3506/3156/1873 3125/3165/1873
f 3080/3640/1873 2291/3641/1873 3123/3157/1873 3506/3156/1873
f 3124/3161/1872 3507/3152/1872 3101/3155/1872 2299/3162/1872
f 2284/3639/1872 3072/3642/1872 3507/3152/1872 3124/3161/1872
f 3072/3642/1872 2283/3643/1872 3122/3153/1872 3507/3152/1872
f 3123/3157/1871 3508/3148/1871 3108/3151/1871 2306/3158/1871
f 2291/3641/1871 3079/3644/1871 3508/3148/1871 3123/3157/1871
f 3079/3644/1871 2290/3645/1871 3121/3149/1871 3508/3148/1871
f 3122/3153/1870 3509/3145/1870 3100/3147/1870 2298/3154/1870
f 2283/3643/1870 3071/3646/1870 3509/3145/1870 3122/3153/1870
f 3071/3646/1870 2282/3135/1870 3120/3137/1870 3509/3145/1870
f 3121/3149/1869 3510/3141/1869 3107/3144/1869 2305/3150/1869
f 2290/3645/1869 3078/3647/1869 3510/3141/1869 3121/3149/1869
f 3078/3647/1869 2289/3648/1869 3119/3142/1869 3510/3141/1869
f 3384/3140/1868 3118/3649/1868 2311/3625/1868
f 3384/3140/1868 3382/3139/1868 3118/3649/1868
f 3382/3139/1868 2296/3650/1868 3118/3649/1868
f 3120/3137/1867 3383/3651/1867 2297/3146/1867
f 3120/3137/1867 3381/3136/1867 3383/3651/1867
f 3381/3136/1867 1929/3652/1867 3383/3651/1867
f 3119/3142/1866 3511/3131/1866 3106/3134/1866 2304/3143/1866
f 2289/3648/1866 3077/3653/1866 3511/3131/1866 3119/3142/1866
f 3077/3653/1866 2288/3654/1866 3116/3132/1866 3511/3131/1866
f 3118/3649/1865 3512/3127/1865 3113/3130/1865 2311/3625/1865
f 2296/3650/1865 3084/3655/1865 3512/3127/1865 3118/3649/1865
f 3084/3655/1865 2295/3656/1865 3114/3128/1865 3512/3127/1865
f 3116/3132/1864 3513/3123/1864 3105/3126/1864 2303/3133/1864
f 2288/3654/1864 3076/3657/1864 3513/3123/1864 3116/3132/1864
f 3076/3657/1864 2287/3628/1864 3117/3124/1864 3513/3123/1864
f 3114/3128/1863 3514/3119/1863 3112/3122/1863 2310/3129/1863
f 2295/3656/1863 3083/3658/1863 3514/3119/1863 3114/3128/1863
f 3083/3658/1863 2294/3631/1863 3115/3120/1863 3514/3119/1863
f 3088/3064/1862 3515/3116/1862 3071/3118/1862 2283/3065/1862
f 2268/3037/1862 3042/3030/1862 3515/3116/1862 3088/3064/1862
f 3042/3030/1862 2267/3029/1862 3099/3108/1862 3515/3116/1862
f 3086/3060/1861 3516/3112/1861 3078/3115/1861 2290/3061/1861
f 2275/3033/1861 3049/3027/1861 3516/3112/1861 3086/3060/1861
f 3049/3027/1861 2274/3026/1861 3098/3113/1861 3516/3112/1861
f 3382/3111/1860 3097/3659/1860 2296/3660/1860
f 3382/3111/1860 3380/3110/1860 3097/3659/1860
f 3380/3110/1860 2281/3661/1860 3097/3659/1860
f 3099/3108/1859 3381/3662/1859 2282/3117/1859
f 3099/3108/1859 3379/3107/1859 3381/3662/1859
f 3379/3107/1859 1929/3663/1859 3381/3662/1859
f 3098/3113/1858 3517/3103/1858 3077/3106/1858 2289/3114/1858
f 2274/3026/1858 3048/3018/1858 3517/3103/1858 3098/3113/1858
f 3048/3018/1858 2273/3017/1858 3096/3104/1858 3517/3103/1858
f 3097/3659/1857 3518/3099/1857 3084/3102/1857 2296/3660/1857
f 2281/3661/1857 3055/3014/1857 3518/3099/1857 3097/3659/1857
f 3055/3014/1857 2280/3013/1857 3095/3100/1857 3518/3099/1857
f 3096/3104/1856 3519/3095/1856 3076/3098/1856 2288/3105/1856
f 2273/3017/1856 3047/3010/1856 3519/3095/1856 3096/3104/1856
f 3047/3010/1856 2272/3009/1856 3094/3096/1856 3519/3095/1856
f 3095/3100/1855 3520/3091/1855 3083/3094/1855 2295/3101/1855
f 2280/3013/1855 3054/3006/1855 3520/3091/1855 3095/3100/1855
f 3054/3006/1855 2279/3005/1855 3093/3092/1855 3520/3091/1855
f 3094/3096/1854 3521/3087/1854 3075/3090/1854 2287/3097/1854
f 2272/3009/1854 3046/3002/1854 3521/3087/1854 3094/3096/1854
f 3046/3002/1854 2271/3001/1854 3092/3088/1854 3521/3087/1854
f 3093/3092/1853 3522/3083/1853 3082/3086/1853 2294/3093/1853
f 2279/3005/1853 3053/3058/1853 3522/3083/1853 3093/3092/1853
f 3053/3058/1853 2278/3057/1853 3091/3084/1853 3522/3083/1853
f 3092/3088/1852 3523/3079/1852 3074/3082/1852 2286/3089/1852
f 2271/3001/1852 3045/3054/1852 3523/3079/1852 3092/3088/1852
f 3045/3054/1852 2270/3053/1852 3090/3080/1852 3523/3079/1852
f 3091/3084/1851 3524/3075/1851 3081/3078/1851 2293/3085/1851
f 2278/3057/1851 3052/3050/1851 3524/3075/1851 3091/3084/1851
f 3052/3050/1851 2277/3049/1851 3089/3076/1851 3524/3075/1851
f 3090/3080/1850 3525/3071/1850 3073/3074/1850 2285/3081/1850
f 2270/3053/1850 3044/3046/1850 3525/3071/1850 3090/3080/1850
f 3044/3046/1850 2269/3045/1850 3087/3072/1850 3525/3071/1850
f 3089/3076/1849 3526/3067/1849 3080/3070/1849 2292/3077/1849
f 2277/3049/1849 3051/3042/1849 3526/3067/1849 3089/3076/1849
f 3051/3042/1849 2276/3041/1849 3085/3068/1849 3526/3067/1849
f 3087/3072/1848 3527/3063/1848 3072/3066/1848 2284/3073/1848
f 2269/3045/1848 3043/3038/1848 3527/3063/1848 3087/3072/1848
f 3043/3038/1848 2268/3037/1848 3088/3064/1848 3527/3063/1848
f 3085/3068/1847 3528/3059/1847 3079/3062/1847 2291/3069/1847
f 2276/3041/1847 3050/3034/1847 3528/3059/1847 3085/3068/1847
f 3050/3034/1847 2275/3033/1847 3086/3060/1847 3528/3059/1847
f 3059/3004/1846 3529/3055/1846 3053/3058/1846 2279/3005/1846
f 2264/2977/1846 3024/2970/1846 3529/3055/1846 3059/3004/1846
f 3024/2970/1846 2263/2969/1846 3070/3056/1846 3529/3055/1846
f 3057/3000/1845 3530/3051/1845 3045/3054/1845 2271/3001/1845
f 2256/2973/1845 3016/2966/1845 3530/3051/1845 3057/3000/1845
f 3016/2966/1845 2255/2965/1845 3069/3052/1845 3530/3051/1845
f 3070/3056/1844 3531/3047/1844 3052/3050/1844 2278/3057/1844
f 2263/2969/1844 3023/2962/1844 3531/3047/1844 3070/3056/1844
f 3023/2962/1844 2262/2961/1844 3068/3048/1844 3531/3047/1844
f 3069/3052/1843 3532/3043/1843 3044/3046/1843 2270/3053/1843
f 2255/2965/1843 3015/2958/1843 3532/3043/1843 3069/3052/1843
f 3015/2958/1843 2254/2957/1843 3067/3044/1843 3532/3043/1843
f 3068/3048/1842 3533/3039/1842 3051/3042/1842 2277/3049/1842
f 2262/2961/1842 3022/2954/1842 3533/3039/1842 3068/3048/1842
f 3022/2954/1842 2261/2953/1842 3066/3040/1842 3533/3039/1842
f 3067/3044/1841 3534/3035/1841 3043/3038/1841 2269/3045/1841
f 2254/2957/1841 3014/2950/1841 3534/3035/1841 3067/3044/1841
f 3014/2950/1841 2253/2949/1841 3065/3036/1841 3534/3035/1841
f 3066/3040/1840 3535/3031/1840 3050/3034/1840 2276/3041/1840
f 2261/2953/1840 3021/2946/1840 3535/3031/1840 3066/3040/1840
f 3021/2946/1840 2260/2945/1840 3064/3032/1840 3535/3031/1840
f 3065/3036/1839 3536/3028/1839 3042/3030/1839 2268/3037/1839
f 2253/2949/1839 3013/2942/1839 3536/3028/1839 3065/3036/1839
f 3013/2942/1839 2252/2941/1839 3063/3020/1839 3536/3028/1839
f 3064/3032/1838 3537/3024/1838 3049/3027/1838 2275/3033/1838
f 2260/2945/1838 3020/2998/1838 3537/3024/1838 3064/3032/1838
f 3020/2998/1838 2259/2997/1838 3062/3025/1838 3537/3024/1838
f 3380/3023/1837 3061/3664/1837 2281/3661/1837
f 3380/3023/1837 3378/3022/1837 3061/3664/1837
f 3378/3022/1837 2266/3665/1837 3061/3664/1837
f 3063/3020/1836 3379/3666/1836 2267/3029/1836
f 3063/3020/1836 3377/3019/1836 3379/3666/1836
f 3377/3019/1836 1929/3667/1836 3379/3666/1836
f 3062/3025/1835 3538/3015/1835 3048/3018/1835 2274/3026/1835
f 2259/2997/1835 3019/2990/1835 3538/3015/1835 3062/3025/1835
f 3019/2990/1835 2258/2989/1835 3060/3016/1835 3538/3015/1835
f 3061/3664/1834 3539/3011/1834 3055/3014/1834 2281/3661/1834
f 2266/3665/1834 3026/2986/1834 3539/3011/1834 3061/3664/1834
f 3026/2986/1834 2265/2985/1834 3058/3012/1834 3539/3011/1834
f 3060/3016/1833 3540/3007/1833 3047/3010/1833 2273/3017/1833
f 2258/2989/1833 3018/2982/1833 3540/3007/1833 3060/3016/1833
f 3018/2982/1833 2257/2981/1833 3056/3008/1833 3540/3007/1833
f 3058/3012/1832 3541/3003/1832 3054/3006/1832 2280/3013/1832
f 2265/2985/1832 3025/2978/1832 3541/3003/1832 3058/3012/1832
f 3025/2978/1832 2264/2977/1832 3059/3004/1832 3541/3003/1832
f 3056/3008/1831 3542/2999/1831 3046/3002/1831 2272/3009/1831
f 2257/2981/1831 3017/2974/1831 3542/2999/1831 3056/3008/1831
f 3017/2974/1831 2256/2973/1831 3057/3000/1831 3542/2999/1831
f 3030/2944/1830 3543/2995/1830 3020/2998/1830 2260/2945/1830
f 2245/2917/1830 2991/2911/1830 3543/2995/1830 3030/2944/1830
f 2991/2911/1830 2244/2910/1830 3041/2996/1830 3543/2995/1830
f 3378/2994/1994 3040/3668/1994 2266/3665/1994
f 3378/2994/1994 3376/2993/1994 3040/3668/1994
f 3376/2993/1994 2251/3669/1994 3040/3668/1994
f 3028/2940/1828 3377/3670/1828 2252/2941/1828
f 3028/2940/1828 3375/2991/1828 3377/3670/1828
f 3375/2991/1828 1929/3671/1828 3377/3670/1828
f 3041/2996/1827 3544/2987/1827 3019/2990/1827 2259/2997/1827
f 2244/2910/1995 2990/2902/1995 3544/2987/1995 3041/2996/1995
f 2990/2902/1827 2243/2901/1827 3039/2988/1827 3544/2987/1827
f 3040/3668/1826 3545/2983/1826 3026/2986/1826 2266/3665/1826
f 2251/3669/1826 2997/2898/1826 3545/2983/1826 3040/3668/1826
f 2997/2898/1826 2250/2897/1826 3038/2984/1826 3545/2983/1826
f 3039/2988/1825 3546/2979/1825 3018/2982/1825 2258/2989/1825
f 2243/2901/1825 2989/2894/1825 3546/2979/1825 3039/2988/1825
f 2989/2894/1825 2242/2893/1825 3037/2980/1825 3546/2979/1825
f 3038/2984/1824 3547/2975/1824 3025/2978/1824 2265/2985/1824
f 2250/2897/1824 2996/2890/1824 3547/2975/1824 3038/2984/1824
f 2996/2890/1824 2249/2889/1824 3036/2976/1824 3547/2975/1824
f 3037/2980/1823 3548/2971/1823 3017/2974/1823 2257/2981/1823
f 2242/2893/1823 2988/2886/1823 3548/2971/1823 3037/2980/1823
f 2988/2886/1823 2241/2885/1823 3035/2972/1823 3548/2971/1823
f 3036/2976/1822 3549/2967/1822 3024/2970/1822 2264/2977/1822
f 2249/2889/1822 2995/2882/1822 3549/2967/1822 3036/2976/1822
f 2995/2882/1822 2248/2881/1822 3034/2968/1822 3549/2967/1822
f 3035/2972/1821 3550/2963/1821 3016/2966/1821 2256/2973/1821
f 2241/2885/1821 2987/2938/1821 3550/2963/1821 3035/2972/1821
f 2987/2938/1821 2240/2937/1821 3033/2964/1821 3550/2963/1821
f 3034/2968/1820 3551/2959/1820 3023/2962/1820 2263/2969/1820
f 2248/2881/1820 2994/2934/1820 3551/2959/1820 3034/2968/1820
f 2994/2934/1820 2247/2933/1820 3032/2960/1820 3551/2959/1820
f 3033/2964/1819 3552/2955/1819 3015/2958/1819 2255/2965/1819
f 2240/2937/1819 2986/2930/1819 3552/2955/1819 3033/2964/1819
f 2986/2930/1819 2239/2929/1819 3031/2956/1819 3552/2955/1819
f 3032/2960/1818 3553/2951/1818 3022/2954/1818 2262/2961/1818
f 2247/2933/1818 2993/2926/1818 3553/2951/1818 3032/2960/1818
f 2993/2926/1818 2246/2925/1818 3029/2952/1818 3553/2951/1818
f 3031/2956/1817 3554/2947/1817 3014/2950/1817 2254/2957/1817
f 2239/2929/1817 2985/2922/1817 3554/2947/1817 3031/2956/1817
f 2985/2922/1817 2238/2921/1817 3027/2948/1817 3554/2947/1817
f 3029/2952/1816 3555/2943/1816 3021/2946/1816 2261/2953/1816
f 2246/2925/1816 2992/2918/1816 3555/2943/1816 3029/2952/1816
f 2992/2918/1816 2245/2917/1816 3030/2944/1816 3555/2943/1816
f 3027/2948/1815 3556/2939/1815 3013/2942/1815 2253/2949/1815
f 2238/2921/1815 2984/2914/1815 3556/2939/1815 3027/2948/1815
f 2984/2914/1815 2237/2913/1815 3028/2940/1815 3556/2939/1815
f 3001/2884/1814 3557/2935/1814 2987/2938/1814 2241/2885/1814
f 2226/2857/1814 2958/2850/1814 3557/2935/1814 3001/2884/1814
f 2958/2850/1814 2225/2849/1814 3012/2936/1814 3557/2935/1814
f 2999/2880/1813 3558/2931/1813 2994/2934/1813 2248/2881/1813
f 2233/2853/1813 2965/2846/1813 3558/2931/1813 2999/2880/1813
f 2965/2846/1813 2232/2845/1813 3011/2932/1813 3558/2931/1813
f 3012/2936/1812 3559/2927/1812 2986/2930/1812 2240/2937/1812
f 2225/2849/1812 2957/2842/1812 3559/2927/1812 3012/2936/1812
f 2957/2842/1812 2224/2841/1812 3010/2928/1812 3559/2927/1812
f 3011/2932/1811 3560/2923/1811 2993/2926/1811 2247/2933/1811
f 2232/2845/1811 2964/2838/1811 3560/2923/1811 3011/2932/1811
f 2964/2838/1811 2231/2837/1811 3009/2924/1811 3560/2923/1811
f 3010/2928/1810 3561/2919/1810 2985/2922/1810 2239/2929/1810
f 2224/2841/1810 2956/2834/1810 3561/2919/1810 3010/2928/1810
f 2956/2834/1810 2223/2833/1810 3008/2920/1810 3561/2919/1810
f 3009/2924/1809 3562/2915/1809 2992/2918/1809 2246/2925/1809
f 2231/2837/1809 2963/2830/1809 3562/2915/1809 3009/2924/1809
f 2963/2830/1809 2230/2829/1809 3007/2916/1809 3562/2915/1809
f 3008/2920/1808 3563/2912/1808 2984/2914/1808 2238/2921/1808
f 2223/2833/1808 2955/2826/1808 3563/2912/1808 3008/2920/1808
f 2955/2826/1808 2222/2825/1808 3006/2904/1808 3563/2912/1808
f 3007/2916/1807 3564/2908/1807 2991/2911/1807 2245/2917/1807
f 2230/2829/1807 2962/2822/1807 3564/2908/1807 3007/2916/1807
f 2962/2822/1807 2229/2821/1807 3005/2909/1807 3564/2908/1807
f 3376/2907/1806 3004/3672/1806 2251/3669/1806
f 3376/2907/1806 3374/2906/1806 3004/3672/1806
f 3374/2906/1806 2236/3673/1806 3004/3672/1806
f 3006/2904/1805 3375/3674/1805 2237/2913/1805
f 3006/2904/1805 3373/2903/1805 3375/3674/1805
f 3373/2903/1805 1929/3675/1805 3375/3674/1805
f 3005/2909/1804 3565/2899/1804 2990/2902/1804 2244/2910/1804
f 2229/2821/1804 2961/2874/1804 3565/2899/1804 3005/2909/1804
f 2961/2874/1804 2228/2873/1804 3003/2900/1804 3565/2899/1804
f 3004/3672/1803 3566/2895/1803 2997/2898/1803 2251/3669/1803
f 2236/3673/1803 2968/2870/1803 3566/2895/1803 3004/3672/1803
f 2968/2870/1803 2235/2869/1803 3002/2896/1803 3566/2895/1803
f 3003/2900/1802 3567/2891/1802 2989/2894/1802 2243/2901/1802
f 2228/2873/1802 2960/2866/1802 3567/2891/1802 3003/2900/1802
f 2960/2866/1802 2227/2865/1802 3000/2892/1802 3567/2891/1802
f 3002/2896/1801 3568/2887/1801 2996/2890/1801 2250/2897/1801
f 2235/2869/1801 2967/2862/1801 3568/2887/1801 3002/2896/1801
f 2967/2862/1801 2234/2861/1801 2998/2888/1801 3568/2887/1801
f 3000/2892/1800 3569/2883/1800 2988/2886/1800 2242/2893/1800
f 2227/2865/1800 2959/2858/1800 3569/2883/1800 3000/2892/1800
f 2959/2858/1800 2226/2857/1800 3001/2884/1800 3569/2883/1800
f 2998/2888/1799 3570/2879/1799 2995/2882/1799 2249/2889/1799
f 2234/2861/1799 2966/2854/1799 3570/2879/1799 2998/2888/1799
f 2966/2854/1799 2233/2853/1799 2999/2880/1799 3570/2879/1799
f 3374/2878/1798 2983/3676/1798 2236/3673/1798
f 3374/2878/1798 3372/2877/1798 2983/3676/1798
f 3372/2877/1798 2221/3677/1798 2983/3676/1798
f 2972/2824/1797 3373/3678/1797 2222/2825/1797
f 2972/2824/1797 3371/2875/1797 3373/3678/1797
f 3371/2875/1797 1929/3679/1797 3373/3678/1797
f 2970/2820/1796 3571/2871/1796 2961/2874/1796 2229/2821/1796
f 2214/2794/1796 2932/2786/1796 3571/2871/1796 2970/2820/1796
f 2932/2786/1796 2213/2785/1796 2982/2872/1796 3571/2871/1796
f 2983/3676/1795 3572/2867/1795 2968/2870/1795 2236/3673/1795
f 2221/3677/1795 2939/2782/1795 3572/2867/1795 2983/3676/1795
f 2939/2782/1795 2220/2781/1795 2981/2868/1795 3572/2867/1795
f 2982/2872/1794 3573/2863/1794 2960/2866/1794 2228/2873/1794
f 2213/2785/1794 2931/2778/1794 3573/2863/1794 2982/2872/1794
f 2931/2778/1794 2212/2777/1794 2980/2864/1794 3573/2863/1794
f 2981/2868/1793 3574/2859/1793 2967/2862/1793 2235/2869/1793
f 2220/2781/1793 2938/2774/1793 3574/2859/1793 2981/2868/1793
f 2938/2774/1793 2219/2773/1793 2979/2860/1793 3574/2859/1793
f 2980/2864/1792 3575/2855/1792 2959/2858/1792 2227/2865/1792
f 2212/2777/1792 2930/2770/1792 3575/2855/1792 2980/2864/1792
f 2930/2770/1792 2211/2769/1792 2978/2856/1792 3575/2855/1792
f 2979/2860/1791 3576/2851/1791 2966/2854/1791 2234/2861/1791
f 2219/2773/1791 2937/2766/1791 3576/2851/1791 2979/2860/1791
f 2937/2766/1791 2218/2765/1791 2977/2852/1791 3576/2851/1791
f 2978/2856/1790 3577/2847/1790 2958/2850/1790 2226/2857/1790
f 2211/2769/1790 2929/2762/1790 3577/2847/1790 2978/2856/1790
f 2929/2762/1790 2210/2761/1790 2976/2848/1790 3577/2847/1790
f 2977/2852/1789 3578/2843/1789 2965/2846/1789 2233/2853/1789
f 2218/2765/1789 2936/2818/1789 3578/2843/1789 2977/2852/1789
f 2936/2818/1789 2217/2817/1789 2975/2844/1789 3578/2843/1789
f 2976/2848/1788 3579/2839/1788 2957/2842/1788 2225/2849/1788
f 2210/2761/1788 2928/2814/1788 3579/2839/1788 2976/2848/1788
f 2928/2814/1788 2209/2813/1788 2974/2840/1788 3579/2839/1788
f 2975/2844/1787 3580/2835/1787 2964/2838/1787 2232/2845/1787
f 2217/2817/1787 2935/2810/1787 3580/2835/1787 2975/2844/1787
f 2935/2810/1787 2216/2809/1787 2973/2836/1787 3580/2835/1787
f 2974/2840/1786 3581/2831/1786 2956/2834/1786 2224/2841/1786
f 2209/2813/1786 2927/2806/1786 3581/2831/1786 2974/2840/1786
f 2927/2806/1786 2208/2805/1786 2971/2832/1786 3581/2831/1786
f 2973/2836/1785 3582/2827/1785 2963/2830/1785 2231/2837/1785
f 2216/2809/1785 2934/2802/1785 3582/2827/1785 2973/2836/1785
f 2934/2802/1996 2215/2801/1996 2969/2828/1996 3582/2827/1996
f 2971/2832/1784 3583/2823/1784 2955/2826/1784 2223/2833/1784
f 2208/2805/1784 2926/2798/1784 3583/2823/1784 2971/2832/1784
f 2926/2798/1784 2207/2797/1784 2972/2824/1784 3583/2823/1784
f 2969/2828/1997 3584/2819/1997 2962/2822/1997 2230/2829/1997
f 2215/2801/1997 2933/2795/1997 3584/2819/1997 2969/2828/1997
f 2933/2795/1783 2214/2794/1783 2970/2820/1783 3584/2819/1783
f 2943/2764/1782 3585/2815/1782 2936/2818/1782 2218/2765/1782
f 2203/2737/1782 2907/2730/1782 3585/2815/1782 2943/2764/1782
f 2907/2730/1782 2202/2729/1782 2954/2816/1782 3585/2815/1782
f 2941/2760/1781 3586/2811/1781 2928/2814/1781 2210/2761/1781
f 2195/2733/1781 2899/2726/1781 3586/2811/1781 2941/2760/1781
f 2899/2726/1781 2194/2725/1781 2953/2812/1781 3586/2811/1781
f 2954/2816/1780 3587/2807/1780 2935/2810/1780 2217/2817/1780
f 2202/2729/1780 2906/2722/1780 3587/2807/1780 2954/2816/1780
f 2906/2722/1780 2201/2721/1780 2952/2808/1780 3587/2807/1780
f 2953/2812/1779 3588/2803/1779 2927/2806/1779 2209/2813/1779
f 2194/2725/1779 2898/2718/1779 3588/2803/1779 2953/2812/1779
f 2898/2718/1779 2193/2717/1779 2951/2804/1779 3588/2803/1779
f 2952/2808/1778 3589/2799/1778 2934/2802/1778 2216/2809/1778
f 2201/2721/1778 2905/2714/1778 3589/2799/1778 2952/2808/1778
f 2905/2714/1778 2200/2713/1778 2950/2800/1778 3589/2799/1778
f 2951/2804/1777 3590/2796/1777 2926/2798/1777 2208/2805/1777
f 2193/2717/1777 2897/2710/1777 3590/2796/1777 2951/2804/1777
f 2897/2710/1777 2192/2709/1777 2949/2788/1777 3590/2796/1777
f 2950/2800/1776 3591/2792/1776 2933/2795/1776 2215/2801/1776
f 2200/2713/1776 2904/2707/1776 3591/2792/1776 2950/2800/1776
f 2904/2707/1776 2199/2706/1776 2948/2793/1776 3591/2792/1776
f 3372/2791/1775 2947/3680/1775 2221/3677/1775
f 3372/2791/1775 3370/2790/1775 2947/3680/1775
f 3370/2790/1775 2206/3681/1775 2947/3680/1775
f 2949/2788/1774 3371/3682/1774 2207/2797/1774
f 2949/2788/1774 3369/2787/1774 3371/3682/1774
f 3369/2787/1774 1929/3683/1774 3371/3682/1774
f 2948/2793/1773 3592/2783/1773 2932/2786/1773 2214/2794/1773
f 2199/2706/1773 2903/2758/1773 3592/2783/1773 2948/2793/1773
f 2903/2758/1773 2198/2757/1773 2946/2784/1773 3592/2783/1773
f 2947/3680/1772 3593/2779/1772 2939/2782/1772 2221/3677/1772
f 2206/3681/1772 2910/2754/1772 3593/2779/1772 2947/3680/1772
f 2910/2754/1772 2205/2753/1772 2945/2780/1772 3593/2779/1772
f 2946/2784/1771 3594/2775/1771 2931/2778/1771 2213/2785/1771
f 2198/2757/1771 2902/2750/1771 3594/2775/1771 2946/2784/1771
f 2902/2750/1771 2197/2749/1771 2944/2776/1771 3594/2775/1771
f 2945/2780/1770 3595/2771/1770 2938/2774/1770 2220/2781/1770
f 2205/2753/1770 2909/2746/1770 3595/2771/1770 2945/2780/1770
f 2909/2746/1770 2204/2745/1770 2942/2772/1770 3595/2771/1770
f 2944/2776/1769 3596/2767/1769 2930/2770/1769 2212/2777/1769
f 2197/2749/1769 2901/2742/1769 3596/2767/1769 2944/2776/1769
f 2901/2742/1769 2196/2741/1769 2940/2768/1769 3596/2767/1769
f 2942/2772/1768 3597/2763/1768 2937/2766/1768 2219/2773/1768
f 2204/2745/1768 2908/2738/1768 3597/2763/1768 2942/2772/1768
f 2908/2738/1768 2203/2737/1768 2943/2764/1768 3597/2763/1768
f 2940/2768/1767 3598/2759/1767 2929/2762/1767 2211/2769/1767
f 2196/2741/1767 2900/2734/1767 3598/2759/1767 2940/2768/1767
f 2900/2734/1767 2195/2733/1767 2941/2760/1767 3598/2759/1767
f 2914/2705/1766 3599/2755/1766 2903/2758/1766 2199/2706/1766
f 2184/2678/1766 2874/2670/1766 3599/2755/1766 2914/2705/1766
f 2874/2670/1766 2183/2669/1766 2925/2756/1766 3599/2755/1766
f 2912/3684/1765 3600/2751/1765 2910/2754/1765 2206/3681/1765
f 2191/3685/1765 2881/2666/1765 3600/2751/1765 2912/3684/1765
f 2881/2666/1765 2190/2665/1765 2924/2752/1765 3600/2751/1765
f 2925/2756/1764 3601/2747/1764 2902/2750/1764 2198/2757/1764
f 2183/2669/1764 2873/2662/1764 3601/2747/1764 2925/2756/1764
f 2873/2662/1764 2182/2661/1764 2923/2748/1764 3601/2747/1764
f 2924/2752/1763 3602/2743/1763 2909/2746/1763 2205/2753/1763
f 2190/2665/1763 2880/2658/1763 3602/2743/1763 2924/2752/1763
f 2880/2658/1763 2189/2657/1763 2922/2744/1763 3602/2743/1763
f 2923/2748/1762 3603/2739/1762 2901/2742/1762 2197/2749/1762
f 2182/2661/1762 2872/2654/1762 3603/2739/1762 2923/2748/1762
f 2872/2654/1762 2181/2653/1762 2921/2740/1762 3603/2739/1762
f 2922/2744/1761 3604/2735/1761 2908/2738/1761 2204/2745/1761
f 2189/2657/1761 2879/2650/1761 3604/2735/1761 2922/2744/1761
f 2879/2650/1761 2188/2649/1761 2920/2736/1761 3604/2735/1761
f 2921/2740/1760 3605/2731/1760 2900/2734/1760 2196/2741/1760
f 2181/2653/1760 2871/2646/1760 3605/2731/1760 2921/2740/1760
f 2871/2646/1760 2180/2645/1760 2919/2732/1760 3605/2731/1760
f 2920/2736/1759 3606/2727/1759 2907/2730/1759 2203/2737/1759
f 2188/2649/1759 2878/2642/1759 3606/2727/1759 2920/2736/1759
f 2878/2642/1759 2187/2641/1759 2918/2728/1759 3606/2727/1759
f 2919/2732/1758 3607/2723/1758 2899/2726/1758 2195/2733/1758
f 2180/2645/1758 2870/2698/1758 3607/2723/1758 2919/2732/1758
f 2870/2698/1758 2179/2697/1758 2917/2724/1758 3607/2723/1758
f 2918/2728/1757 3608/2719/1757 2906/2722/1757 2202/2729/1757
f 2187/2641/1757 2877/2694/1757 3608/2719/1757 2918/2728/1757
f 2877/2694/1757 2186/2693/1757 2916/2720/1757 3608/2719/1757
f 2917/2724/1756 3609/2715/1756 2898/2718/1756 2194/2725/1756
f 2179/2697/1756 2869/2690/1756 3609/2715/1756 2917/2724/1756
f 2869/2690/1756 2178/2689/1756 2915/2716/1756 3609/2715/1756
f 2916/2720/1755 3610/2711/1755 2905/2714/1755 2201/2721/1755
f 2186/2693/1755 2876/2686/1755 3610/2711/1755 2916/2720/1755
f 2876/2686/1755 2185/2685/1755 2913/2712/1755 3610/2711/1755
f 2915/2716/1754 3611/2708/1754 2897/2710/1754 2193/2717/1754
f 2178/2689/1754 2868/2682/1754 3611/2708/1754 2915/2716/1754
f 2868/2682/1754 2177/2681/1754 2911/2700/1754 3611/2708/1754
f 2913/2712/1998 3612/2704/1998 2904/2707/1998 2200/2713/1998
f 2185/2685/1753 2875/2679/1753 3612/2704/1753 2913/2712/1753
f 2875/2679/1753 2184/2678/1753 2914/2705/1753 3612/2704/1753
f 3370/2703/1752 2912/3684/1752 2206/3681/1752
f 3370/2703/1752 3368/2702/1752 2912/3684/1752
f 3368/2702/1752 2191/3685/1752 2912/3684/1752
f 2911/2700/1751 3369/3686/1751 2192/2709/1751
f 2911/2700/1751 3367/2699/1751 3369/3686/1751
f 3367/2699/1751 1929/3687/1751 3369/3686/1751
f 2885/2644/1750 3613/2695/1750 2870/2698/1750 2180/2645/1750
f 2165/2621/1750 2841/2614/1750 3613/2695/1750 2885/2644/1750
f 2841/2614/1750 2164/2613/1750 2896/2696/1750 3613/2695/1750
f 2883/2640/1749 3614/2691/1749 2877/2694/1749 2187/2641/1749
f 2172/2617/1749 2848/2610/1749 3614/2691/1749 2883/2640/1749
f 2848/2610/1749 2171/2609/1749 2895/2692/1749 3614/2691/1749
f 2896/2696/1748 3615/2687/1748 2869/2690/1748 2179/2697/1748
f 2164/2613/1748 2840/2606/1748 3615/2687/1748 2896/2696/1748
f 2840/2606/1748 2163/2605/1748 2894/2688/1748 3615/2687/1748
f 2895/2692/1747 3616/2683/1747 2876/2686/1747 2186/2693/1747
f 2171/2609/1747 2847/2602/1747 3616/2683/1747 2895/2692/1747
f 2847/2602/1747 2170/2601/1747 2893/2684/1747 3616/2683/1747
f 2894/2688/1746 3617/2680/1746 2868/2682/1746 2178/2689/1746
f 2163/2605/1746 2839/2598/1746 3617/2680/1746 2894/2688/1746
f 2839/2598/1746 2162/2597/1746 2892/2672/1746 3617/2680/1746
f 2893/2684/1745 3618/2676/1745 2875/2679/1745 2185/2685/1745
f 2170/2601/1745 2846/2595/1745 3618/2676/1745 2893/2684/1745
f 2846/2595/1745 2169/2594/1745 2891/2677/1745 3618/2676/1745
f 3368/2675/1744 2890/3688/1744 2191/3685/1744
f 3368/2675/1744 3366/2674/1744 2890/3688/1744
f 3366/2674/1744 2176/3689/1744 2890/3688/1744
f 2892/2672/1743 3367/3690/1743 2177/2681/1743
f 2892/2672/1743 3365/2671/1743 3367/3690/1743
f 3365/2671/1743 1929/3691/1743 3367/3690/1743
f 2891/2677/1742 3619/2667/1742 2874/2670/1742 2184/2678/1742
f 2169/2594/1742 2845/2586/1742 3619/2667/1742 2891/2677/1742
f 2845/2586/1742 2168/2585/1742 2889/2668/1742 3619/2667/1742
f 2890/3688/1741 3620/2663/1741 2881/2666/1741 2191/3685/1741
f 2176/3689/1741 2852/2582/1741 3620/2663/1741 2890/3688/1741
f 2852/2582/1741 2175/2581/1741 2888/2664/1741 3620/2663/1741
f 2889/2668/1740 3621/2659/1740 2873/2662/1740 2183/2669/1740
f 2168/2585/1999 2844/2638/1999 3621/2659/1999 2889/2668/1999
f 2844/2638/1740 2167/2637/1740 2887/2660/1740 3621/2659/1740
f 2888/2664/1739 3622/2655/1739 2880/2658/1739 2190/2665/1739
f 2175/2581/1739 2851/2634/1739 3622/2655/1739 2888/2664/1739
f 2851/2634/1739 2174/2633/1739 2886/2656/1739 3622/2655/1739
f 2887/2660/1738 3623/2651/1738 2872/2654/1738 2182/2661/1738
f 2167/2637/1738 2843/2630/1738 3623/2651/1738 2887/2660/1738
f 2843/2630/1738 2166/2629/1738 2884/2652/1738 3623/2651/1738
f 2886/2656/1737 3624/2647/1737 2879/2650/1737 2189/2657/1737
f 2174/2633/1737 2850/2626/1737 3624/2647/1737 2886/2656/1737
f 2850/2626/1737 2173/2625/1737 2882/2648/1737 3624/2647/1737
f 2884/2652/1736 3625/2643/1736 2871/2646/1736 2181/2653/1736
f 2166/2629/1736 2842/2622/1736 3625/2643/1736 2884/2652/1736
f 2842/2622/1736 2165/2621/1736 2885/2644/1736 3625/2643/1736
f 2882/2648/1735 3626/2639/1735 2878/2642/1735 2188/2649/1735
f 2173/2625/1735 2849/2618/1735 3626/2639/1735 2882/2648/1735
f 2849/2618/1735 2172/2617/1735 2883/2640/1735 3626/2639/1735
f 2856/2584/1734 3627/2635/1734 2844/2638/1734 2168/2585/1734
f 2153/2557/1734 2815/2550/1734 3627/2635/1734 2856/2584/1734
f 2815/2550/1734 2152/2549/1734 2867/2636/1734 3627/2635/1734
f 2854/2580/1733 3628/2631/1733 2851/2634/1733 2175/2581/1733
f 2160/2553/1733 2822/2546/1733 3628/2631/1733 2854/2580/1733
f 2822/2546/1733 2159/2545/1733 2866/2632/1733 3628/2631/1733
f 2867/2636/1732 3629/2627/1732 2843/2630/1732 2167/2637/1732
f 2152/2549/1732 2814/2542/1732 3629/2627/1732 2867/2636/1732
f 2814/2542/1732 2151/2541/1732 2865/2628/1732 3629/2627/1732
f 2866/2632/1731 3630/2623/1731 2850/2626/1731 2174/2633/1731
f 2159/2545/1731 2821/2538/1731 3630/2623/1731 2866/2632/1731
f 2821/2538/1731 2158/2537/1731 2864/2624/1731 3630/2623/1731
f 2865/2628/1730 3631/2619/1730 2842/2622/1730 2166/2629/1730
f 2151/2541/1730 2813/2534/1730 3631/2619/1730 2865/2628/1730
f 2813/2534/1730 2150/2533/1730 2863/2620/1730 3631/2619/1730
f 2864/2624/1729 3632/2615/1729 2849/2618/1729 2173/2625/1729
f 2158/2537/1729 2820/2530/1729 3632/2615/1729 2864/2624/1729
f 2820/2530/1729 2157/2529/1729 2862/2616/1729 3632/2615/1729
f 2863/2620/1728 3633/2611/1728 2841/2614/1728 2165/2621/1728
f 2150/2533/1728 2812/2526/1728 3633/2611/1728 2863/2620/1728
f 2812/2526/1728 2149/2525/1728 2861/2612/1728 3633/2611/1728
f 2862/2616/1727 3634/2607/1727 2848/2610/1727 2172/2617/1727
f 2157/2529/1727 2819/2522/1727 3634/2607/1727 2862/2616/1727
f 2819/2522/2000 2156/2521/2000 2860/2608/2000 3634/2607/2000
f 2861/2612/1726 3635/2603/1726 2840/2606/1726 2164/2613/1726
f 2149/2525/1726 2811/2578/1726 3635/2603/1726 2861/2612/1726
f 2811/2578/1726 2148/2577/1726 2859/2604/1726 3635/2603/1726
f 2860/2608/2001 3636/2599/2001 2847/2602/2001 2171/2609/2001
f 2156/2521/2001 2818/2574/2001 3636/2599/2001 2860/2608/2001
f 2818/2574/2001 2155/2573/2001 2858/2600/2001 3636/2599/2001
f 2859/2604/1724 3637/2596/1724 2839/2598/1724 2163/2605/1724
f 2148/2577/1724 2810/2570/1724 3637/2596/1724 2859/2604/1724
f 2810/2570/1724 2147/2569/1724 2857/2588/1724 3637/2596/1724
f 2858/2600/1723 3638/2592/1723 2846/2595/1723 2170/2601/1723
f 2155/2573/1723 2817/2567/1723 3638/2592/1723 2858/2600/1723
f 2817/2567/1723 2154/2566/1723 2855/2593/1723 3638/2592/1723
f 3366/2591/1722 2853/3692/1722 2176/3689/1722
f 3366/2591/1722 3364/2590/1722 2853/3692/1722
f 3364/2590/1722 2161/3693/1722 2853/3692/1722
f 2857/2588/1721 3365/3694/1721 2162/2597/1721
f 2857/2588/1721 3363/2587/1721 3365/3694/1721
f 3363/2587/1721 1929/3695/1721 3365/3694/1721
f 2855/2593/1720 3639/2583/1720 2845/2586/1720 2169/2594/1720
f 2154/2566/1720 2816/2558/1720 3639/2583/1720 2855/2593/1720
f 2816/2558/1720 2153/2557/1720 2856/2584/1720 3639/2583/1720
f 2853/3692/1719 3640/2579/1719 2852/2582/1719 2176/3689/1719
f 2161/3693/1719 2823/2554/1719 3640/2579/1719 2853/3692/1719
f 2823/2554/1719 2160/2553/1719 2854/2580/1719 3640/2579/1719
f 2827/2524/1718 3641/2575/1718 2811/2578/1718 2149/2525/1718
f 2134/2497/1718 2782/2490/1718 3641/2575/1718 2827/2524/1718
f 2782/2490/1718 2133/2489/1718 2838/2576/1718 3641/2575/1718
f 2825/2520/1717 3642/2571/1717 2818/2574/1717 2156/2521/1717
f 2141/2493/1717 2789/2486/1717 3642/2571/1717 2825/2520/1717
f 2789/2486/1717 2140/2485/1717 2837/2572/1717 3642/2571/1717
f 2838/2576/1716 3643/2568/1716 2810/2570/1716 2148/2577/1716
f 2133/2489/1716 2781/2482/1716 3643/2568/1716 2838/2576/1716
f 2781/2482/1716 2132/2481/1716 2836/2560/1716 3643/2568/1716
f 2837/2572/1715 3644/2564/1715 2817/2567/1715 2155/2573/1715
f 2140/2485/1715 2788/2479/1715 3644/2564/1715 2837/2572/1715
f 2788/2479/1715 2139/2478/1715 2835/2565/1715 3644/2564/1715
f 3364/2563/1714 2834/3696/1714 2161/3693/1714
f 3364/2563/1714 3362/2562/1714 2834/3696/1714
f 3362/2562/1714 2146/3697/1714 2834/3696/1714
f 2836/2560/1713 3363/3698/1713 2147/2569/1713
f 2836/2560/1713 3361/2559/1713 3363/3698/1713
f 3361/2559/1713 1929/3699/1713 3363/3698/1713
f 2835/2565/1712 3645/2555/1712 2816/2558/1712 2154/2566/1712
f 2139/2478/1712 2787/2470/1712 3645/2555/1712 2835/2565/1712
f 2787/2470/1712 2138/2469/1712 2833/2556/1712 3645/2555/1712
f 2834/3696/1711 3646/2551/1711 2823/2554/1711 2161/3693/1711
f 2146/3697/1711 2794/2466/1711 3646/2551/1711 2834/3696/1711
f 2794/2466/1711 2145/2465/1711 2832/2552/1711 3646/2551/1711
f 2833/2556/1710 3647/2547/1710 2815/2550/1710 2153/2557/1710
f 2138/2469/1710 2786/2462/1710 3647/2547/1710 2833/2556/1710
f 2786/2462/1710 2137/2461/1710 2831/2548/1710 3647/2547/1710
f 2832/2552/1709 3648/2543/1709 2822/2546/1709 2160/2553/1709
f 2145/2465/1709 2793/2518/1709 3648/2543/1709 2832/2552/1709
f 2793/2518/1709 2144/2517/1709 2830/2544/1709 3648/2543/1709
f 2831/2548/1708 3649/2539/1708 2814/2542/1708 2152/2549/1708
f 2137/2461/1708 2785/2514/1708 3649/2539/1708 2831/2548/1708
f 2785/2514/1708 2136/2513/1708 2829/2540/1708 3649/2539/1708
f 2830/2544/1707 3650/2535/1707 2821/2538/1707 2159/2545/1707
f 2144/2517/1707 2792/2510/1707 3650/2535/1707 2830/2544/1707
f 2792/2510/1707 2143/2509/1707 2828/2536/1707 3650/2535/1707
f 2829/2540/1706 3651/2531/1706 2813/2534/1706 2151/2541/1706
f 2136/2513/1706 2784/2506/1706 3651/2531/1706 2829/2540/1706
f 2784/2506/1706 2135/2505/1706 2826/2532/1706 3651/2531/1706
f 2828/2536/1705 3652/2527/1705 2820/2530/1705 2158/2537/1705
f 2143/2509/1705 2791/2502/1705 3652/2527/1705 2828/2536/1705
f 2791/2502/1705 2142/2501/1705 2824/2528/1705 3652/2527/1705
f 2826/2532/1704 3653/2523/1704 2812/2526/1704 2150/2533/1704
f 2135/2505/1704 2783/2498/1704 3653/2523/1704 2826/2532/1704
f 2783/2498/1704 2134/2497/1704 2827/2524/1704 3653/2523/1704
f 2824/2528/1703 3654/2519/1703 2819/2522/1703 2157/2529/1703
f 2142/2501/1703 2790/2494/1703 3654/2519/1703 2824/2528/1703
f 2790/2494/1703 2141/2493/1703 2825/2520/1703 3654/2519/1703
f 2798/2464/1702 3655/2515/1702 2793/2518/1702 2145/2465/1702
f 2130/2437/1702 2764/2430/1702 3655/2515/1702 2798/2464/1702
f 2764/2430/1702 2129/2429/1702 2809/2516/1702 3655/2515/1702
f 2796/2460/1701 3656/2511/1701 2785/2514/1701 2137/2461/1701
f 2122/2433/1701 2756/2426/1701 3656/2511/1701 2796/2460/1701
f 2756/2426/1701 2121/2425/1701 2808/2512/1701 3656/2511/1701
f 2809/2516/1700 3657/2507/1700 2792/2510/1700 2144/2517/1700
f 2129/2429/1700 2763/2422/1700 3657/2507/1700 2809/2516/1700
f 2763/2422/1700 2128/2421/1700 2807/2508/1700 3657/2507/1700
f 2808/2512/1699 3658/2503/1699 2784/2506/1699 2136/2513/1699
f 2121/2425/1699 2755/2418/1699 3658/2503/1699 2808/2512/1699
f 2755/2418/1699 2120/2417/1699 2806/2504/1699 3658/2503/1699
f 2807/2508/1698 3659/2499/1698 2791/2502/1698 2143/2509/1698
f 2128/2421/1698 2762/2414/1698 3659/2499/1698 2807/2508/1698
f 2762/2414/1698 2127/2413/1698 2805/2500/1698 3659/2499/1698
f 2806/2504/1697 3660/2495/1697 2783/2498/1697 2135/2505/1697
f 2120/2417/1697 2754/2410/1697 3660/2495/1697 2806/2504/1697
f 2754/2410/1697 2119/2409/1697 2804/2496/1697 3660/2495/1697
f 2805/2500/1696 3661/2491/1696 2790/2494/1696 2142/2501/1696
f 2127/2413/1696 2761/2406/1696 3661/2491/1696 2805/2500/1696
f 2761/2406/1696 2126/2405/1696 2803/2492/1696 3661/2491/1696
f 2804/2496/1695 3662/2487/1695 2782/2490/1695 2134/2497/1695
f 2119/2409/1695 2753/2402/1695 3662/2487/1695 2804/2496/1695
f 2753/2402/1695 2118/2401/1695 2802/2488/1695 3662/2487/1695
f 2803/2492/1694 3663/2483/1694 2789/2486/1694 2141/2493/1694
f 2126/2405/1694 2760/2458/1694 3663/2483/1694 2803/2492/1694
f 2760/2458/1694 2125/2457/1694 2801/2484/1694 3663/2483/1694
f 2802/2488/1693 3664/2480/1693 2781/2482/1693 2133/2489/1693
f 2118/2401/1693 2752/2454/1693 3664/2480/1693 2802/2488/1693
f 2752/2454/1693 2117/2453/1693 2800/2472/1693 3664/2480/1693
f 2801/2484/2002 3665/2476/2002 2788/2479/2002 2140/2485/2002
f 2125/2457/1692 2759/2451/1692 3665/2476/1692 2801/2484/1692
f 2759/2451/1692 2124/2450/1692 2799/2477/1692 3665/2476/1692
f 3362/2475/1691 2797/3700/1691 2146/3697/1691
f 3362/2475/1691 3360/2474/1691 2797/3700/1691
f 3360/2474/1691 2131/3701/1691 2797/3700/1691
f 2800/2472/1690 3361/3702/1690 2132/2481/1690
f 2800/2472/1690 3359/2471/1690 3361/3702/1690
f 3359/2471/1690 1929/3703/1690 3361/3702/1690
f 2799/2477/1689 3666/2467/1689 2787/2470/1689 2139/2478/1689
f 2124/2450/1689 2758/2442/1689 3666/2467/1689 2799/2477/1689
f 2758/2442/1689 2123/2441/1689 2795/2468/1689 3666/2467/1689
f 2797/3700/1688 3667/2463/1688 2794/2466/1688 2146/3697/1688
f 2131/3701/1688 2765/2438/1688 3667/2463/1688 2797/3700/1688
f 2765/2438/1688 2130/2437/1688 2798/2464/1688 3667/2463/1688
f 2795/2468/1687 3668/2459/1687 2786/2462/1687 2138/2469/1687
f 2123/2441/1687 2757/2434/1687 3668/2459/1687 2795/2468/1687
f 2757/2434/1687 2122/2433/1687 2796/2460/1687 3668/2459/1687
f 2769/2404/1686 3669/2455/1686 2760/2458/1686 2126/2405/1686
f 2111/2377/1686 2731/2370/1686 3669/2455/1686 2769/2404/1686
f 2731/2370/1686 2110/2369/1686 2780/2456/1686 3669/2455/1686
f 2767/2400/1685 3670/2452/1685 2752/2454/1685 2118/2401/1685
f 2103/2373/1685 2723/2366/1685 3670/2452/1685 2767/2400/1685
f 2723/2366/1685 2102/2365/1685 2779/2444/1685 3670/2452/1685
f 2780/2456/1684 3671/2448/1684 2759/2451/1684 2125/2457/1684
f 2110/2369/1684 2730/2363/1684 3671/2448/1684 2780/2456/1684
f 2730/2363/1684 2109/2362/1684 2778/2449/1684 3671/2448/1684
f 3360/2447/1683 2777/3704/1683 2131/3701/1683
f 3360/2447/1683 3358/2446/1683 2777/3704/1683
f 3358/2446/1683 2116/3705/1683 2777/3704/1683
f 2779/2444/1682 3359/3706/1682 2117/2453/1682
f 2779/2444/1682 3357/2443/1682 3359/3706/1682
f 3357/2443/1682 1929/3707/1682 3359/3706/1682
f 2778/2449/1681 3672/2439/1681 2758/2442/1681 2124/2450/1681
f 2109/2362/1681 2729/2354/1681 3672/2439/1681 2778/2449/1681
f 2729/2354/1681 2108/2353/1681 2776/2440/1681 3672/2439/1681
f 2777/3704/1680 3673/2435/1680 2765/2438/1680 2131/3701/1680
f 2116/3705/1680 2736/2350/1680 3673/2435/1680 2777/3704/1680
f 2736/2350/1680 2115/2349/1680 2775/2436/1680 3673/2435/1680
f 2776/2440/1679 3674/2431/1679 2757/2434/1679 2123/2441/1679
f 2108/2353/1679 2728/2346/1679 3674/2431/1679 2776/2440/1679
f 2728/2346/1679 2107/2345/1679 2774/2432/1679 3674/2431/1679
f 2775/2436/1678 3675/2427/1678 2764/2430/1678 2130/2437/1678
f 2115/2349/1678 2735/2342/1678 3675/2427/1678 2775/2436/1678
f 2735/2342/1678 2114/2341/1678 2773/2428/1678 3675/2427/1678
f 2774/2432/1677 3676/2423/1677 2756/2426/1677 2122/2433/1677
f 2107/2345/1677 2727/2398/1677 3676/2423/1677 2774/2432/1677
f 2727/2398/1677 2106/2397/1677 2772/2424/1677 3676/2423/1677
f 2773/2428/1676 3677/2419/1676 2763/2422/1676 2129/2429/1676
f 2114/2341/1676 2734/2394/1676 3677/2419/1676 2773/2428/1676
f 2734/2394/1676 2113/2393/1676 2771/2420/1676 3677/2419/1676
f 2772/2424/1675 3678/2415/1675 2755/2418/1675 2121/2425/1675
f 2106/2397/1675 2726/2390/1675 3678/2415/1675 2772/2424/1675
f 2726/2390/1675 2105/2389/1675 2770/2416/1675 3678/2415/1675
f 2771/2420/1674 3679/2411/1674 2762/2414/1674 2128/2421/1674
f 2113/2393/1674 2733/2386/1674 3679/2411/1674 2771/2420/1674
f 2733/2386/1674 2112/2385/1674 2768/2412/1674 3679/2411/1674
f 2770/2416/1673 3680/2407/1673 2754/2410/1673 2120/2417/1673
f 2105/2389/1673 2725/2382/1673 3680/2407/1673 2770/2416/1673
f 2725/2382/1673 2104/2381/1673 2766/2408/1673 3680/2407/1673
f 2768/2412/1672 3681/2403/1672 2761/2406/1672 2127/2413/1672
f 2112/2385/1672 2732/2378/1672 3681/2403/1672 2768/2412/1672
f 2732/2378/1672 2111/2377/1672 2769/2404/1672 3681/2403/1672
f 2766/2408/1671 3682/2399/1671 2753/2402/1671 2119/2409/1671
f 2104/2381/1671 2724/2374/1671 3682/2399/1671 2766/2408/1671
f 2724/2374/1671 2103/2373/1671 2767/2400/1671 3682/2399/1671
f 2740/2344/1670 3683/2395/1670 2727/2398/1670 2107/2345/1670
f 2092/2317/1670 2698/2310/1670 3683/2395/1670 2740/2344/1670
f 2698/2310/1670 2091/2309/1670 2751/2396/1670 3683/2395/1670
f 2738/2340/1669 3684/2391/1669 2734/2394/1669 2114/2341/1669
f 2099/2313/1669 2705/2306/1669 3684/2391/1669 2738/2340/1669
f 2705/2306/1669 2098/2305/1669 2750/2392/1669 3684/2391/1669
f 2751/2396/1668 3685/2387/1668 2726/2390/1668 2106/2397/1668
f 2091/2309/1668 2697/2302/1668 3685/2387/1668 2751/2396/1668
f 2697/2302/1668 2090/2301/1668 2749/2388/1668 3685/2387/1668
f 2750/2392/1667 3686/2383/1667 2733/2386/1667 2113/2393/1667
f 2098/2305/1667 2704/2298/1667 3686/2383/1667 2750/2392/1667
f 2704/2298/1667 2097/2297/1667 2748/2384/1667 3686/2383/1667
f 2749/2388/1666 3687/2379/1666 2725/2382/1666 2105/2389/1666
f 2090/2301/1666 2696/2294/1666 3687/2379/1666 2749/2388/1666
f 2696/2294/1666 2089/2293/1666 2747/2380/1666 3687/2379/1666
f 2748/2384/1665 3688/2375/1665 2732/2378/1665 2112/2385/1665
f 2097/2297/1665 2703/2290/1665 3688/2375/1665 2748/2384/1665
f 2703/2290/1665 2096/2289/1665 2746/2376/1665 3688/2375/1665
f 2747/2380/1664 3689/2371/1664 2724/2374/1664 2104/2381/1664
f 2089/2293/1664 2695/2286/1664 3689/2371/1664 2747/2380/1664
f 2695/2286/1664 2088/2285/1664 2745/2372/1664 3689/2371/1664
f 2746/2376/1663 3690/2367/1663 2731/2370/1663 2111/2377/1663
f 2096/2289/1663 2702/2282/1663 3690/2367/1663 2746/2376/1663
f 2702/2282/1663 2095/2281/1663 2744/2368/1663 3690/2367/1663
f 2745/2372/1662 3691/2364/1662 2723/2366/1662 2103/2373/1662
f 2088/2285/1662 2694/2338/1662 3691/2364/1662 2745/2372/1662
f 2694/2338/1662 2087/2337/1662 2743/2356/1662 3691/2364/1662
f 2744/2368/1661 3692/2360/1661 2730/2363/1661 2110/2369/1661
f 2095/2281/1661 2701/2335/1661 3692/2360/1661 2744/2368/1661
f 2701/2335/1661 2094/2334/1661 2742/2361/1661 3692/2360/1661
f 3358/2359/1660 2741/3708/1660 2116/3705/1660
f 3358/2359/1660 3356/2358/1660 2741/3708/1660
f 3356/2358/1660 2101/3709/1660 2741/3708/1660
f 2743/2356/1659 3357/3710/1659 2102/2365/1659
f 2743/2356/1659 3355/2355/1659 3357/3710/1659
f 3355/2355/1659 1929/3711/1659 3357/3710/1659
f 2742/2361/1658 3693/2351/1658 2729/2354/1658 2109/2362/1658
f 2094/2334/1658 2700/2326/1658 3693/2351/1658 2742/2361/1658
f 2700/2326/1658 2093/2325/1658 2739/2352/1658 3693/2351/1658
f 2741/3708/1657 3694/2347/1657 2736/2350/1657 2116/3705/1657
f 2101/3709/1657 2707/2322/1657 3694/2347/1657 2741/3708/1657
f 2707/2322/1657 2100/2321/1657 2737/2348/1657 3694/2347/1657
f 2739/2352/1656 3695/2343/1656 2728/2346/1656 2108/2353/1656
f 2093/2325/1656 2699/2318/1656 3695/2343/1656 2739/2352/1656
f 2699/2318/1656 2092/2317/1656 2740/2344/1656 3695/2343/1656
f 2737/2348/1655 3696/2339/1655 2735/2342/1655 2115/2349/1655
f 2100/2321/1655 2706/2314/1655 3696/2339/1655 2737/2348/1655
f 2706/2314/1655 2099/2313/1655 2738/2340/1655 3696/2339/1655
f 2711/2284/1654 3697/2336/1654 2694/2338/1654 2088/2285/1654
f 2073/2257/1654 2665/2250/1654 3697/2336/1654 2711/2284/1654
f 2665/2250/1654 2072/2249/1654 2722/2328/1654 3697/2336/1654
f 2709/2280/1653 3698/2332/1653 2701/2335/1653 2095/2281/1653
f 2080/2253/1653 2672/2247/1653 3698/2332/1653 2709/2280/1653
f 2672/2247/1653 2079/2246/1653 2721/2333/1653 3698/2332/1653
f 3356/2331/1652 2720/3712/1652 2101/3709/1652
f 3356/2331/1652 3354/2330/1652 2720/3712/1652
f 3354/2330/1652 2086/3713/1652 2720/3712/1652
f 2722/2328/1651 3355/3714/1651 2087/2337/1651
f 2722/2328/1651 3353/2327/1651 3355/3714/1651
f 3353/2327/1651 1929/3715/1651 3355/3714/1651
f 2721/2333/1650 3699/2323/1650 2700/2326/1650 2094/2334/1650
f 2079/2246/1650 2671/2238/1650 3699/2323/1650 2721/2333/1650
f 2671/2238/1650 2078/2237/1650 2719/2324/1650 3699/2323/1650
f 2720/3712/1649 3700/2319/1649 2707/2322/1649 2101/3709/1649
f 2086/3713/1649 2678/2234/1649 3700/2319/1649 2720/3712/1649
f 2678/2234/1649 2085/2233/1649 2718/2320/1649 3700/2319/1649
f 2719/2324/1648 3701/2315/1648 2699/2318/1648 2093/2325/1648
f 2078/2237/1648 2670/2230/1648 3701/2315/1648 2719/2324/1648
f 2670/2230/1648 2077/2229/1648 2717/2316/1648 3701/2315/1648
f 2718/2320/1647 3702/2311/1647 2706/2314/1647 2100/2321/1647
f 2085/2233/1647 2677/2226/1647 3702/2311/1647 2718/2320/1647
f 2677/2226/1647 2084/2225/1647 2716/2312/1647 3702/2311/1647
f 2717/2316/1646 3703/2307/1646 2698/2310/1646 2092/2317/1646
f 2077/2229/1646 2669/2222/1646 3703/2307/1646 2717/2316/1646
f 2669/2222/1646 2076/2221/1646 2715/2308/1646 3703/2307/1646
f 2716/2312/1645 3704/2303/1645 2705/2306/1645 2099/2313/1645
f 2084/2225/1645 2676/2278/1645 3704/2303/1645 2716/2312/1645
f 2676/2278/1645 2083/2277/1645 2714/2304/1645 3704/2303/1645
f 2715/2308/1644 3705/2299/1644 2697/2302/1644 2091/2309/1644
f 2076/2221/1644 2668/2274/1644 3705/2299/1644 2715/2308/1644
f 2668/2274/1644 2075/2273/1644 2713/2300/1644 3705/2299/1644
f 2714/2304/1643 3706/2295/1643 2704/2298/1643 2098/2305/1643
f 2083/2277/1643 2675/2270/1643 3706/2295/1643 2714/2304/1643
f 2675/2270/1643 2082/2269/1643 2712/2296/1643 3706/2295/1643
f 2713/2300/1642 3707/2291/1642 2696/2294/1642 2090/2301/1642
f 2075/2273/1642 2667/2266/1642 3707/2291/1642 2713/2300/1642
f 2667/2266/1642 2074/2265/1642 2710/2292/1642 3707/2291/1642
f 2712/2296/1641 3708/2287/1641 2703/2290/1641 2097/2297/1641
f 2082/2269/1641 2674/2262/1641 3708/2287/1641 2712/2296/1641
f 2674/2262/1641 2081/2261/1641 2708/2288/1641 3708/2287/1641
f 2710/2292/1640 3709/2283/1640 2695/2286/1640 2089/2293/1640
f 2074/2265/1640 2666/2258/1640 3709/2283/1640 2710/2292/1640
f 2666/2258/1640 2073/2257/1640 2711/2284/1640 3709/2283/1640
f 2708/2288/1639 3710/2279/1639 2702/2282/1639 2096/2289/1639
f 2081/2261/1639 2673/2254/1639 3710/2279/1639 2708/2288/1639
f 2673/2254/1639 2080/2253/1639 2709/2280/1639 3710/2279/1639
f 2682/2224/1638 3711/2275/1638 2676/2278/1638 2084/2225/1638
f 2069/2197/1638 2647/2190/1638 3711/2275/1638 2682/2224/1638
f 2647/2190/1638 2068/2189/1638 2693/2276/1638 3711/2275/1638
f 2680/2220/1637 3712/2271/1637 2668/2274/1637 2076/2221/1637
f 2061/2193/1637 2639/2186/1637 3712/2271/1637 2680/2220/1637
f 2639/2186/1637 2060/2185/1637 2692/2272/1637 3712/2271/1637
f 2693/2276/1636 3713/2267/1636 2675/2270/1636 2083/2277/1636
f 2068/2189/1636 2646/2182/1636 3713/2267/1636 2693/2276/1636
f 2646/2182/1636 2067/2181/1636 2691/2268/1636 3713/2267/1636
f 2692/2272/1635 3714/2263/1635 2667/2266/1635 2075/2273/1635
f 2060/2185/1635 2638/2178/1635 3714/2263/1635 2692/2272/1635
f 2638/2178/1635 2059/2177/1635 2690/2264/1635 3714/2263/1635
f 2691/2268/1634 3715/2259/1634 2674/2262/1634 2082/2269/1634
f 2067/2181/1634 2645/2174/1634 3715/2259/1634 2691/2268/1634
f 2645/2174/1634 2066/2173/1634 2689/2260/1634 3715/2259/1634
f 2690/2264/1633 3716/2255/1633 2666/2258/1633 2074/2265/1633
f 2059/2177/1633 2637/2170/1633 3716/2255/1633 2690/2264/1633
f 2637/2170/1633 2058/2169/1633 2688/2256/1633 3716/2255/1633
f 2689/2260/1632 3717/2251/1632 2673/2254/1632 2081/2261/1632
f 2066/2173/1632 2644/2166/1632 3717/2251/1632 2689/2260/1632
f 2644/2166/1632 2065/2165/1632 2687/2252/1632 3717/2251/1632
f 2688/2256/1631 3718/2248/1631 2665/2250/1631 2073/2257/1631
f 2058/2169/1631 2636/2162/1631 3718/2248/1631 2688/2256/1631
f 2636/2162/1631 2057/2161/1631 2686/2240/1631 3718/2248/1631
f 2687/2252/1630 3719/2244/1630 2672/2247/1630 2080/2253/1630
f 2065/2165/1630 2643/2218/1630 3719/2244/1630 2687/2252/1630
f 2643/2218/1630 2064/2217/1630 2685/2245/1630 3719/2244/1630
f 3354/2243/1629 2684/3716/1629 2086/3713/1629
f 3354/2243/1629 3352/2242/1629 2684/3716/1629
f 3352/2242/1629 2071/3717/1629 2684/3716/1629
f 2686/2240/1628 3353/3718/1628 2072/2249/1628
f 2686/2240/1628 3351/2239/1628 3353/3718/1628
f 3351/2239/1628 1929/3719/1628 3353/3718/1628
f 2685/2245/1627 3720/2235/1627 2671/2238/1627 2079/2246/1627
f 2064/2217/1627 2642/2210/1627 3720/2235/1627 2685/2245/1627
f 2642/2210/1627 2063/2209/1627 2683/2236/1627 3720/2235/1627
f 2684/3716/1626 3721/2231/1626 2678/2234/1626 2086/3713/1626
f 2071/3717/1626 2649/2206/1626 3721/2231/1626 2684/3716/1626
f 2649/2206/1626 2070/2205/1626 2681/2232/1626 3721/2231/1626
f 2683/2236/1625 3722/2227/1625 2670/2230/1625 2078/2237/1625
f 2063/2209/1625 2641/2202/1625 3722/2227/1625 2683/2236/1625
f 2641/2202/1625 2062/2201/1625 2679/2228/1625 3722/2227/1625
f 2681/2232/1624 3723/2223/1624 2677/2226/1624 2085/2233/1624
f 2070/2205/1624 2648/2198/1624 3723/2223/1624 2681/2232/1624
f 2648/2198/1624 2069/2197/1624 2682/2224/1624 3723/2223/1624
f 2679/2228/1623 3724/2219/1623 2669/2222/1623 2077/2229/1623
f 2062/2201/1623 2640/2194/1623 3724/2219/1623 2679/2228/1623
f 2640/2194/1623 2061/2193/1623 2680/2220/1623 3724/2219/1623
f 2653/2164/1622 3725/2215/1622 2643/2218/1622 2065/2165/1622
f 2050/2137/1622 2614/2131/1622 3725/2215/1622 2653/2164/1622
f 2614/2131/1622 2049/2130/1622 2664/2216/1622 3725/2215/1622
f 3352/2214/1621 2663/3720/1621 2071/3717/1621
f 3352/2214/1621 3350/2213/1621 2663/3720/1621
f 3350/2213/1621 2056/3721/1621 2663/3720/1621
f 2651/2160/1620 3351/3722/1620 2057/2161/1620
f 2651/2160/1620 3349/2211/1620 3351/3722/1620
f 3349/2211/1620 1929/3723/1620 3351/3722/1620
f 2664/2216/1619 3726/2207/1619 2642/2210/1619 2064/2217/1619
f 2049/2130/1619 2613/2122/1619 3726/2207/1619 2664/2216/1619
f 2613/2122/1619 2048/2121/1619 2662/2208/1619 3726/2207/1619
f 2663/3720/1618 3727/2203/1618 2649/2206/1618 2071/3717/1618
f 2056/3721/1618 2620/2118/1618 3727/2203/1618 2663/3720/1618
f 2620/2118/1618 2055/2117/1618 2661/2204/1618 3727/2203/1618
f 2662/2208/1617 3728/2199/1617 2641/2202/1617 2063/2209/1617
f 2048/2121/1617 2612/2114/1617 3728/2199/1617 2662/2208/1617
f 2612/2114/1617 2047/2113/1617 2660/2200/1617 3728/2199/1617
f 2661/2204/1616 3729/2195/1616 2648/2198/1616 2070/2205/1616
f 2055/2117/1616 2619/2110/1616 3729/2195/1616 2661/2204/1616
f 2619/2110/1616 2054/2109/1616 2659/2196/1616 3729/2195/1616
f 2660/2200/1615 3730/2191/1615 2640/2194/1615 2062/2201/1615
f 2047/2113/1615 2611/2106/1615 3730/2191/1615 2660/2200/1615
f 2611/2106/1615 2046/2105/1615 2658/2192/1615 3730/2191/1615
f 2659/2196/1614 3731/2187/1614 2647/2190/1614 2069/2197/1614
f 2054/2109/1614 2618/2102/1614 3731/2187/1614 2659/2196/1614
f 2618/2102/1614 2053/2101/1614 2657/2188/1614 3731/2187/1614
f 2658/2192/1613 3732/2183/1613 2639/2186/1613 2061/2193/1613
f 2046/2105/1613 2610/2158/1613 3732/2183/1613 2658/2192/1613
f 2610/2158/1613 2045/2157/1613 2656/2184/1613 3732/2183/1613
f 2657/2188/1612 3733/2179/1612 2646/2182/1612 2068/2189/1612
f 2053/2101/1612 2617/2154/1612 3733/2179/1612 2657/2188/1612
f 2617/2154/1612 2052/2153/1612 2655/2180/1612 3733/2179/1612
f 2656/2184/1611 3734/2175/1611 2638/2178/1611 2060/2185/1611
f 2045/2157/1611 2609/2150/1611 3734/2175/1611 2656/2184/1611
f 2609/2150/1611 2044/2149/1611 2654/2176/1611 3734/2175/1611
f 2655/2180/1610 3735/2171/1610 2645/2174/1610 2067/2181/1610
f 2052/2153/1610 2616/2146/1610 3735/2171/1610 2655/2180/1610
f 2616/2146/1610 2051/2145/1610 2652/2172/1610 3735/2171/1610
f 2654/2176/1609 3736/2167/1609 2637/2170/1609 2059/2177/1609
f 2044/2149/1609 2608/2142/1609 3736/2167/1609 2654/2176/1609
f 2608/2142/1609 2043/2141/1609 2650/2168/1609 3736/2167/1609
f 2652/2172/1608 3737/2163/1608 2644/2166/1608 2066/2173/1608
f 2051/2145/1608 2615/2138/1608 3737/2163/1608 2652/2172/1608
f 2615/2138/1608 2050/2137/1608 2653/2164/1608 3737/2163/1608
f 2650/2168/1607 3738/2159/1607 2636/2162/1607 2058/2169/1607
f 2043/2141/1607 2607/2134/1607 3738/2159/1607 2650/2168/1607
f 2607/2134/1607 2042/2133/1607 2651/2160/1607 3738/2159/1607
f 2624/2104/1606 3739/2155/1606 2610/2158/1606 2046/2105/1606
f 2031/2080/1606 2581/2073/1606 3739/2155/1606 2624/2104/1606
f 2581/2073/1606 2030/2072/1606 2635/2156/1606 3739/2155/1606
f 2622/2100/1605 3740/2151/1605 2617/2154/1605 2053/2101/1605
f 2038/2076/1605 2588/2069/1605 3740/2151/1605 2622/2100/1605
f 2588/2069/1605 2037/2068/1605 2634/2152/1605 3740/2151/1605
f 2635/2156/1604 3741/2147/1604 2609/2150/1604 2045/2157/1604
f 2030/2072/1604 2580/2065/1604 3741/2147/1604 2635/2156/1604
f 2580/2065/1604 2029/2064/1604 2633/2148/1604 3741/2147/1604
f 2634/2152/1603 3742/2143/1603 2616/2146/1603 2052/2153/1603
f 2037/2068/1603 2587/2061/1603 3742/2143/1603 2634/2152/1603
f 2587/2061/1603 2036/2060/1603 2632/2144/1603 3742/2143/1603
f 2633/2148/1602 3743/2139/1602 2608/2142/1602 2044/2149/1602
f 2029/2064/1602 2579/2057/1602 3743/2139/1602 2633/2148/1602
f 2579/2057/1602 2028/2056/1602 2631/2140/1602 3743/2139/1602
f 2632/2144/1601 3744/2135/1601 2615/2138/1601 2051/2145/1601
f 2036/2060/1601 2586/2053/1601 3744/2135/1601 2632/2144/1601
f 2586/2053/1601 2035/2052/1601 2630/2136/1601 3744/2135/1601
f 2631/2140/1600 3745/2132/1600 2607/2134/1600 2043/2141/1600
f 2028/2056/1600 2578/2049/1600 3745/2132/1600 2631/2140/1600
f 2578/2049/1600 2027/2048/1600 2629/2124/1600 3745/2132/1600
f 2630/2136/1599 3746/2128/1599 2614/2131/1599 2050/2137/1599
f 2035/2052/1599 2585/2045/1599 3746/2128/1599 2630/2136/1599
f 2585/2045/1599 2034/2044/1599 2628/2129/1599 3746/2128/1599
f 3350/2127/1598 2627/3724/1598 2056/3721/1598
f 3350/2127/1598 3348/2126/1598 2627/3724/1598
f 3348/2126/1598 2041/3725/1598 2627/3724/1598
f 2629/2124/1597 3349/3726/1597 2042/2133/1597
f 2629/2124/1597 3347/2123/1597 3349/3726/1597
f 3347/2123/1597 1929/3727/1597 3349/3726/1597
f 2628/2129/1596 3747/2119/1596 2613/2122/1596 2049/2130/1596
f 2034/2044/1596 2584/2097/1596 3747/2119/1596 2628/2129/1596
f 2584/2097/1596 2033/2096/1596 2626/2120/1596 3747/2119/1596
f 2627/3724/1595 3748/2115/1595 2620/2118/1595 2056/3721/1595
f 2041/3725/1595 2591/2093/1595 3748/2115/1595 2627/3724/1595
f 2591/2093/1595 2040/2092/1595 2625/2116/1595 3748/2115/1595
f 2626/2120/1594 3749/2111/1594 2612/2114/1594 2048/2121/1594
f 2033/2096/1594 2583/2089/1594 3749/2111/1594 2626/2120/1594
f 2583/2089/1594 2032/2088/1594 2623/2112/1594 3749/2111/1594
f 2625/2116/1593 3750/2107/1593 2619/2110/1593 2055/2117/1593
f 2040/2092/1593 2590/2085/1593 3750/2107/1593 2625/2116/1593
f 2590/2085/1593 2039/2084/1593 2621/2108/1593 3750/2107/1593
f 2623/2112/1592 3751/2103/1592 2611/2106/1592 2047/2113/1592
f 2032/2088/1592 2582/2081/1592 3751/2103/1592 2623/2112/1592
f 2582/2081/1592 2031/2080/1592 2624/2104/1592 3751/2103/1592
f 2621/2108/1591 3752/2099/1591 2618/2102/1591 2054/2109/1591
f 2039/2084/1591 2589/2077/1591 3752/2099/1591 2621/2108/1591
f 2589/2077/1591 2038/2076/1591 2622/2100/1591 3752/2099/1591
f 2596/2047/1590 3347/3728/1590 2027/2048/1590
f 2596/2047/1590 3345/2098/1590 3347/3728/1590
f 3345/2098/1590 1929/3729/1590 3347/3728/1590
f 2594/2043/1589 3753/2094/1589 2584/2097/1589 2034/2044/1589
f 2019/2018/1589 2555/2010/1589 3753/2094/1589 2594/2043/1589
f 2555/2010/1589 2018/2009/1589 2606/2095/1589 3753/2094/1589
f 2592/3730/1588 3754/2090/1588 2591/2093/1588 2041/3725/1588
f 2026/3731/1588 2562/2006/1588 3754/2090/1588 2592/3730/1588
f 2562/2006/1588 2025/2005/1588 2605/2091/1588 3754/2090/1588
f 2606/2095/1587 3755/2086/1587 2583/2089/1587 2033/2096/1587
f 2018/2009/1587 2554/2002/1587 3755/2086/1587 2606/2095/1587
f 2554/2002/1587 2017/2001/1587 2604/2087/1587 3755/2086/1587
f 2605/2091/1586 3756/2082/1586 2590/2085/1586 2040/2092/1586
f 2025/2005/1586 2561/1998/1586 3756/2082/1586 2605/2091/1586
f 2561/1998/1586 2024/1997/1586 2603/2083/1586 3756/2082/1586
f 2604/2087/1585 3757/2078/1585 2582/2081/1585 2032/2088/1585
f 2017/2001/1585 2553/1994/1585 3757/2078/1585 2604/2087/1585
f 2553/1994/1585 2016/1993/1585 2602/2079/1585 3757/2078/1585
f 2603/2083/1584 3758/2074/1584 2589/2077/1584 2039/2084/1584
f 2024/1997/1584 2560/1990/1584 3758/2074/1584 2603/2083/1584
f 2560/1990/1584 2023/1989/1584 2601/2075/1584 3758/2074/1584
f 2602/2079/1583 3759/2070/1583 2581/2073/1583 2031/2080/1583
f 2016/1993/1583 2552/1986/1583 3759/2070/1583 2602/2079/1583
f 2552/1986/1583 2015/1985/1583 2600/2071/1583 3759/2070/1583
f 2601/2075/1582 3760/2066/1582 2588/2069/1582 2038/2076/1582
f 2023/1989/1582 2559/1982/1582 3760/2066/1582 2601/2075/1582
f 2559/1982/1582 2022/1981/1582 2599/2067/1582 3760/2066/1582
f 2600/2071/1581 3761/2062/1581 2580/2065/1581 2030/2072/1581
f 2015/1985/1581 2551/2038/1581 3761/2062/1581 2600/2071/1581
f 2551/2038/1581 2014/2037/1581 2598/2063/1581 3761/2062/1581
f 2599/2067/1580 3762/2058/1580 2587/2061/1580 2037/2068/1580
f 2022/1981/1580 2558/2034/1580 3762/2058/1580 2599/2067/1580
f 2558/2034/1580 2021/2033/1580 2597/2059/1580 3762/2058/1580
f 2598/2063/1579 3763/2054/1579 2579/2057/1579 2029/2064/1579
f 2014/2037/1579 2550/2030/1579 3763/2054/1579 2598/2063/1579
f 2550/2030/1579 2013/2029/1579 2595/2055/1579 3763/2054/1579
f 2597/2059/1578 3764/2050/1578 2586/2053/1578 2036/2060/1578
f 2021/2033/1578 2557/2026/1578 3764/2050/1578 2597/2059/1578
f 2557/2026/1578 2020/2025/1578 2593/2051/1578 3764/2050/1578
f 2595/2055/1577 3765/2046/1577 2578/2049/1577 2028/2056/1577
f 2013/2029/1577 2549/2022/1577 3765/2046/1577 2595/2055/1577
f 2549/2022/1577 2012/2021/1577 2596/2047/1577 3765/2046/1577
f 2593/2051/1576 3766/2042/1576 2585/2045/1576 2035/2052/1576
f 2020/2025/1576 2556/2019/1576 3766/2042/1576 2593/2051/1576
f 2556/2019/1576 2019/2018/1576 2594/2043/1576 3766/2042/1576
f 3348/2041/1575 2592/3730/1575 2041/3725/1575
f 3348/2041/1575 3346/2040/1575 2592/3730/1575
f 3346/2040/1575 2026/3731/1575 2592/3730/1575
f 2566/1984/1574 3767/2035/1574 2551/2038/1574 2015/1985/1574
f 2000/1957/1574 2522/1950/1574 3767/2035/1574 2566/1984/1574
f 2522/1950/1574 1999/1949/1574 2577/2036/1574 3767/2035/1574
f 2564/1980/1573 3768/2031/1573 2558/2034/1573 2022/1981/1573
f 2007/1953/1573 2529/1946/1573 3768/2031/1573 2564/1980/1573
f 2529/1946/1573 2006/1945/1573 2576/2032/1573 3768/2031/1573
f 2577/2036/1572 3769/2027/1572 2550/2030/1572 2014/2037/1572
f 1999/1949/1572 2521/1942/1572 3769/2027/1572 2577/2036/1572
f 2521/1942/1572 1998/1941/1572 2575/2028/1572 3769/2027/1572
f 2576/2032/1571 3770/2023/1571 2557/2026/1571 2021/2033/1571
f 2006/1945/1571 2528/1938/1571 3770/2023/1571 2576/2032/1571
f 2528/1938/1571 2005/1937/1571 2574/2024/1571 3770/2023/1571
f 2575/2028/1570 3771/2020/1570 2549/2022/1570 2013/2029/1570
f 1998/1941/1570 2520/1934/1570 3771/2020/1570 2575/2028/1570
f 2520/1934/1570 1997/1933/1570 2573/2012/1570 3771/2020/1570
f 2574/2024/1569 3772/2016/1569 2556/2019/1569 2020/2025/1569
f 2005/1937/1569 2527/1931/1569 3772/2016/1569 2574/2024/1569
f 2527/1931/1569 2004/1930/1569 2572/2017/1569 3772/2016/1569
f 3346/2015/1568 2571/3732/1568 2026/3731/1568
f 3346/2015/1568 3344/2014/1568 2571/3732/1568
f 3344/2014/1568 2011/3733/1568 2571/3732/1568
f 2573/2012/2003 3345/3734/2003 2012/2021/2003
f 2573/2012/2003 3343/2011/2003 3345/3734/2003
f 3343/2011/1567 1929/3735/1567 3345/3734/1567
f 2572/2017/1566 3773/2007/1566 2555/2010/1566 2019/2018/1566
f 2004/1930/1566 2526/1922/1566 3773/2007/1566 2572/2017/1566
f 2526/1922/1566 2003/1921/1566 2570/2008/1566 3773/2007/1566
f 2571/3732/1565 3774/2003/1565 2562/2006/1565 2026/3731/1565
f 2011/3733/1565 2533/1978/1565 3774/2003/1565 2571/3732/1565
f 2533/1978/1565 2010/1977/1565 2569/2004/1565 3774/2003/1565
f 2570/2008/1564 3775/1999/1564 2554/2002/1564 2018/2009/1564
f 2003/1921/1564 2525/1974/1564 3775/1999/1564 2570/2008/1564
f 2525/1974/1564 2002/1973/1564 2568/2000/1564 3775/1999/1564
f 2569/2004/1563 3776/1995/1563 2561/1998/1563 2025/2005/1563
f 2010/1977/1563 2532/1970/1563 3776/1995/1563 2569/2004/1563
f 2532/1970/1563 2009/1969/1563 2567/1996/1563 3776/1995/1563
f 2568/2000/1562 3777/1991/1562 2553/1994/1562 2017/2001/1562
f 2002/1973/1562 2524/1966/1562 3777/1991/1562 2568/2000/1562
f 2524/1966/1562 2001/1965/1562 2565/1992/1562 3777/1991/1562
f 2567/1996/1561 3778/1987/1561 2560/1990/1561 2024/1997/1561
f 2009/1969/1561 2531/1962/1561 3778/1987/1561 2567/1996/1561
f 2531/1962/1561 2008/1961/1561 2563/1988/1561 3778/1987/1561
f 2565/1992/1560 3779/1983/1560 2552/1986/1560 2016/1993/1560
f 2001/1965/1560 2523/1958/1560 3779/1983/1560 2565/1992/1560
f 2523/1958/1560 2000/1957/1560 2566/1984/1560 3779/1983/1560
f 2563/1988/1559 3780/1979/1559 2559/1982/1559 2023/1989/1559
f 2008/1961/1559 2530/1954/1559 3780/1979/1559 2563/1988/1559
f 2530/1954/1559 2007/1953/1559 2564/1980/1559 3780/1979/1559
f 2537/3736/1558 3781/1975/1558 2533/1978/1558 2011/3733/1558
f 1996/3737/1558 2504/1890/1558 3781/1975/1558 2537/3736/1558
f 2504/1890/1558 1995/1889/1558 2548/1976/1558 3781/1975/1558
f 2535/1920/1557 3782/1971/1557 2525/1974/1557 2003/1921/1557
f 1988/1893/1557 2496/1886/1557 3782/1971/1557 2535/1920/1557
f 2496/1886/1557 1987/1885/1557 2547/1972/1557 3782/1971/1557
f 2548/1976/1556 3783/1967/1556 2532/1970/1556 2010/1977/1556
f 1995/1889/1556 2503/1882/1556 3783/1967/1556 2548/1976/1556
f 2503/1882/1556 1994/1881/1556 2546/1968/1556 3783/1967/1556
f 2547/1972/1555 3784/1963/1555 2524/1966/1555 2002/1973/1555
f 1987/1885/1555 2495/1878/1555 3784/1963/1555 2547/1972/1555
f 2495/1878/1555 1986/1877/1555 2545/1964/1555 3784/1963/1555
f 2546/1968/1554 3785/1959/1554 2531/1962/1554 2009/1969/1554
f 1994/1881/1554 2502/1874/1554 3785/1959/1554 2546/1968/1554
f 2502/1874/1554 1993/1873/1554 2544/1960/1554 3785/1959/1554
f 2545/1964/1553 3786/1955/1553 2523/1958/1553 2001/1965/1553
f 1986/1877/1553 2494/1870/1553 3786/1955/1553 2545/1964/1553
f 2494/1870/1553 1985/1869/1553 2543/1956/1553 3786/1955/1553
f 2544/1960/1552 3787/1951/1552 2530/1954/1552 2008/1961/1552
f 1993/1873/1552 2501/1866/1552 3787/1951/1552 2544/1960/1552
f 2501/1866/1552 1992/1865/1552 2542/1952/1552 3787/1951/1552
f 2543/1956/1551 3788/1947/1551 2522/1950/1551 2000/1957/1551
f 1985/1869/1551 2493/1862/1551 3788/1947/1551 2543/1956/1551
f 2493/1862/1551 1984/1861/1551 2541/1948/1551 3788/1947/1551
f 2542/1952/1550 3789/1943/1550 2529/1946/1550 2007/1953/1550
f 1992/1865/1550 2500/1918/1550 3789/1943/1550 2542/1952/1550
f 2500/1918/1550 1991/1917/1550 2540/1944/1550 3789/1943/1550
f 2541/1948/1549 3790/1939/1549 2521/1942/1549 1999/1949/1549
f 1984/1861/1549 2492/1914/1549 3790/1939/1549 2541/1948/1549
f 2492/1914/1549 1983/1913/1549 2539/1940/1549 3790/1939/1549
f 2540/1944/1548 3791/1935/1548 2528/1938/1548 2006/1945/1548
f 1991/1917/1548 2499/1910/1548 3791/1935/1548 2540/1944/1548
f 2499/1910/1548 1990/1909/1548 2538/1936/1548 3791/1935/1548
f 2539/1940/1547 3792/1932/1547 2520/1934/1547 1998/1941/1547
f 1983/1913/1547 2491/1906/1547 3792/1932/1547 2539/1940/1547
f 2491/1906/1547 1982/1905/1547 2536/1924/1547 3792/1932/1547
f 2538/1936/2004 3793/1928/2004 2527/1931/2004 2005/1937/2004
f 1990/1909/1546 2498/1903/1546 3793/1928/1546 2538/1936/1546
f 2498/1903/1546 1989/1902/1546 2534/1929/1546 3793/1928/1546
f 3344/1927/1545 2537/3736/1545 2011/3733/1545
f 3344/1927/1545 3342/1926/1545 2537/3736/1545
f 3342/1926/1545 1996/3737/1545 2537/3736/1545
f 2536/1924/1544 3343/3738/1544 1997/1933/1544
f 2536/1924/1544 3341/1923/1544 3343/3738/1544
f 3341/1923/1544 1929/3739/1544 3343/3738/1544
f 2534/1929/1543 3794/1919/1543 2526/1922/1543 2004/1930/1543
f 1989/1902/1543 2497/1894/1543 3794/1919/1543 2534/1929/1543
f 2497/1894/1543 1988/1893/1543 2535/1920/1543 3794/1919/1543
f 2508/1864/1542 3795/1915/1542 2500/1918/1542 1992/1865/1542
f 1977/1837/1542 2471/1830/1542 3795/1915/1542 2508/1864/1542
f 2471/1830/1542 1976/1829/1542 2519/1916/1542 3795/1915/1542
f 2506/1860/1541 3796/1911/1541 2492/1914/1541 1984/1861/1541
f 1969/1833/1541 2463/1826/1541 3796/1911/1541 2506/1860/1541
f 2463/1826/1541 1968/1825/1541 2518/1912/1541 3796/1911/1541
f 2519/1916/1540 3797/1907/1540 2499/1910/1540 1991/1917/1540
f 1976/1829/1540 2470/1822/1540 3797/1907/1540 2519/1916/1540
f 2470/1822/1540 1975/1821/1540 2517/1908/1540 3797/1907/1540
f 2518/1912/1539 3798/1904/1539 2491/1906/1539 1983/1913/1539
f 1968/1825/1539 2462/1818/1539 3798/1904/1539 2518/1912/1539
f 2462/1818/1539 1967/1817/1539 2516/1896/1539 3798/1904/1539
f 2517/1908/1538 3799/1900/1538 2498/1903/1538 1990/1909/1538
f 1975/1821/1538 2469/1815/1538 3799/1900/1538 2517/1908/1538
f 2469/1815/1538 1974/1814/1538 2515/1901/1538 3799/1900/1538
f 3342/1899/1537 2514/3740/1537 1996/3737/1537
f 3342/1899/1537 3340/1898/1537 2514/3740/1537
f 3340/1898/1537 1981/3741/1537 2514/3740/1537
f 2516/1896/1536 3341/3742/1536 1982/1905/1536
f 2516/1896/1536 3339/1895/1536 3341/3742/1536
f 3339/1895/1536 1929/3743/1536 3341/3742/1536
f 2515/1901/1535 3800/1891/1535 2497/1894/1535 1989/1902/1535
f 1974/1814/1535 2468/1806/1535 3800/1891/1535 2515/1901/1535
f 2468/1806/1535 1973/1805/1535 2513/1892/1535 3800/1891/1535
f 2514/3740/1534 3801/1887/1534 2504/1890/1534 1996/3737/1534
f 1981/3741/1534 2475/1802/1534 3801/1887/1534 2514/3740/1534
f 2475/1802/1534 1980/1801/1534 2512/1888/1534 3801/1887/1534
f 2513/1892/1533 3802/1883/1533 2496/1886/1533 1988/1893/1533
f 1973/1805/1533 2467/1858/1533 3802/1883/1533 2513/1892/1533
f 2467/1858/1533 1972/1857/1533 2511/1884/1533 3802/1883/1533
f 2512/1888/1532 3803/1879/1532 2503/1882/1532 1995/1889/1532
f 1980/1801/1532 2474/1854/1532 3803/1879/1532 2512/1888/1532
f 2474/1854/1532 1979/1853/1532 2510/1880/1532 3803/1879/1532
f 2511/1884/1531 3804/1875/1531 2495/1878/1531 1987/1885/1531
f 1972/1857/1531 2466/1850/1531 3804/1875/1531 2511/1884/1531
f 2466/1850/1531 1971/1849/1531 2509/1876/1531 3804/1875/1531
f 2510/1880/1530 3805/1871/1530 2502/1874/1530 1994/1881/1530
f 1979/1853/1530 2473/1846/1530 3805/1871/1530 2510/1880/1530
f 2473/1846/1530 1978/1845/1530 2507/1872/1530 3805/1871/1530
f 2509/1876/1529 3806/1867/1529 2494/1870/1529 1986/1877/1529
f 1971/1849/1529 2465/1842/1529 3806/1867/1529 2509/1876/1529
f 2465/1842/1529 1970/1841/1529 2505/1868/1529 3806/1867/1529
f 2507/1872/1528 3807/1863/1528 2501/1866/1528 1993/1873/1528
f 1978/1845/1528 2472/1838/1528 3807/1863/1528 2507/1872/1528
f 2472/1838/1528 1977/1837/1528 2508/1864/1528 3807/1863/1528
f 2505/1868/1527 3808/1859/1527 2493/1862/1527 1985/1869/1527
f 1970/1841/1527 2464/1834/1527 3808/1859/1527 2505/1868/1527
f 2464/1834/1527 1969/1833/1527 2506/1860/1527 3808/1859/1527
f 2479/1804/1526 3809/1855/1526 2467/1858/1526 1973/1805/1526
f 1958/1777/1526 2438/1770/1526 3809/1855/1526 2479/1804/1526
f 2438/1770/1526 1957/1769/1526 2490/1856/1526 3809/1855/1526
f 2477/1800/1525 3810/1851/1525 2474/1854/1525 1980/1801/1525
f 1965/1773/1525 2445/1766/1525 3810/1851/1525 2477/1800/1525
f 2445/1766/1525 1964/1765/1525 2489/1852/1525 3810/1851/1525
f 2490/1856/1524 3811/1847/1524 2466/1850/1524 1972/1857/1524
f 1957/1769/1524 2437/1762/1524 3811/1847/1524 2490/1856/1524
f 2437/1762/1524 1956/1761/1524 2488/1848/1524 3811/1847/1524
f 2489/1852/1523 3812/1843/1523 2473/1846/1523 1979/1853/1523
f 1964/1765/1523 2444/1758/1523 3812/1843/1523 2489/1852/1523
f 2444/1758/1523 1963/1757/1523 2487/1844/1523 3812/1843/1523
f 2488/1848/1522 3813/1839/1522 2465/1842/1522 1971/1849/1522
f 1956/1761/1522 2436/1754/1522 3813/1839/1522 2488/1848/1522
f 2436/1754/1522 1955/1753/1522 2486/1840/1522 3813/1839/1522
f 2487/1844/1521 3814/1835/1521 2472/1838/1521 1978/1845/1521
f 1963/1757/1521 2443/1750/1521 3814/1835/1521 2487/1844/1521
f 2443/1750/1521 1962/1749/1521 2485/1836/1521 3814/1835/1521
f 2486/1840/1520 3815/1831/1520 2464/1834/1520 1970/1841/1520
f 1955/1753/1520 2435/1746/1520 3815/1831/1520 2486/1840/1520
f 2435/1746/1520 1954/1745/1520 2484/1832/1520 3815/1831/1520
f 2485/1836/1519 3816/1827/1519 2471/1830/1519 1977/1837/1519
f 1962/1749/1519 2442/1742/1519 3816/1827/1519 2485/1836/1519
f 2442/1742/1519 1961/1741/1519 2483/1828/1519 3816/1827/1519
f 2484/1832/1518 3817/1823/1518 2463/1826/1518 1969/1833/1518
f 1954/1745/1518 2434/1798/1518 3817/1823/1518 2484/1832/1518
f 2434/1798/1518 1953/1797/1518 2482/1824/1518 3817/1823/1518
f 2483/1828/1517 3818/1819/1517 2470/1822/1517 1976/1829/1517
f 1961/1741/1517 2441/1794/1517 3818/1819/1517 2483/1828/1517
f 2441/1794/1517 1960/1793/1517 2481/1820/1517 3818/1819/1517
f 2482/1824/1516 3819/1816/1516 2462/1818/1516 1968/1825/1516
f 1953/1797/1516 2433/1790/1516 3819/1816/1516 2482/1824/1516
f 2433/1790/1516 1952/1789/1516 2480/1808/1516 3819/1816/1516
f 2481/1820/1515 3820/1812/1515 2469/1815/1515 1975/1821/1515
f 1960/1793/1515 2440/1787/1515 3820/1812/1515 2481/1820/1515
f 2440/1787/1515 1959/1786/1515 2478/1813/1515 3820/1812/1515
f 3340/1811/1514 2476/3744/1514 1981/3741/1514
f 3340/1811/1514 3338/1810/1514 2476/3744/1514
f 3338/1810/1514 1966/3745/1514 2476/3744/1514
f 2480/1808/1513 3339/3746/1513 1967/1817/1513
f 2480/1808/1513 3337/1807/1513 3339/3746/1513
f 3337/1807/1513 1929/3747/1513 3339/3746/1513
f 2478/1813/1512 3821/1803/1512 2468/1806/1512 1974/1814/1512
f 1959/1786/1512 2439/1778/1512 3821/1803/1512 2478/1813/1512
f 2439/1778/1512 1958/1777/1512 2479/1804/1512 3821/1803/1512
f 2476/3744/1511 3822/1799/1511 2475/1802/1511 1981/3741/1511
f 1966/3745/1511 2446/1774/1511 3822/1799/1511 2476/3744/1511
f 2446/1774/1511 1965/1773/1511 2477/1800/1511 3822/1799/1511
f 2450/1744/1510 3823/1795/1510 2434/1798/1510 1954/1745/1510
f 1939/1737/1510 2414/1730/1510 3823/1795/1510 2450/1744/1510
f 2414/1730/1510 1938/1729/1510 2461/1796/1510 3823/1795/1510
f 2448/1740/1509 3824/1791/1509 2441/1794/1509 1961/1741/1509
f 1946/1733/1509 2421/1726/1509 3824/1791/1509 2448/1740/1509
f 2421/1726/1509 1945/1725/1509 2460/1792/1509 3824/1791/1509
f 2461/1796/1508 3825/1788/1508 2433/1790/1508 1953/1797/1508
f 1938/1729/1508 2413/1722/1508 3825/1788/1508 2461/1796/1508
f 2413/1722/1508 1937/1721/1508 2459/1780/1508 3825/1788/1508
f 2460/1792/1507 3826/1784/1507 2440/1787/1507 1960/1793/1507
f 1945/1725/1507 2420/1719/1507 3826/1784/1507 2460/1792/1507
f 2420/1719/1507 1944/1718/1507 2458/1785/1507 3826/1784/1507
f 3338/1783/1506 2457/3748/1506 1966/3745/1506
f 3338/1783/1506 3327/1782/1506 2457/3748/1506
f 3327/1782/1506 1951/3749/1506 2457/3748/1506
f 2459/1780/1505 3337/3750/1505 1952/1789/1505
f 2459/1780/1505 3326/1779/1505 3337/3750/1505
f 3326/1779/1505 1929/3751/1505 3337/3750/1505
f 2458/1785/1504 3827/1775/1504 2439/1778/1504 1959/1786/1504
f 1944/1718/1504 2419/1709/1504 3827/1775/1504 2458/1785/1504
f 2419/1709/1504 1943/1708/1504 2456/1776/1504 3827/1775/1504
f 2457/3748/1503 3828/1771/1503 2446/1774/1503 1966/3745/1503
f 1951/3749/1503 2426/1705/1503 3828/1771/1503 2457/3748/1503
f 2426/1705/1503 1950/1704/1503 2455/1772/1503 3828/1771/1503
f 2456/1776/1502 3829/1767/1502 2438/1770/1502 1958/1777/1502
f 1943/1708/1502 2418/1701/1502 3829/1767/1502 2456/1776/1502
f 2418/1701/1502 1942/1700/1502 2454/1768/1502 3829/1767/1502
f 2455/1772/1501 3830/1763/1501 2445/1766/1501 1965/1773/1501
f 1950/1704/1501 2425/1697/1501 3830/1763/1501 2455/1772/1501
f 2425/1697/1501 1949/1696/1501 2453/1764/1501 3830/1763/1501
f 2454/1768/1500 3831/1759/1500 2437/1762/1500 1957/1769/1500
f 1942/1700/1500 2417/1693/1500 3831/1759/1500 2454/1768/1500
f 2417/1693/1500 1941/1692/1500 2452/1760/1500 3831/1759/1500
f 2453/1764/1499 3832/1755/1499 2444/1758/1499 1964/1765/1499
f 1949/1696/1499 2424/1689/1499 3832/1755/1499 2453/1764/1499
f 2424/1689/1499 1948/1688/1499 2451/1756/1499 3832/1755/1499
f 2452/1760/1498 3833/1751/1498 2436/1754/1498 1956/1761/1498
f 1941/1692/1498 2416/1685/1498 3833/1751/1498 2452/1760/1498
f 2416/1685/1498 1940/1684/1498 2449/1752/1498 3833/1751/1498
f 2451/1756/1497 3834/1747/1497 2443/1750/1497 1963/1757/1497
f 1948/1688/1497 2423/1681/1497 3834/1747/1497 2451/1756/1497
f 2423/1681/1497 1947/1680/1497 2447/1748/1497 3834/1747/1497
f 2449/1752/1496 3835/1743/1496 2435/1746/1496 1955/1753/1496
f 1940/1684/1496 2415/1738/1496 3835/1743/1496 2449/1752/1496
f 2415/1738/1496 1939/1737/1496 2450/1744/1496 3835/1743/1496
f 2447/1748/1495 3836/1739/1495 2442/1742/1495 1962/1749/1495
f 1947/1680/1495 2422/1734/1495 3836/1739/1495 2447/1748/1495
f 2422/1734/1495 1946/1733/1495 2448/1740/1495 3836/1739/1495
f 3329/1683/1494 3837/1735/1494 2415/1738/1494 1940/1684/1494
f 2404/3542/1494 3318/3594/1494 3837/1735/1494 3329/1683/1494
f 3318/3594/1494 1930/3593/1494 2432/1736/1494 3837/1735/1494
f 2427/1679/1493 3838/1731/1493 2422/1734/1493 1947/1680/1493
f 1935/3597/1493 3323/3590/1493 3838/1731/1493 2427/1679/1493
f 3323/3590/1493 2406/3589/1493 3336/1732/1493 3838/1731/1493
f 2432/1736/1492 3839/1727/1492 2414/1730/1492 1939/1737/1492
f 1930/3593/1492 3317/3586/1492 3839/1727/1492 2432/1736/1492
f 3317/3586/1492 2403/3585/1492 3335/1728/1492 3839/1727/1492
f 3336/1732/1491 3840/1723/1491 2421/1726/1491 1946/1733/1491
f 2406/3589/1491 3322/3582/1491 3840/1723/1491 3336/1732/1491
f 3322/3582/1491 1934/3581/1491 2431/1724/1491 3840/1723/1491
f 3335/1728/1490 3841/1720/1490 2413/1722/1490 1938/1729/1490
f 2403/3585/1490 3303/3578/1490 3841/1720/1490 3335/1728/1490
f 3303/3578/1490 2402/1710/1490 3334/1712/1490 3841/1720/1490
f 2431/1724/1489 3842/1716/1489 2420/1719/1489 1945/1725/1489
f 1934/3581/1489 2412/3576/1489 3842/1716/1489 2431/1724/1489
f 2412/3576/1489 1933/3575/1489 2430/1717/1489 3842/1716/1489
f 3327/1715/1488 3333/3752/1488 1951/3749/1488
f 3327/1715/1488 3325/1714/1488 3333/3752/1488
f 3325/1714/1488 2410/3600/1488 3333/3752/1488
f 3334/1712/1487 3326/3753/1487 1937/1721/1487
f 3334/1712/1487 3316/1711/1487 3326/3753/1487
f 3316/1711/1487 1929/3754/1487 3326/3753/1487
f 2430/1717/1486 3843/1706/1486 2419/1709/1486 1944/1718/1486
f 1933/3575/1486 2411/3567/1486 3843/1706/1486 2430/1717/1486
f 2411/3567/1486 1932/3566/1486 2429/1707/1486 3843/1706/1486
f 3333/3752/1485 3844/1702/1485 2426/1705/1485 1951/3749/1485
f 2410/3600/1485 3306/3563/1485 3844/1702/1485 3333/3752/1485
f 3306/3563/1485 2409/3562/1485 3332/1703/1485 3844/1702/1485
f 2429/1707/1484 3845/1698/1484 2418/1701/1484 1943/1708/1484
f 1932/3566/1484 3321/3559/1484 3845/1698/1484 2429/1707/1484
f 3321/3559/1484 2405/3558/1484 3331/1699/1484 3845/1698/1484
f 3332/1703/1483 3846/1694/1483 2425/1697/1483 1950/1704/1483
f 2409/3562/1483 3305/3555/1483 3846/1694/1483 3332/1703/1483
f 3305/3555/1483 2408/3554/1483 3330/1695/1483 3846/1694/1483
f 3331/1699/1482 3847/1690/1482 2417/1693/1482 1942/1700/1482
f 2405/3558/1482 3320/3551/1482 3847/1690/1482 3331/1699/1482
f 3320/3551/1482 1931/3550/1482 2428/1691/1482 3847/1690/1482
f 3330/1695/1481 3848/1686/1481 2424/1689/1481 1949/1696/1481
f 2408/3554/1481 3304/3547/1481 3848/1686/1481 3330/1695/1481
f 3304/3547/1481 2407/3546/1481 3328/1687/1481 3848/1686/1481
f 2428/1691/1480 3849/1682/1480 2416/1685/1480 1941/1692/1480
f 1931/3550/1480 3319/3543/1480 3849/1682/1480 2428/1691/1480
f 3319/3543/1480 2404/3542/1480 3329/1683/1480 3849/1682/1480
f 3328/1687/1479 3850/1678/1479 2423/1681/1479 1948/1688/1479
f 2407/3546/1479 3324/3598/1479 3850/1678/1479 3328/1687/1479
f 3324/3598/1479 1935/3597/1479 2427/1679/1479 3850/1678/1479
o Sphere.001
v -0.574383 1.027112 0.000000
v -0.570831 1.022815 -0.112565
v -0.565018 1.015780 -0.168466
v -0.557422 1.006588 -0.198719
v -0.553311 1.001613 -0.202612
v -0.549200 0.996639 -0.198719
v -0.541604 0.987447 -0.168466
v -0.532239 0.976114 0.000000
v -0.568015 1.031550 -0.038768
v -0.561082 1.034837 -0.076046
v -0.553851 1.036848 -0.110402
v -0.546598 1.037504 -0.140515
v -0.539604 1.036781 -0.165229
v -0.533136 1.034707 -0.183592
v -0.527444 1.031361 -0.194900
v -0.522746 1.026872 -0.198719
v -0.519222 1.021412 -0.194900
v -0.517009 1.015191 -0.183592
v -0.516190 1.008448 -0.165229
v -0.516798 1.001443 -0.140515
v -0.518809 0.994444 -0.110402
v -0.522146 0.987721 -0.076046
v -0.526681 0.981532 -0.038768
v -0.562281 1.036288 -0.036519
v -0.549835 1.044132 -0.071634
v -0.537522 1.050341 -0.103997
v -0.525816 1.054678 -0.132363
v -0.515167 1.056976 -0.155642
v -0.505983 1.057146 -0.172940
v -0.498619 1.055182 -0.183592
v -0.493356 1.051159 -0.187189
v -0.490397 1.045233 -0.183592
v -0.489856 1.037630 -0.172940
v -0.491753 1.028643 -0.155642
v -0.496016 1.018617 -0.132363
v -0.502481 1.007938 -0.103997
v -0.510899 0.997016 -0.071634
v -0.520947 0.986270 -0.036519
v -0.556997 1.040655 -0.032866
v -0.539469 1.052698 -0.064469
v -0.522474 1.062777 -0.093594
v -0.506663 1.070506 -0.119123
v -0.492646 1.075587 -0.140074
v -0.480959 1.077826 -0.155642
v -0.472053 1.077135 -0.165229
v -0.466269 1.073543 -0.168466
v -0.463831 1.067186 -0.165229
v -0.464831 1.058310 -0.155642
v -0.469232 1.047254 -0.140074
v -0.476863 1.034445 -0.119123
v -0.487432 1.020374 -0.093594
v -0.500533 1.005582 -0.064469
v -0.515663 0.990637 -0.032866
v -0.552365 1.044483 -0.027950
v -0.530384 1.060206 -0.054826
v -0.509284 1.073677 -0.079595
v -0.489876 1.084379 -0.101306
v -0.472906 1.091900 -0.119123
v -0.459025 1.095952 -0.132363
v -0.448768 1.096378 -0.140515
v -0.442528 1.093162 -0.143268
v -0.440546 1.086429 -0.140515
v -0.442897 1.076436 -0.132363
v -0.449492 1.063567 -0.119123
v -0.460075 1.048318 -0.101306
v -0.474243 1.031274 -0.079595
v -0.491448 1.013090 -0.054826
v -0.511031 0.994465 -0.027950
v -0.548564 1.047624 -0.021960
v -0.522928 1.066367 -0.043077
v -0.498459 1.082622 -0.062538
v -0.476099 1.095764 -0.079596
v -0.456705 1.105288 -0.093594
v -0.441024 1.110827 -0.103997
v -0.429658 1.112170 -0.110402
v -0.423044 1.109264 -0.112565
v -0.421436 1.102221 -0.110402
v -0.424896 1.091311 -0.103997
v -0.433291 1.076955 -0.093594
v -0.446298 1.059703 -0.079596
v -0.463418 1.040219 -0.062538
v -0.483992 1.019251 -0.043077
v -0.507230 0.997606 -0.021960
v -0.545740 1.049958 -0.015126
v -0.517388 1.070946 -0.029672
v -0.490416 1.089269 -0.043077
v -0.465861 1.104224 -0.054826
v -0.444667 1.115236 -0.064469
v -0.427648 1.121881 -0.071634
v -0.415459 1.123904 -0.076046
v -0.408567 1.121228 -0.077536
v -0.407237 1.113955 -0.076046
v -0.411521 1.102365 -0.071634
v -0.421253 1.086903 -0.064469
v -0.436061 1.068163 -0.054826
v -0.455374 1.046866 -0.043077
v -0.478451 1.023830 -0.029672
v -0.504405 0.999940 -0.015126
v -0.544000 1.051395 -0.007711
v -0.513976 1.073765 -0.015126
v -0.485463 1.093363 -0.021960
v -0.459557 1.109434 -0.027950
v -0.437254 1.121362 -0.032866
v -0.419412 1.128688 -0.036519
v -0.406715 1.131130 -0.038768
v -0.399651 1.128595 -0.039527
v -0.398493 1.121181 -0.038768
v -0.403284 1.109172 -0.036519
v -0.413840 1.093029 -0.032866
v -0.429757 1.073373 -0.027950
v -0.450421 1.050959 -0.021960
v -0.475040 1.026649 -0.015126
v -0.502666 1.001377 -0.007711
v -0.543413 1.051881 0.000000
v -0.512824 1.074717 0.000000
v -0.483790 1.094745 0.000000
v -0.457429 1.111193 0.000000
v -0.434751 1.123430 0.000000
v -0.416631 1.130986 0.000000
v -0.403762 1.133570 0.000000
v -0.396641 1.131083 0.000000
v -0.395540 1.123621 0.000000
v -0.400503 1.111470 0.000000
v -0.411337 1.095097 0.000000
v -0.427628 1.075132 0.000000
v -0.448749 1.052341 0.000000
v -0.473888 1.027601 0.000000
v -0.502079 1.001863 0.000000
v -0.544000 1.051395 0.007712
v -0.513976 1.073765 0.015127
v -0.485463 1.093363 0.021961
v -0.459557 1.109434 0.027950
v -0.437254 1.121362 0.032866
v -0.419412 1.128688 0.036519
v -0.406715 1.131130 0.038768
v -0.399651 1.128595 0.039528
v -0.398493 1.121181 0.038768
v -0.403284 1.109172 0.036519
v -0.413840 1.093029 0.032866
v -0.429757 1.073373 0.027950
v -0.450421 1.050959 0.021961
v -0.475040 1.026649 0.015127
v -0.502666 1.001377 0.007712
v -0.545740 1.049958 0.015127
v -0.517388 1.070946 0.029672
v -0.490416 1.089269 0.043077
v -0.465861 1.104224 0.054827
v -0.444667 1.115236 0.064469
v -0.427648 1.121881 0.071634
v -0.415459 1.123904 0.076047
v -0.408567 1.121228 0.077536
v -0.407237 1.113955 0.076047
v -0.411521 1.102365 0.071634
v -0.421253 1.086903 0.064469
v -0.436061 1.068163 0.054827
v -0.455374 1.046866 0.043077
v -0.478451 1.023830 0.029672
v -0.504405 0.999940 0.015127
v -0.548564 1.047624 0.021961
v -0.522928 1.066367 0.043077
v -0.498459 1.082622 0.062538
v -0.476099 1.095764 0.079596
v -0.456705 1.105288 0.093595
v -0.441024 1.110827 0.103997
v -0.429658 1.112170 0.110402
v -0.423045 1.109264 0.112565
v -0.421437 1.102221 0.110402
v -0.424896 1.091311 0.103997
v -0.433291 1.076955 0.093595
v -0.446298 1.059703 0.079596
v -0.463418 1.040219 0.062538
v -0.483992 1.019251 0.043077
v -0.507230 0.997606 0.021961
v -0.552365 1.044483 0.027950
v -0.530384 1.060206 0.054827
v -0.509284 1.073677 0.079596
v -0.489876 1.084379 0.101306
v -0.472906 1.091900 0.119123
v -0.459025 1.095952 0.132363
v -0.448768 1.096378 0.140516
v -0.442528 1.093162 0.143269
v -0.440546 1.086429 0.140516
v -0.442897 1.076436 0.132363
v -0.449492 1.063567 0.119123
v -0.460076 1.048318 0.101306
v -0.474243 1.031274 0.079596
v -0.491448 1.013090 0.054827
v -0.511031 0.994465 0.027950
v -0.556997 1.040655 0.032866
v -0.539469 1.052698 0.064469
v -0.522474 1.062777 0.093595
v -0.506664 1.070506 0.119123
v -0.492646 1.075587 0.140074
v -0.480959 1.077826 0.155642
v -0.472053 1.077135 0.165229
v -0.466270 1.073543 0.168466
v -0.463831 1.067186 0.165229
v -0.464831 1.058310 0.155642
v -0.469232 1.047254 0.140074
v -0.476863 1.034445 0.119123
v -0.487432 1.020374 0.093595
v -0.500533 1.005582 0.064469
v -0.515663 0.990637 0.032866
v -0.562281 1.036288 0.036519
v -0.549835 1.044132 0.071634
v -0.537522 1.050341 0.103997
v -0.525816 1.054678 0.132363
v -0.515167 1.056976 0.155642
v -0.505983 1.057146 0.172940
v -0.498619 1.055182 0.183592
v -0.493356 1.051159 0.187189
v -0.490397 1.045233 0.183592
v -0.489856 1.037630 0.172940
v -0.491753 1.028643 0.155642
v -0.496016 1.018617 0.132363
v -0.502481 1.007938 0.103997
v -0.510899 0.997016 0.071634
v -0.520947 0.986270 0.036519
v -0.568015 1.031550 0.038768
v -0.561082 1.034837 0.076047
v -0.553851 1.036848 0.110402
v -0.546598 1.037504 0.140516
v -0.539604 1.036781 0.165229
v -0.533136 1.034707 0.183592
v -0.527444 1.031361 0.194901
v -0.522746 1.026872 0.198719
v -0.519222 1.021412 0.194901
v -0.517009 1.015191 0.183592
v -0.516190 1.008448 0.165229
v -0.516798 1.001443 0.140516
v -0.518809 0.994444 0.110402
v -0.522146 0.987721 0.076047
v -0.526681 0.981532 0.038768
v -0.573978 1.026622 0.039528
v -0.572779 1.025171 0.077536
v -0.570831 1.022815 0.112565
v -0.568211 1.019644 0.143269
v -0.565018 1.015780 0.168466
v -0.561375 1.011371 0.187189
v -0.557422 1.006588 0.198719
v -0.553311 1.001613 0.202612
v -0.549200 0.996639 0.198719
v -0.545247 0.991855 0.187189
v -0.541604 0.987447 0.168466
v -0.538410 0.983583 0.143269
v -0.535790 0.980412 0.112565
v -0.533843 0.978055 0.077536
v -0.532643 0.976604 0.039528
v -0.579941 1.021695 0.038768
v -0.584475 1.015505 0.076047
v -0.587812 1.008782 0.110402
v -0.589823 1.001784 0.140516
v -0.590431 0.994778 0.165229
v -0.589613 0.988036 0.183592
v -0.587399 0.981815 0.194901
v -0.583875 0.976355 0.198719
v -0.579177 0.971866 0.194901
v -0.573485 0.968520 0.183592
v -0.567017 0.966445 0.165229
v -0.560023 0.965723 0.140516
v -0.552771 0.966379 0.110402
v -0.545539 0.968389 0.076047
v -0.538606 0.971677 0.038768
v -0.585674 1.016956 0.036519
v -0.595722 1.006211 0.071634
v -0.604141 0.995289 0.103997
v -0.610605 0.984610 0.132363
v -0.614868 0.974584 0.155642
v -0.616766 0.965597 0.172940
v -0.616225 0.957994 0.183592
v -0.613266 0.952067 0.187189
v -0.608003 0.948045 0.183592
v -0.600638 0.946081 0.172940
v -0.591454 0.946251 0.155642
v -0.580805 0.948549 0.132363
v -0.569099 0.952885 0.103997
v -0.556786 0.959095 0.071634
v -0.544340 0.966938 0.036519
v -0.590959 1.012590 0.032866
v -0.606088 0.997645 0.064469
v -0.619189 0.982853 0.093595
v -0.629758 0.968782 0.119123
v -0.637390 0.955973 0.140074
v -0.641790 0.944917 0.155642
v -0.642790 0.936041 0.165229
v -0.640352 0.929684 0.168466
v -0.634568 0.926091 0.165229
v -0.625662 0.925401 0.155642
v -0.613976 0.927640 0.140074
v -0.599958 0.932721 0.119123
v -0.584147 0.940450 0.093595
v -0.567152 0.950529 0.064469
v -0.549624 0.962572 0.032866
v -0.595590 1.008762 0.027950
v -0.615173 0.990137 0.054827
v -0.632379 0.971953 0.079596
v -0.646546 0.954909 0.101306
v -0.657130 0.939660 0.119123
v -0.663724 0.926791 0.132363
v -0.666075 0.916798 0.140516
v -0.664093 0.910064 0.143268
v -0.657853 0.906849 0.140516
v -0.647596 0.907275 0.132363
v -0.633716 0.911327 0.119123
v -0.616745 0.918848 0.101306
v -0.597337 0.929550 0.079596
v -0.576237 0.943021 0.054827
v -0.554256 0.958744 0.027950
v -0.599391 1.005621 0.021961
v -0.622629 0.983975 0.043077
v -0.643203 0.963008 0.062538
v -0.660323 0.943524 0.079596
v -0.673330 0.926272 0.093595
v -0.681725 0.911916 0.103997
v -0.685185 0.901006 0.110402
v -0.683577 0.893963 0.112565
v -0.676963 0.891057 0.110402
v -0.665597 0.892399 0.103997
v -0.649916 0.897939 0.093595
v -0.630523 0.907463 0.079596
v -0.608162 0.920604 0.062538
v -0.583693 0.936859 0.043077
v -0.558057 0.955603 0.021961
v -0.602216 1.003287 0.015127
v -0.628170 0.979397 0.029672
v -0.651247 0.956361 0.043077
v -0.670560 0.935064 0.054827
v -0.685368 0.916324 0.064469
v -0.695101 0.900862 0.071634
v -0.699384 0.889272 0.076047
v -0.698055 0.881999 0.077536
v -0.691162 0.879323 0.076047
v -0.678973 0.881346 0.071634
v -0.661954 0.887991 0.064469
v -0.640760 0.899003 0.054827
v -0.616205 0.913957 0.043077
v -0.589234 0.932281 0.029672
v -0.560882 0.953269 0.015127
v -0.603955 1.001849 0.007712
v -0.631582 0.976577 0.015127
v -0.656200 0.952268 0.021960
v -0.676864 0.929854 0.027950
v -0.692781 0.910198 0.032866
v -0.703337 0.894055 0.036519
v -0.708128 0.882046 0.038768
v -0.706970 0.874631 0.039528
v -0.699907 0.872097 0.038768
v -0.687209 0.874539 0.036519
v -0.669367 0.881865 0.032866
v -0.647064 0.893793 0.027950
v -0.621158 0.909864 0.021960
v -0.592646 0.929461 0.015127
v -0.562621 0.951831 0.007712
v -0.604542 1.001364 0.000000
v -0.632734 0.975625 0.000000
v -0.657872 0.950885 0.000000
v -0.678993 0.928095 0.000000
v -0.695284 0.908130 0.000000
v -0.706119 0.891757 0.000000
v -0.711081 0.879606 0.000000
v -0.709980 0.872144 0.000000
v -0.702859 0.869657 0.000000
v -0.689991 0.872241 0.000000
v -0.671870 0.879797 0.000000
v -0.649193 0.892034 0.000000
v -0.622831 0.908482 0.000000
v -0.593798 0.928509 0.000000
v -0.563208 0.951346 0.000000
v -0.603955 1.001849 -0.007711
v -0.631582 0.976577 -0.015126
v -0.656200 0.952268 -0.021960
v -0.676864 0.929854 -0.027950
v -0.692781 0.910198 -0.032866
v -0.703337 0.894055 -0.036519
v -0.708128 0.882046 -0.038768
v -0.706970 0.874631 -0.039528
v -0.699907 0.872097 -0.038768
v -0.687209 0.874539 -0.036519
v -0.669367 0.881865 -0.032866
v -0.647064 0.893793 -0.027950
v -0.621158 0.909864 -0.021960
v -0.592646 0.929461 -0.015126
v -0.562621 0.951831 -0.007711
v -0.602216 1.003287 -0.015126
v -0.628170 0.979397 -0.029672
v -0.651247 0.956361 -0.043077
v -0.670560 0.935064 -0.054826
v -0.685368 0.916324 -0.064469
v -0.695101 0.900862 -0.071634
v -0.699384 0.889272 -0.076046
v -0.698055 0.881999 -0.077536
v -0.691162 0.879323 -0.076046
v -0.678973 0.881346 -0.071634
v -0.661954 0.887991 -0.064469
v -0.640760 0.899003 -0.054826
v -0.616205 0.913957 -0.043077
v -0.589234 0.932281 -0.029672
v -0.560882 0.953269 -0.015126
v -0.599391 1.005621 -0.021960
v -0.622629 0.983975 -0.043077
v -0.643203 0.963008 -0.062538
v -0.660323 0.943524 -0.079596
v -0.673330 0.926272 -0.093594
v -0.681725 0.911916 -0.103997
v -0.685185 0.901006 -0.110402
v -0.683577 0.893963 -0.112565
v -0.676963 0.891057 -0.110402
v -0.665597 0.892399 -0.103997
v -0.649916 0.897939 -0.093594
v -0.630523 0.907463 -0.079596
v -0.608162 0.920605 -0.062538
v -0.583693 0.936859 -0.043077
v -0.558057 0.955603 -0.021960
v -0.595590 1.008762 -0.027950
v -0.615173 0.990137 -0.054826
v -0.632379 0.971953 -0.079595
v -0.646546 0.954909 -0.101306
v -0.657130 0.939660 -0.119123
v -0.663724 0.926791 -0.132363
v -0.666075 0.916798 -0.140515
v -0.664093 0.910065 -0.143268
v -0.657853 0.906849 -0.140515
v -0.647596 0.907275 -0.132363
v -0.633716 0.911327 -0.119123
v -0.616745 0.918848 -0.101306
v -0.597337 0.929550 -0.079595
v -0.576237 0.943021 -0.054826
v -0.554256 0.958744 -0.027950
v -0.590959 1.012590 -0.032866
v -0.606088 0.997645 -0.064469
v -0.619189 0.982853 -0.093594
v -0.629758 0.968782 -0.119123
v -0.637390 0.955973 -0.140074
v -0.641790 0.944917 -0.155642
v -0.642790 0.936041 -0.165229
v -0.640352 0.929684 -0.168466
v -0.634568 0.926091 -0.165229
v -0.625662 0.925401 -0.155642
v -0.613976 0.927640 -0.140074
v -0.599958 0.932721 -0.119123
v -0.584147 0.940450 -0.093594
v -0.567152 0.950529 -0.064469
v -0.549624 0.962572 -0.032866
v -0.585674 1.016956 -0.036519
v -0.595722 1.006211 -0.071634
v -0.604141 0.995289 -0.103997
v -0.610605 0.984610 -0.132363
v -0.614868 0.974584 -0.155642
v -0.616766 0.965597 -0.172940
v -0.616224 0.957994 -0.183592
v -0.613265 0.952068 -0.187189
v -0.608003 0.948045 -0.183592
v -0.600638 0.946081 -0.172940
v -0.591454 0.946251 -0.155642
v -0.580805 0.948549 -0.132363
v -0.569099 0.952886 -0.103997
v -0.556786 0.959095 -0.071634
v -0.544340 0.966938 -0.036519
v -0.579941 1.021695 -0.038768
v -0.584475 1.015505 -0.076046
v -0.587812 1.008782 -0.110402
v -0.589823 1.001784 -0.140515
v -0.590431 0.994778 -0.165229
v -0.589613 0.988036 -0.183592
v -0.587399 0.981815 -0.194900
v -0.583875 0.976355 -0.198719
v -0.579177 0.971866 -0.194900
v -0.573485 0.968520 -0.183592
v -0.567017 0.966445 -0.165229
v -0.560023 0.965723 -0.140515
v -0.552771 0.966379 -0.110402
v -0.545539 0.968389 -0.076046
v -0.538606 0.971677 -0.038768
v -0.573978 1.026622 -0.039527
v -0.572779 1.025171 -0.077536
v -0.568211 1.019644 -0.143268
v -0.561375 1.011371 -0.187189
v -0.545247 0.991855 -0.187189
v -0.538410 0.983583 -0.143268
v -0.535790 0.980412 -0.112565
v -0.533843 0.978055 -0.077536
v -0.532643 0.976604 -0.039527
vn 0.6394 -0.7437 -0.1951
vn -0.6099 0.7681 -0.1951
vn 0.6414 -0.7557 -0.1328
vn -0.5869 0.7552 -0.2920
vn 0.6412 -0.7625 -0.0869
vn -0.5245 0.7077 -0.4734
vn 0.6400 -0.7668 -0.0495
vn -0.2633 0.4502 -0.8532
vn -0.6357 0.7718 -0.0161
vn 0.6382 -0.7697 -0.0161
vn 0.3925 -0.3434 -0.8532
vn -0.6325 0.7730 -0.0495
vn 0.5962 -0.6484 -0.4734
vn -0.6280 0.7733 -0.0869
vn 0.6311 -0.7187 -0.2920
vn -0.6213 0.7723 -0.1328
vn 0.6744 -0.6828 -0.2808
vn -0.6016 0.7886 -0.1277
vn 0.6684 -0.7198 -0.1876
vn -0.5809 0.7920 -0.1876
vn 0.6611 -0.7394 -0.1277
vn -0.5435 0.7910 -0.2808
vn 0.6541 -0.7518 -0.0836
vn -0.4542 0.7658 -0.4552
vn 0.6473 -0.7607 -0.0476
vn -0.1367 0.5549 -0.8206
vn -0.6333 0.7737 -0.0155
vn 0.6405 -0.7678 -0.0155
vn 0.5192 -0.2388 -0.8206
vn -0.6251 0.7791 -0.0476
vn 0.6665 -0.5904 -0.4552
vn -0.6151 0.7840 -0.0836
vn 0.6542 -0.7550 -0.0438
vn -0.0173 0.6538 -0.7565
vn -0.6311 0.7756 -0.0142
vn 0.6428 -0.7659 -0.0142
vn 0.6388 -0.1402 -0.7565
vn -0.6182 0.7848 -0.0438
vn 0.7328 -0.5357 -0.4196
vn -0.6029 0.7941 -0.0770
vn 0.7153 -0.6491 -0.2588
vn -0.5830 0.8039 -0.1177
vn 0.6957 -0.6972 -0.1729
vn -0.5537 0.8146 -0.1729
vn 0.6797 -0.7240 -0.1177
vn -0.5027 0.8248 -0.2588
vn 0.6662 -0.7418 -0.0770
vn -0.3881 0.8206 -0.4196
vn -0.5663 0.8177 -0.1031
vn 0.7203 -0.6770 -0.1515
vn -0.5291 0.8349 -0.1515
vn 0.6964 -0.7102 -0.1031
vn -0.4660 0.8552 -0.2268
vn 0.6772 -0.7327 -0.0675
vn -0.3285 0.8699 -0.3678
vn 0.6605 -0.7499 -0.0384
vn 0.0902 0.7429 -0.6634
vn -0.6291 0.7773 -0.0125
vn 0.6448 -0.7642 -0.0125
vn 0.7465 -0.0514 -0.6634
vn -0.6120 0.7899 -0.0384
vn 0.7925 -0.4865 -0.3678
vn -0.5920 0.8031 -0.0675
vn 0.7521 -0.6188 -0.2268
vn 0.1816 0.8188 -0.5446
vn -0.6273 0.7787 -0.0102
vn 0.6465 -0.7628 -0.0102
vn 0.8383 0.0241 -0.5446
vn -0.6067 0.7943 -0.0315
vn 0.8433 -0.4447 -0.3019
vn -0.5827 0.8108 -0.0554
vn 0.7834 -0.5930 -0.1862
vn -0.5521 0.8295 -0.0847
vn 0.7412 -0.6597 -0.1244
vn -0.5083 0.8522 -0.1244
vn 0.7106 -0.6985 -0.0847
vn -0.4348 0.8811 -0.1862
vn 0.6865 -0.7250 -0.0554
vn -0.2779 0.9119 -0.3019
vn 0.6658 -0.7455 -0.0315
vn 0.7576 -0.6462 -0.0924
vn -0.4919 0.8658 -0.0924
vn 0.7218 -0.6893 -0.0629
vn -0.4102 0.9014 -0.1383
vn 0.6938 -0.7190 -0.0412
vn -0.2381 0.9450 -0.2244
vn 0.6699 -0.7421 -0.0234
vn 0.2536 0.8785 -0.4049
vn -0.6260 0.7798 -0.0076
vn 0.6479 -0.7617 -0.0076
vn 0.9105 0.0835 -0.4049
vn -0.6026 0.7977 -0.0234
vn 0.8832 -0.4118 -0.2244
vn -0.5754 0.8168 -0.0412
vn 0.8080 -0.5727 -0.1383
vn -0.5409 0.8387 -0.0629
vn 0.6488 -0.7609 -0.0047
vn 0.9604 0.1245 -0.2494
vn -0.5997 0.8001 -0.0144
vn 0.9107 -0.3892 -0.1382
vn -0.5704 0.8210 -0.0254
vn 0.8249 -0.5588 -0.0852
vn -0.5332 0.8451 -0.0387
vn 0.7689 -0.6368 -0.0569
vn -0.4806 0.8751 -0.0569
vn 0.7295 -0.6829 -0.0387
vn -0.3933 0.9154 -0.0852
vn 0.6988 -0.7148 -0.0254
vn -0.2106 0.9677 -0.1382
vn 0.6728 -0.7397 -0.0144
vn 0.3032 0.9197 -0.2494
vn -0.6251 0.7806 -0.0047
vn 0.7334 -0.6797 -0.0131
vn -0.3847 0.9226 -0.0288
vn 0.7014 -0.7127 -0.0086
vn -0.1967 0.9794 -0.0467
vn 0.6742 -0.7385 -0.0049
vn 0.3285 0.9407 -0.0842
vn -0.6246 0.7810 -0.0016
vn 0.6493 -0.7605 -0.0016
vn 0.9858 0.1454 -0.0842
vn -0.5982 0.8013 -0.0049
vn 0.9248 -0.3777 -0.0467
vn -0.5678 0.8231 -0.0086
vn 0.8336 -0.5516 -0.0288
vn -0.5293 0.8483 -0.0131
vn 0.7747 -0.6321 -0.0192
vn -0.4748 0.8799 -0.0192
vn -0.5982 0.8013 0.0049
vn 0.9248 -0.3777 0.0467
vn -0.5678 0.8231 0.0086
vn 0.8336 -0.5516 0.0288
vn -0.5293 0.8483 0.0131
vn 0.7747 -0.6321 0.0192
vn -0.4748 0.8799 0.0192
vn 0.7334 -0.6797 0.0131
vn -0.3847 0.9226 0.0288
vn 0.7014 -0.7127 0.0086
vn -0.1967 0.9794 0.0467
vn 0.6742 -0.7385 0.0049
vn 0.3285 0.9407 0.0842
vn -0.6246 0.7810 0.0016
vn 0.6493 -0.7605 0.0016
vn 0.9858 0.1454 0.0842
vn -0.3933 0.9154 0.0852
vn 0.6988 -0.7148 0.0254
vn -0.2106 0.9677 0.1382
vn 0.6728 -0.7397 0.0144
vn 0.3032 0.9197 0.2494
vn -0.6251 0.7806 0.0047
vn 0.6488 -0.7609 0.0047
vn 0.9604 0.1245 0.2494
vn -0.5997 0.8001 0.0144
vn 0.9107 -0.3892 0.1382
vn -0.5704 0.8210 0.0254
vn 0.8249 -0.5588 0.0852
vn -0.5332 0.8451 0.0387
vn 0.7689 -0.6368 0.0569
vn -0.4806 0.8751 0.0569
vn 0.7295 -0.6829 0.0387
vn 0.8832 -0.4118 0.2244
vn -0.5754 0.8168 0.0412
vn 0.8080 -0.5727 0.1383
vn -0.5409 0.8387 0.0629
vn 0.7576 -0.6462 0.0924
vn -0.4919 0.8658 0.0924
vn 0.7218 -0.6893 0.0629
vn -0.4102 0.9014 0.1383
vn 0.6938 -0.7190 0.0412
vn -0.2381 0.9450 0.2244
vn 0.6699 -0.7421 0.0234
vn 0.2536 0.8785 0.4049
vn -0.6260 0.7798 0.0076
vn 0.6479 -0.7617 0.0076
vn 0.9105 0.0835 0.4049
vn -0.6026 0.7977 0.0234
vn 0.6865 -0.7250 0.0554
vn -0.2779 0.9119 0.3019
vn 0.6658 -0.7455 0.0315
vn 0.1817 0.8188 0.5446
vn -0.6273 0.7787 0.0102
vn 0.6465 -0.7628 0.0102
vn 0.8383 0.0241 0.5446
vn -0.6067 0.7943 0.0315
vn 0.8433 -0.4447 0.3019
vn -0.5827 0.8108 0.0554
vn 0.7834 -0.5930 0.1862
vn -0.5521 0.8295 0.0847
vn 0.7412 -0.6597 0.1244
vn -0.5083 0.8522 0.1244
vn 0.7106 -0.6985 0.0847
vn -0.4348 0.8811 0.1862
vn -0.5920 0.8031 0.0675
vn 0.7521 -0.6188 0.2268
vn -0.5663 0.8177 0.1031
vn 0.7203 -0.6770 0.1515
vn -0.5291 0.8349 0.1515
vn 0.6964 -0.7102 0.1031
vn -0.4660 0.8552 0.2268
vn 0.6772 -0.7327 0.0675
vn -0.3285 0.8699 0.3678
vn 0.6605 -0.7499 0.0384
vn 0.0902 0.7429 0.6634
vn -0.6291 0.7773 0.0125
vn 0.6448 -0.7642 0.0125
vn 0.7465 -0.0514 0.6634
vn -0.6120 0.7899 0.0384
vn 0.7925 -0.4865 0.3678
vn -0.3881 0.8206 0.4196
vn 0.6542 -0.7550 0.0438
vn -0.0173 0.6538 0.7565
vn -0.6311 0.7756 0.0142
vn 0.6428 -0.7659 0.0142
vn 0.6388 -0.1402 0.7565
vn -0.6182 0.7848 0.0438
vn 0.7328 -0.5357 0.4196
vn -0.6029 0.7941 0.0770
vn 0.7153 -0.6491 0.2588
vn -0.5830 0.8039 0.1177
vn 0.6957 -0.6972 0.1729
vn -0.5537 0.8146 0.1729
vn 0.6797 -0.7240 0.1177
vn -0.5027 0.8248 0.2588
vn 0.6662 -0.7418 0.0770
vn 0.6744 -0.6828 0.2808
vn -0.6016 0.7886 0.1277
vn 0.6684 -0.7198 0.1876
vn -0.5809 0.7920 0.1876
vn 0.6611 -0.7394 0.1277
vn -0.5435 0.7910 0.2808
vn 0.6541 -0.7518 0.0836
vn -0.4542 0.7658 0.4552
vn 0.6473 -0.7607 0.0476
vn -0.1367 0.5549 0.8206
vn -0.6333 0.7737 0.0155
vn 0.6405 -0.7678 0.0155
vn 0.5192 -0.2388 0.8206
vn -0.6251 0.7791 0.0476
vn 0.6665 -0.5904 0.4552
vn -0.6151 0.7840 0.0836
vn 0.6400 -0.7668 0.0495
vn -0.2633 0.4501 0.8532
vn -0.6357 0.7718 0.0161
vn 0.6382 -0.7697 0.0161
vn 0.3925 -0.3434 0.8532
vn -0.6325 0.7730 0.0495
vn 0.5962 -0.6484 0.4734
vn -0.6280 0.7733 0.0869
vn 0.6311 -0.7187 0.2920
vn -0.6213 0.7723 0.1328
vn 0.6394 -0.7437 0.1951
vn -0.6099 0.7681 0.1951
vn 0.6414 -0.7557 0.1328
vn -0.5869 0.7552 0.2920
vn 0.6412 -0.7625 0.0869
vn -0.5245 0.7077 0.4734
vn 0.6099 -0.7681 0.1951
vn -0.6394 0.7437 0.1951
vn 0.6213 -0.7723 0.1328
vn -0.6311 0.7187 0.2920
vn 0.6280 -0.7733 0.0869
vn -0.5962 0.6484 0.4734
vn 0.6325 -0.7730 0.0495
vn -0.3925 0.3434 0.8532
vn -0.6382 0.7697 0.0161
vn 0.6357 -0.7718 0.0161
vn 0.2633 -0.4501 0.8533
vn -0.6400 0.7668 0.0495
vn 0.5245 -0.7077 0.4734
vn -0.6412 0.7625 0.0869
vn 0.5869 -0.7552 0.2920
vn -0.6414 0.7557 0.1328
vn -0.6405 0.7678 0.0155
vn 0.6333 -0.7737 0.0155
vn 0.1367 -0.5549 0.8206
vn -0.6473 0.7607 0.0476
vn 0.4542 -0.7658 0.4552
vn -0.6541 0.7518 0.0836
vn 0.5435 -0.7910 0.2808
vn -0.6611 0.7394 0.1277
vn 0.5809 -0.7920 0.1876
vn -0.6684 0.7198 0.1876
vn 0.6016 -0.7886 0.1277
vn -0.6744 0.6828 0.2808
vn 0.6151 -0.7840 0.0836
vn -0.6665 0.5904 0.4552
vn 0.6251 -0.7791 0.0476
vn -0.5192 0.2388 0.8206
vn -0.6957 0.6972 0.1729
vn 0.5830 -0.8039 0.1177
vn -0.7153 0.6491 0.2588
vn 0.6029 -0.7941 0.0770
vn -0.7328 0.5357 0.4196
vn 0.6182 -0.7848 0.0438
vn -0.6388 0.1402 0.7565
vn -0.6428 0.7659 0.0142
vn 0.6311 -0.7756 0.0142
vn 0.0173 -0.6538 0.7565
vn -0.6542 0.7550 0.0438
vn 0.3881 -0.8206 0.4196
vn -0.6662 0.7418 0.0770
vn 0.5027 -0.8248 0.2588
vn -0.6797 0.7240 0.1177
vn 0.5537 -0.8146 0.1729
vn -0.0902 -0.7429 0.6634
vn -0.6605 0.7499 0.0384
vn 0.3285 -0.8699 0.3678
vn -0.6772 0.7327 0.0675
vn 0.4660 -0.8552 0.2268
vn -0.6964 0.7102 0.1031
vn 0.5291 -0.8349 0.1515
vn -0.7203 0.6770 0.1515
vn 0.5663 -0.8177 0.1031
vn -0.7521 0.6188 0.2268
vn 0.5920 -0.8031 0.0675
vn -0.7925 0.4865 0.3678
vn 0.6120 -0.7899 0.0384
vn -0.7465 0.0514 0.6634
vn -0.6448 0.7642 0.0125
vn 0.6291 -0.7773 0.0125
vn 0.5521 -0.8295 0.0847
vn -0.7834 0.5930 0.1862
vn 0.5827 -0.8108 0.0554
vn -0.8433 0.4447 0.3019
vn 0.6067 -0.7943 0.0315
vn -0.8383 -0.0241 0.5446
vn -0.6465 0.7628 0.0102
vn 0.6273 -0.7787 0.0102
vn -0.1817 -0.8188 0.5446
vn -0.6658 0.7455 0.0315
vn 0.2779 -0.9119 0.3019
vn -0.6865 0.7250 0.0554
vn 0.4348 -0.8811 0.1862
vn -0.7106 0.6985 0.0847
vn 0.5083 -0.8522 0.1244
vn -0.7412 0.6597 0.1244
vn -0.6699 0.7421 0.0234
vn 0.2381 -0.9450 0.2244
vn -0.6938 0.7190 0.0412
vn 0.4102 -0.9014 0.1383
vn -0.7218 0.6893 0.0629
vn 0.4919 -0.8658 0.0924
vn -0.7576 0.6462 0.0924
vn 0.5409 -0.8387 0.0629
vn -0.8080 0.5727 0.1383
vn 0.5754 -0.8168 0.0412
vn -0.8832 0.4118 0.2244
vn 0.6025 -0.7977 0.0234
vn -0.9105 -0.0836 0.4049
vn -0.6479 0.7617 0.0076
vn 0.6260 -0.7798 0.0076
vn -0.2536 -0.8785 0.4049
vn -0.8249 0.5588 0.0852
vn 0.5704 -0.8210 0.0254
vn -0.9107 0.3892 0.1382
vn 0.5997 -0.8001 0.0144
vn -0.9604 -0.1245 0.2494
vn -0.6488 0.7609 0.0047
vn 0.6251 -0.7806 0.0047
vn -0.3032 -0.9197 0.2494
vn -0.6728 0.7397 0.0144
vn 0.2106 -0.9677 0.1382
vn -0.6988 0.7148 0.0254
vn 0.3933 -0.9154 0.0852
vn -0.7295 0.6829 0.0387
vn 0.4806 -0.8751 0.0569
vn -0.7689 0.6368 0.0569
vn 0.5332 -0.8451 0.0387
vn 0.1967 -0.9794 0.0467
vn -0.7014 0.7127 0.0086
vn 0.3847 -0.9226 0.0288
vn -0.7334 0.6797 0.0131
vn 0.4748 -0.8799 0.0192
vn -0.7747 0.6321 0.0192
vn 0.5293 -0.8483 0.0131
vn -0.8336 0.5516 0.0288
vn 0.5678 -0.8231 0.0086
vn -0.9248 0.3777 0.0467
vn 0.5982 -0.8013 0.0049
vn -0.9858 -0.1454 0.0842
vn -0.6493 0.7605 0.0016
vn 0.6246 -0.7810 0.0016
vn -0.3285 -0.9407 0.0842
vn -0.6742 0.7385 0.0049
vn 0.5678 -0.8231 -0.0086
vn -0.9248 0.3777 -0.0467
vn 0.5982 -0.8013 -0.0049
vn -0.9858 -0.1454 -0.0842
vn -0.6493 0.7605 -0.0016
vn 0.6246 -0.7810 -0.0016
vn -0.3285 -0.9407 -0.0842
vn -0.6742 0.7385 -0.0049
vn 0.1967 -0.9794 -0.0467
vn -0.7014 0.7127 -0.0086
vn 0.3847 -0.9226 -0.0288
vn -0.7334 0.6797 -0.0131
vn 0.4748 -0.8799 -0.0192
vn -0.7747 0.6321 -0.0192
vn 0.5293 -0.8483 -0.0131
vn -0.8336 0.5516 -0.0288
vn 0.3933 -0.9154 -0.0852
vn -0.7295 0.6829 -0.0387
vn 0.4806 -0.8751 -0.0569
vn -0.7689 0.6368 -0.0569
vn 0.5332 -0.8451 -0.0387
vn -0.8249 0.5588 -0.0852
vn 0.5704 -0.8210 -0.0254
vn -0.9107 0.3892 -0.1382
vn 0.5997 -0.8001 -0.0144
vn -0.9604 -0.1245 -0.2494
vn -0.6488 0.7609 -0.0047
vn 0.6251 -0.7806 -0.0047
vn -0.3032 -0.9197 -0.2494
vn -0.6728 0.7397 -0.0144
vn 0.2106 -0.9677 -0.1382
vn -0.6988 0.7148 -0.0254
vn 0.6026 -0.7977 -0.0234
vn -0.9105 -0.0836 -0.4049
vn -0.6479 0.7617 -0.0076
vn 0.6260 -0.7798 -0.0076
vn -0.2536 -0.8785 -0.4049
vn -0.6699 0.7421 -0.0234
vn 0.2381 -0.9450 -0.2244
vn -0.6938 0.7190 -0.0412
vn 0.4102 -0.9014 -0.1383
vn -0.7218 0.6893 -0.0629
vn 0.4919 -0.8658 -0.0924
vn -0.7576 0.6462 -0.0924
vn 0.5409 -0.8387 -0.0629
vn -0.8080 0.5727 -0.1383
vn 0.5754 -0.8168 -0.0412
vn -0.8832 0.4118 -0.2244
vn -0.7106 0.6985 -0.0847
vn 0.5083 -0.8522 -0.1244
vn -0.7412 0.6597 -0.1244
vn 0.5521 -0.8295 -0.0847
vn -0.7834 0.5930 -0.1862
vn 0.5827 -0.8108 -0.0554
vn -0.8433 0.4447 -0.3019
vn 0.6067 -0.7943 -0.0315
vn -0.8383 -0.0241 -0.5446
vn -0.6465 0.7628 -0.0102
vn 0.6273 -0.7787 -0.0102
vn -0.1817 -0.8188 -0.5446
vn -0.6658 0.7455 -0.0315
vn 0.2779 -0.9119 -0.3019
vn -0.6865 0.7250 -0.0554
vn 0.4348 -0.8811 -0.1862
vn -0.7465 0.0514 -0.6634
vn -0.6448 0.7642 -0.0125
vn 0.6291 -0.7773 -0.0125
vn -0.0902 -0.7428 -0.6634
vn -0.6605 0.7499 -0.0384
vn 0.3285 -0.8699 -0.3678
vn -0.6772 0.7327 -0.0675
vn 0.4660 -0.8552 -0.2268
vn -0.6964 0.7102 -0.1031
vn 0.5291 -0.8349 -0.1515
vn -0.7203 0.6770 -0.1515
vn 0.5663 -0.8177 -0.1031
vn -0.7521 0.6188 -0.2268
vn 0.5920 -0.8031 -0.0675
vn -0.7925 0.4865 -0.3678
vn 0.6120 -0.7899 -0.0384
vn 0.5537 -0.8146 -0.1729
vn -0.6957 0.6972 -0.1729
vn 0.5830 -0.8039 -0.1177
vn -0.7153 0.6491 -0.2588
vn 0.6029 -0.7941 -0.0770
vn -0.7328 0.5357 -0.4196
vn 0.6182 -0.7848 -0.0438
vn -0.6388 0.1402 -0.7565
vn -0.6428 0.7659 -0.0142
vn 0.6311 -0.7756 -0.0142
vn 0.0173 -0.6538 -0.7565
vn -0.6542 0.7550 -0.0438
vn 0.3881 -0.8206 -0.4196
vn -0.6662 0.7418 -0.0770
vn 0.5027 -0.8248 -0.2588
vn -0.6797 0.7240 -0.1177
vn -0.6405 0.7678 -0.0155
vn 0.6333 -0.7737 -0.0155
vn 0.1367 -0.5549 -0.8206
vn -0.6473 0.7607 -0.0476
vn 0.4542 -0.7658 -0.4552
vn -0.6541 0.7518 -0.0836
vn 0.5435 -0.7910 -0.2808
vn -0.6611 0.7394 -0.1277
vn 0.5809 -0.7920 -0.1876
vn -0.6684 0.7198 -0.1876
vn 0.6016 -0.7886 -0.1277
vn -0.6744 0.6828 -0.2808
vn 0.6151 -0.7840 -0.0836
vn -0.6665 0.5904 -0.4552
vn 0.6251 -0.7791 -0.0476
vn -0.5192 0.2388 -0.8206
vn -0.6394 0.7437 -0.1951
vn 0.6213 -0.7723 -0.1328
vn -0.6311 0.7187 -0.2920
vn 0.6280 -0.7733 -0.0869
vn -0.5962 0.6484 -0.4734
vn 0.6325 -0.7730 -0.0495
vn -0.3925 0.3434 -0.8532
vn -0.6382 0.7697 -0.0161
vn 0.6357 -0.7718 -0.0161
vn 0.2633 -0.4501 -0.8532
vn -0.6400 0.7668 -0.0495
vn 0.5245 -0.7077 -0.4734
vn -0.6412 0.7625 -0.0869
vn 0.5869 -0.7552 -0.2920
vn -0.6414 0.7557 -0.1328
vn 0.6099 -0.7681 -0.1951
vt 0.750000 0.250000
vt 0.750000 0.312500
vt 0.718750 0.312500
vt 0.718750 0.250000
vt 0.750000 0.687500
vt 0.750000 0.750000
vt 0.718750 0.750000
vt 0.718750 0.687500
vt 0.750000 0.187500
vt 0.718750 0.187500
vt 0.750000 0.625000
vt 0.718750 0.625000
vt 0.750000 0.125000
vt 0.718750 0.125000
vt 0.750000 0.562500
vt 0.718750 0.562500
vt 0.750000 0.062500
vt 0.718750 0.062500
vt 0.750000 0.500000
vt 0.718750 0.500000
vt 0.750000 0.937500
vt 0.734375 1.000000
vt 0.718750 0.937500
vt 0.734375 0.000000
vt 0.750000 0.437500
vt 0.718750 0.437500
vt 0.750000 0.875000
vt 0.718750 0.875000
vt 0.750000 0.375000
vt 0.718750 0.375000
vt 0.750000 0.812500
vt 0.718750 0.812500
vt 0.687500 0.375000
vt 0.687500 0.312500
vt 0.687500 0.812500
vt 0.687500 0.750000
vt 0.687500 0.250000
vt 0.687500 0.687500
vt 0.687500 0.187500
vt 0.687500 0.625000
vt 0.687500 0.125000
vt 0.687500 0.562500
vt 0.687500 0.062500
vt 0.687500 0.500000
vt 0.703125 1.000000
vt 0.687500 0.937500
vt 0.703125 0.000000
vt 0.687500 0.437500
vt 0.687500 0.875000
vt 0.656250 0.125000
vt 0.656250 0.062500
vt 0.656250 0.562500
vt 0.656250 0.500000
vt 0.671875 1.000000
vt 0.656250 0.937500
vt 0.671875 0.000000
vt 0.656250 0.437500
vt 0.656250 0.875000
vt 0.656250 0.375000
vt 0.656250 0.812500
vt 0.656250 0.312500
vt 0.656250 0.750000
vt 0.656250 0.250000
vt 0.656250 0.687500
vt 0.656250 0.187500
vt 0.656250 0.625000
vt 0.625000 0.812500
vt 0.625000 0.750000
vt 0.625000 0.312500
vt 0.625000 0.250000
vt 0.625000 0.687500
vt 0.625000 0.187500
vt 0.625000 0.625000
vt 0.625000 0.125000
vt 0.625000 0.562500
vt 0.625000 0.062500
vt 0.625000 0.500000
vt 0.640625 1.000000
vt 0.625000 0.937500
vt 0.640625 0.000000
vt 0.625000 0.437500
vt 0.625000 0.875000
vt 0.625000 0.375000
vt 0.593750 0.562500
vt 0.593750 0.500000
vt 0.609375 1.000000
vt 0.593750 0.937500
vt 0.609375 0.000000
vt 0.593750 0.062500
vt 0.593750 0.437500
vt 0.593750 0.875000
vt 0.593750 0.375000
vt 0.593750 0.812500
vt 0.593750 0.312500
vt 0.593750 0.750000
vt 0.593750 0.250000
vt 0.593750 0.687500
vt 0.593750 0.187500
vt 0.593750 0.625000
vt 0.593750 0.125000
vt 0.562500 0.312500
vt 0.562500 0.250000
vt 0.562500 0.750000
vt 0.562500 0.687500
vt 0.562500 0.187500
vt 0.562500 0.625000
vt 0.562500 0.125000
vt 0.562500 0.562500
vt 0.562500 0.062500
vt 0.562500 0.500000
vt 0.578125 1.000000
vt 0.562500 0.937500
vt 0.578125 0.000000
vt 0.562500 0.437500
vt 0.562500 0.875000
vt 0.562500 0.375000
vt 0.562500 0.812500
vt 0.546875 0.000000
vt 0.531250 0.062500
vt 0.531250 0.500000
vt 0.531250 0.437500
vt 0.531250 0.937500
vt 0.531250 0.875000
vt 0.531250 0.375000
vt 0.531250 0.812500
vt 0.531250 0.312500
vt 0.531250 0.750000
vt 0.531250 0.250000
vt 0.531250 0.687500
vt 0.531250 0.187500
vt 0.531250 0.625000
vt 0.531250 0.125000
vt 0.531250 0.562500
vt 0.546875 1.000000
vt 0.500000 0.250000
vt 0.500000 0.187500
vt 0.500000 0.687500
vt 0.500000 0.625000
vt 0.500000 0.125000
vt 0.500000 0.562500
vt 0.500000 0.062500
vt 0.500000 0.500000
vt 0.515625 1.000000
vt 0.500000 0.937500
vt 0.515625 0.000000
vt 0.500000 0.437500
vt 0.500000 0.875000
vt 0.500000 0.375000
vt 0.500000 0.812500
vt 0.500000 0.312500
vt 0.500000 0.750000
vt 0.468750 0.937500
vt 0.468750 0.875000
vt 0.468750 0.437500
vt 0.468750 0.375000
vt 0.468750 0.812500
vt 0.468750 0.312500
vt 0.468750 0.750000
vt 0.468750 0.250000
vt 0.468750 0.687500
vt 0.468750 0.187500
vt 0.468750 0.625000
vt 0.468750 0.125000
vt 0.468750 0.562500
vt 0.468750 0.062500
vt 0.468750 0.500000
vt 0.484375 1.000000
vt 0.484375 0.000000
vt 0.437500 0.687500
vt 0.437500 0.625000
vt 0.437500 0.187500
vt 0.437500 0.125000
vt 0.437500 0.562500
vt 0.437500 0.062500
vt 0.437500 0.500000
vt 0.453125 1.000000
vt 0.437500 0.937500
vt 0.453125 0.000000
vt 0.437500 0.437500
vt 0.437500 0.875000
vt 0.437500 0.375000
vt 0.437500 0.812500
vt 0.437500 0.312500
vt 0.437500 0.750000
vt 0.437500 0.250000
vt 0.406250 0.437500
vt 0.406250 0.375000
vt 0.406250 0.875000
vt 0.406250 0.812500
vt 0.406250 0.312500
vt 0.406250 0.750000
vt 0.406250 0.250000
vt 0.406250 0.687500
vt 0.406250 0.187500
vt 0.406250 0.625000
vt 0.406250 0.125000
vt 0.406250 0.562500
vt 0.406250 0.062500
vt 0.406250 0.500000
vt 0.421875 1.000000
vt 0.406250 0.937500
vt 0.421875 0.000000
vt 0.375000 0.187500
vt 0.375000 0.125000
vt 0.375000 0.625000
vt 0.375000 0.562500
vt 0.375000 0.062500
vt 0.375000 0.500000
vt 0.390625 1.000000
vt 0.375000 0.937500
vt 0.390625 0.000000
vt 0.375000 0.437500
vt 0.375000 0.875000
vt 0.375000 0.375000
vt 0.375000 0.812500
vt 0.375000 0.312500
vt 0.375000 0.750000
vt 0.375000 0.250000
vt 0.375000 0.687500
vt 0.343750 0.875000
vt 0.343750 0.812500
vt 0.343750 0.375000
vt 0.343750 0.312500
vt 0.343750 0.750000
vt 0.343750 0.250000
vt 0.343750 0.687500
vt 0.343750 0.187500
vt 0.343750 0.625000
vt 0.343750 0.125000
vt 0.343750 0.562500
vt 0.343750 0.062500
vt 0.343750 0.500000
vt 0.359375 1.000000
vt 0.343750 0.937500
vt 0.359375 0.000000
vt 0.343750 0.437500
vt 0.312500 0.625000
vt 0.312500 0.562500
vt 0.312500 0.125000
vt 0.312500 0.062500
vt 0.312500 0.500000
vt 0.328125 1.000000
vt 0.312500 0.937500
vt 0.328125 0.000000
vt 0.312500 0.437500
vt 0.312500 0.875000
vt 0.312500 0.375000
vt 0.312500 0.812500
vt 0.312500 0.312500
vt 0.312500 0.750000
vt 0.312500 0.250000
vt 0.312500 0.687500
vt 0.312500 0.187500
vt 0.281250 0.375000
vt 0.281250 0.312500
vt 0.281250 0.812500
vt 0.281250 0.750000
vt 0.281250 0.250000
vt 0.281250 0.687500
vt 0.281250 0.187500
vt 0.281250 0.625000
vt 0.281250 0.125000
vt 0.281250 0.562500
vt 0.281250 0.062500
vt 0.281250 0.500000
vt 0.296875 1.000000
vt 0.281250 0.937500
vt 0.296875 0.000000
vt 0.281250 0.437500
vt 0.281250 0.875000
vt 0.250000 0.125000
vt 0.250000 0.062500
vt 0.250000 0.562500
vt 0.250000 0.500000
vt 0.265625 1.000000
vt 0.250000 0.937500
vt 0.265625 0.000000
vt 0.250000 0.437500
vt 0.250000 0.875000
vt 0.250000 0.375000
vt 0.250000 0.812500
vt 0.250000 0.312500
vt 0.250000 0.750000
vt 0.250000 0.250000
vt 0.250000 0.687500
vt 0.250000 0.187500
vt 0.250000 0.625000
vt 0.218750 0.312500
vt 0.218750 0.250000
vt 0.218750 0.750000
vt 0.218750 0.687500
vt 0.218750 0.187500
vt 0.218750 0.625000
vt 0.218750 0.125000
vt 0.218750 0.562500
vt 0.218750 0.062500
vt 0.218750 0.500000
vt 0.234375 1.000000
vt 0.218750 0.937500
vt 0.234375 0.000000
vt 0.218750 0.437500
vt 0.218750 0.875000
vt 0.218750 0.375000
vt 0.218750 0.812500
vt 0.203125 1.000000
vt 0.187500 0.937500
vt 0.203125 0.000000
vt 0.187500 0.062500
vt 0.187500 0.500000
vt 0.187500 0.437500
vt 0.187500 0.875000
vt 0.187500 0.375000
vt 0.187500 0.812500
vt 0.187500 0.312500
vt 0.187500 0.750000
vt 0.187500 0.250000
vt 0.187500 0.687500
vt 0.187500 0.187500
vt 0.187500 0.625000
vt 0.187500 0.125000
vt 0.187500 0.562500
vt 0.156250 0.750000
vt 0.156250 0.687500
vt 0.156250 0.250000
vt 0.156250 0.187500
vt 0.156250 0.625000
vt 0.156250 0.125000
vt 0.156250 0.562500
vt 0.156250 0.062500
vt 0.156250 0.500000
vt 0.171875 1.000000
vt 0.156250 0.937500
vt 0.171875 0.000000
vt 0.156250 0.437500
vt 0.156250 0.875000
vt 0.156250 0.375000
vt 0.156250 0.812500
vt 0.156250 0.312500
vt 0.125000 0.500000
vt 0.125000 0.437500
vt 0.125000 0.937500
vt 0.125000 0.875000
vt 0.125000 0.375000
vt 0.125000 0.812500
vt 0.125000 0.312500
vt 0.125000 0.750000
vt 0.125000 0.250000
vt 0.125000 0.687500
vt 0.125000 0.187500
vt 0.125000 0.625000
vt 0.125000 0.125000
vt 0.125000 0.562500
vt 0.125000 0.062500
vt 0.140625 1.000000
vt 0.140625 0.000000
vt 0.093750 0.250000
vt 0.093750 0.187500
vt 0.093750 0.687500
vt 0.093750 0.625000
vt 0.093750 0.125000
vt 0.093750 0.562500
vt 0.093750 0.062500
vt 0.093750 0.500000
vt 0.109375 1.000000
vt 0.093750 0.937500
vt 0.109375 0.000000
vt 0.093750 0.437500
vt 0.093750 0.875000
vt 0.093750 0.375000
vt 0.093750 0.812500
vt 0.093750 0.312500
vt 0.093750 0.750000
vt 0.062500 0.937500
vt 0.062500 0.875000
vt 0.062500 0.437500
vt 0.062500 0.375000
vt 0.062500 0.812500
vt 0.062500 0.312500
vt 0.062500 0.750000
vt 0.062500 0.250000
vt 0.062500 0.687500
vt 0.062500 0.187500
vt 0.062500 0.625000
vt 0.062500 0.125000
vt 0.062500 0.562500
vt 0.062500 0.062500
vt 0.062500 0.500000
vt 0.078125 1.000000
vt 0.078125 0.000000
vt 0.031250 0.687500
vt 0.031250 0.625000
vt 0.031250 0.187500
vt 0.031250 0.125000
vt 0.031250 0.562500
vt 0.031250 0.062500
vt 0.031250 0.500000
vt 0.046875 1.000000
vt 0.031250 0.937500
vt 0.046875 0.000000
vt 0.031250 0.437500
vt 0.031250 0.875000
vt 0.031250 0.375000
vt 0.031250 0.812500
vt 0.031250 0.312500
vt 0.031250 0.750000
vt 0.031250 0.250000
vt 0.000000 0.437500
vt 0.000000 0.375000
vt 0.000000 0.875000
vt 0.000000 0.812500
vt 0.000000 0.312500
vt 0.000000 0.750000
vt 0.000000 0.250000
vt 0.000000 0.687500
vt 0.000000 0.187500
vt 0.000000 0.625000
vt 0.000000 0.125000
vt 0.000000 0.562500
vt 0.000000 0.062500
vt 0.000000 0.500000
vt 0.015625 1.000000
vt 0.000000 0.937500
vt 0.015625 0.000000
vt 1.000000 0.125000
vt 1.000000 0.187500
vt 0.968750 0.187500
vt 0.968750 0.125000
vt 1.000000 0.562500
vt 1.000000 0.625000
vt 0.968750 0.625000
vt 0.968750 0.562500
vt 1.000000 0.062500
vt 0.968750 0.062500
vt 1.000000 0.500000
vt 0.968750 0.500000
vt 1.000000 0.937500
vt 0.984375 1.000000
vt 0.968750 0.937500
vt 0.984375 0.000000
vt 1.000000 0.437500
vt 0.968750 0.437500
vt 1.000000 0.875000
vt 0.968750 0.875000
vt 1.000000 0.375000
vt 0.968750 0.375000
vt 1.000000 0.812500
vt 0.968750 0.812500
vt 1.000000 0.312500
vt 0.968750 0.312500
vt 1.000000 0.750000
vt 0.968750 0.750000
vt 1.000000 0.250000
vt 0.968750 0.250000
vt 1.000000 0.687500
vt 0.968750 0.687500
vt 0.937500 0.375000
vt 0.937500 0.312500
vt 0.937500 0.812500
vt 0.937500 0.750000
vt 0.937500 0.250000
vt 0.937500 0.687500
vt 0.937500 0.187500
vt 0.937500 0.625000
vt 0.937500 0.125000
vt 0.937500 0.562500
vt 0.937500 0.062500
vt 0.937500 0.500000
vt 0.953125 1.000000
vt 0.937500 0.937500
vt 0.953125 0.000000
vt 0.937500 0.437500
vt 0.937500 0.875000
vt 0.906250 0.125000
vt 0.906250 0.062500
vt 0.906250 0.562500
vt 0.906250 0.500000
vt 0.921875 1.000000
vt 0.906250 0.937500
vt 0.921875 0.000000
vt 0.906250 0.437500
vt 0.906250 0.875000
vt 0.906250 0.375000
vt 0.906250 0.812500
vt 0.906250 0.312500
vt 0.906250 0.750000
vt 0.906250 0.250000
vt 0.906250 0.687500
vt 0.906250 0.187500
vt 0.906250 0.625000
vt 0.875000 0.812500
vt 0.875000 0.750000
vt 0.875000 0.312500
vt 0.875000 0.250000
vt 0.875000 0.687500
vt 0.875000 0.187500
vt 0.875000 0.625000
vt 0.875000 0.125000
vt 0.875000 0.562500
vt 0.875000 0.062500
vt 0.875000 0.500000
vt 0.890625 1.000000
vt 0.875000 0.937500
vt 0.890625 0.000000
vt 0.875000 0.437500
vt 0.875000 0.875000
vt 0.875000 0.375000
vt 0.843750 0.562500
vt 0.843750 0.500000
vt 0.859375 1.000000
vt 0.843750 0.937500
vt 0.859375 0.000000
vt 0.843750 0.062500
vt 0.843750 0.437500
vt 0.843750 0.875000
vt 0.843750 0.375000
vt 0.843750 0.812500
vt 0.843750 0.312500
vt 0.843750 0.750000
vt 0.843750 0.250000
vt 0.843750 0.687500
vt 0.843750 0.187500
vt 0.843750 0.625000
vt 0.843750 0.125000
vt 0.812500 0.312500
vt 0.812500 0.250000
vt 0.812500 0.750000
vt 0.812500 0.687500
vt 0.812500 0.187500
vt 0.812500 0.625000
vt 0.812500 0.125000
vt 0.812500 0.562500
vt 0.812500 0.062500
vt 0.812500 0.500000
vt 0.828125 1.000000
vt 0.812500 0.937500
vt 0.828125 0.000000
vt 0.812500 0.437500
vt 0.812500 0.875000
vt 0.812500 0.375000
vt 0.812500 0.812500
vt 0.796875 1.000000
vt 0.781250 0.937500
vt 0.796875 0.000000
vt 0.781250 0.062500
vt 0.781250 0.500000
vt 0.781250 0.437500
vt 0.781250 0.875000
vt 0.781250 0.375000
vt 0.781250 0.812500
vt 0.781250 0.312500
vt 0.781250 0.750000
vt 0.781250 0.250000
vt 0.781250 0.687500
vt 0.781250 0.187500
vt 0.781250 0.625000
vt 0.781250 0.125000
vt 0.781250 0.562500
vt 0.765625 1.000000
vt 0.765625 0.000000
s 0
f 4329/3755/2005 3857/3756/2005 3869/3757/2005 3870/3758/2005
f 3853/3759/2006 4326/3760/2006 3862/3761/2006 3863/3762/2006
f 4330/3763/2007 4329/3755/2007 3870/3758/2007 3871/3764/2007
f 4327/3765/2008 3853/3759/2008 3863/3762/2008 3864/3766/2008
f 4331/3767/2009 4330/3763/2009 3871/3764/2009 3872/3768/2009
f 3854/3769/2010 4327/3765/2010 3864/3766/2010 3865/3770/2010
f 4332/3771/2011 4331/3767/2011 3872/3768/2011 3873/3772/2011
f 3855/3773/2012 3854/3769/2012 3865/3770/2012 3866/3774/2012
f 4324/3775/2013 3851/3776/2013 3859/3777/2013
f 3858/3778/2014 4332/3771/2014 3873/3772/2014
f 3856/3779/2015 3855/3773/2015 3866/3774/2015 3867/3780/2015
f 4325/3781/2016 4324/3775/2016 3859/3777/2016 3860/3782/2016
f 4328/3783/2017 3856/3779/2017 3867/3780/2017 3868/3784/2017
f 3852/3785/2018 4325/3781/2018 3860/3782/2018 3861/3786/2018
f 3857/3756/2019 4328/3783/2019 3868/3784/2019 3869/3757/2019
f 4326/3760/2020 3852/3785/2020 3861/3786/2020 3862/3761/2020
f 3869/3757/2021 3868/3784/2021 3883/3787/2021 3884/3788/2021
f 3862/3761/2022 3861/3786/2022 3876/3789/2022 3877/3790/2022
f 3870/3758/2023 3869/3757/2023 3884/3788/2023 3885/3791/2023
f 3863/3762/2024 3862/3761/2024 3877/3790/2024 3878/3792/2024
f 3871/3764/2025 3870/3758/2025 3885/3791/2025 3886/3793/2025
f 3864/3766/2026 3863/3762/2026 3878/3792/2026 3879/3794/2026
f 3872/3768/2027 3871/3764/2027 3886/3793/2027 3887/3795/2027
f 3865/3770/2028 3864/3766/2028 3879/3794/2028 3880/3796/2028
f 3873/3772/2029 3872/3768/2029 3887/3795/2029 3888/3797/2029
f 3866/3774/2030 3865/3770/2030 3880/3796/2030 3881/3798/2030
f 3859/3777/2031 3851/3799/2031 3874/3800/2031
f 3858/3801/2032 3873/3772/2032 3888/3797/2032
f 3867/3780/2033 3866/3774/2033 3881/3798/2033 3882/3802/2033
f 3860/3782/2034 3859/3777/2034 3874/3800/2034 3875/3803/2034
f 3868/3784/2035 3867/3780/2035 3882/3802/2035 3883/3787/2035
f 3861/3786/2036 3860/3782/2036 3875/3803/2036 3876/3789/2036
f 3888/3797/2037 3887/3795/2037 3902/3804/2037 3903/3805/2037
f 3881/3798/2038 3880/3796/2038 3895/3806/2038 3896/3807/2038
f 3874/3800/2039 3851/3808/2039 3889/3809/2039
f 3858/3810/2040 3888/3797/2040 3903/3805/2040
f 3882/3802/2041 3881/3798/2041 3896/3807/2041 3897/3811/2041
f 3875/3803/2042 3874/3800/2042 3889/3809/2042 3890/3812/2042
f 3883/3787/2043 3882/3802/2043 3897/3811/2043 3898/3813/2043
f 3876/3789/2044 3875/3803/2044 3890/3812/2044 3891/3814/2044
f 3884/3788/2045 3883/3787/2045 3898/3813/2045 3899/3815/2045
f 3877/3790/2046 3876/3789/2046 3891/3814/2046 3892/3816/2046
f 3885/3791/2047 3884/3788/2047 3899/3815/2047 3900/3817/2047
f 3878/3792/2048 3877/3790/2048 3892/3816/2048 3893/3818/2048
f 3886/3793/2049 3885/3791/2049 3900/3817/2049 3901/3819/2049
f 3879/3794/2050 3878/3792/2050 3893/3818/2050 3894/3820/2050
f 3887/3795/2051 3886/3793/2051 3901/3819/2051 3902/3804/2051
f 3880/3796/2052 3879/3794/2052 3894/3820/2052 3895/3806/2052
f 3892/3816/2053 3891/3814/2053 3906/3821/2053 3907/3822/2053
f 3900/3817/2054 3899/3815/2054 3914/3823/2054 3915/3824/2054
f 3893/3818/2055 3892/3816/2055 3907/3822/2055 3908/3825/2055
f 3901/3819/2056 3900/3817/2056 3915/3824/2056 3916/3826/2056
f 3894/3820/2057 3893/3818/2057 3908/3825/2057 3909/3827/2057
f 3902/3804/2058 3901/3819/2058 3916/3826/2058 3917/3828/2058
f 3895/3806/2059 3894/3820/2059 3909/3827/2059 3910/3829/2059
f 3903/3805/2060 3902/3804/2060 3917/3828/2060 3918/3830/2060
f 3896/3807/2061 3895/3806/2061 3910/3829/2061 3911/3831/2061
f 3889/3809/2062 3851/3832/2062 3904/3833/2062
f 3858/3834/2063 3903/3805/2063 3918/3830/2063
f 3897/3811/2064 3896/3807/2064 3911/3831/2064 3912/3835/2064
f 3890/3812/2065 3889/3809/2065 3904/3833/2065 3905/3836/2065
f 3898/3813/2066 3897/3811/2066 3912/3835/2066 3913/3837/2066
f 3891/3814/2067 3890/3812/2067 3905/3836/2067 3906/3821/2067
f 3899/3815/2068 3898/3813/2068 3913/3837/2068 3914/3823/2068
f 3911/3831/2069 3910/3829/2069 3925/3838/2069 3926/3839/2069
f 3904/3833/2070 3851/3840/2070 3919/3841/2070
f 3858/3842/2071 3918/3830/2071 3933/3843/2071
f 3912/3835/2072 3911/3831/2072 3926/3839/2072 3927/3844/2072
f 3905/3836/2073 3904/3833/2073 3919/3841/2073 3920/3845/2073
f 3913/3837/2074 3912/3835/2074 3927/3844/2074 3928/3846/2074
f 3906/3821/2075 3905/3836/2075 3920/3845/2075 3921/3847/2075
f 3914/3823/2076 3913/3837/2076 3928/3846/2076 3929/3848/2076
f 3907/3822/2077 3906/3821/2077 3921/3847/2077 3922/3849/2077
f 3915/3824/2078 3914/3823/2078 3929/3848/2078 3930/3850/2078
f 3908/3825/2079 3907/3822/2079 3922/3849/2079 3923/3851/2079
f 3916/3826/2080 3915/3824/2080 3930/3850/2080 3931/3852/2080
f 3909/3827/2081 3908/3825/2081 3923/3851/2081 3924/3853/2081
f 3917/3828/2082 3916/3826/2082 3931/3852/2082 3932/3854/2082
f 3910/3829/2083 3909/3827/2083 3924/3853/2083 3925/3838/2083
f 3918/3830/2084 3917/3828/2084 3932/3854/2084 3933/3843/2084
f 3930/3850/2085 3929/3848/2085 3944/3855/2085 3945/3856/2085
f 3923/3851/2086 3922/3849/2086 3937/3857/2086 3938/3858/2086
f 3931/3852/2087 3930/3850/2087 3945/3856/2087 3946/3859/2087
f 3924/3853/2088 3923/3851/2088 3938/3858/2088 3939/3860/2088
f 3932/3854/2089 3931/3852/2089 3946/3859/2089 3947/3861/2089
f 3925/3838/2090 3924/3853/2090 3939/3860/2090 3940/3862/2090
f 3933/3843/2091 3932/3854/2091 3947/3861/2091 3948/3863/2091
f 3926/3839/2092 3925/3838/2092 3940/3862/2092 3941/3864/2092
f 3919/3841/2093 3851/3865/2093 3934/3866/2093
f 3858/3867/2094 3933/3843/2094 3948/3863/2094
f 3927/3844/2095 3926/3839/2095 3941/3864/2095 3942/3868/2095
f 3920/3845/2096 3919/3841/2096 3934/3866/2096 3935/3869/2096
f 3928/3846/2097 3927/3844/2097 3942/3868/2097 3943/3870/2097
f 3921/3847/2098 3920/3845/2098 3935/3869/2098 3936/3871/2098
f 3929/3848/2099 3928/3846/2099 3943/3870/2099 3944/3855/2099
f 3922/3849/2100 3921/3847/2100 3936/3871/2100 3937/3857/2100
f 3858/3872/2101 3948/3863/2101 3963/3873/2101
f 3942/3868/2102 3941/3864/2102 3956/3874/2102 3957/3875/2102
f 3935/3869/2103 3934/3866/2103 3949/3876/2103 3950/3877/2103
f 3943/3870/2104 3942/3868/2104 3957/3875/2104 3958/3878/2104
f 3936/3871/2105 3935/3869/2105 3950/3877/2105 3951/3879/2105
f 3944/3855/2106 3943/3870/2106 3958/3878/2106 3959/3880/2106
f 3937/3857/2107 3936/3871/2107 3951/3879/2107 3952/3881/2107
f 3945/3856/2108 3944/3855/2108 3959/3880/2108 3960/3882/2108
f 3938/3858/2109 3937/3857/2109 3952/3881/2109 3953/3883/2109
f 3946/3859/2110 3945/3856/2110 3960/3882/2110 3961/3884/2110
f 3939/3860/2111 3938/3858/2111 3953/3883/2111 3954/3885/2111
f 3947/3861/2112 3946/3859/2112 3961/3884/2112 3962/3886/2112
f 3940/3862/2113 3939/3860/2113 3954/3885/2113 3955/3887/2113
f 3948/3863/2114 3947/3861/2114 3962/3886/2114 3963/3873/2114
f 3941/3864/2115 3940/3862/2115 3955/3887/2115 3956/3874/2115
f 3934/3866/2116 3851/3888/2116 3949/3876/2116
f 3961/3884/2117 3960/3882/2117 3975/3889/2117 3976/3890/2117
f 3954/3885/2118 3953/3883/2118 3968/3891/2118 3969/3892/2118
f 3962/3886/2119 3961/3884/2119 3976/3890/2119 3977/3893/2119
f 3955/3887/2120 3954/3885/2120 3969/3892/2120 3970/3894/2120
f 3963/3873/2121 3962/3886/2121 3977/3893/2121 3978/3895/2121
f 3956/3874/2122 3955/3887/2122 3970/3894/2122 3971/3896/2122
f 3949/3876/2123 3851/3897/2123 3964/3898/2123
f 3858/3899/2124 3963/3873/2124 3978/3895/2124
f 3957/3875/2125 3956/3874/2125 3971/3896/2125 3972/3900/2125
f 3950/3877/2126 3949/3876/2126 3964/3898/2126 3965/3901/2126
f 3958/3878/2127 3957/3875/2127 3972/3900/2127 3973/3902/2127
f 3951/3879/2128 3950/3877/2128 3965/3901/2128 3966/3903/2128
f 3959/3880/2129 3958/3878/2129 3973/3902/2129 3974/3904/2129
f 3952/3881/2130 3951/3879/2130 3966/3903/2130 3967/3905/2130
f 3960/3882/2131 3959/3880/2131 3974/3904/2131 3975/3889/2131
f 3953/3883/2132 3952/3881/2132 3967/3905/2132 3968/3891/2132
f 3965/3901/2133 3964/3898/2133 3979/3906/2133 3980/3907/2133
f 3973/3902/2134 3972/3900/2134 3987/3908/2134 3988/3909/2134
f 3966/3903/2135 3965/3901/2135 3980/3907/2135 3981/3910/2135
f 3974/3904/2136 3973/3902/2136 3988/3909/2136 3989/3911/2136
f 3967/3905/2137 3966/3903/2137 3981/3910/2137 3982/3912/2137
f 3975/3889/2138 3974/3904/2138 3989/3911/2138 3990/3913/2138
f 3968/3891/2139 3967/3905/2139 3982/3912/2139 3983/3914/2139
f 3976/3890/2140 3975/3889/2140 3990/3913/2140 3991/3915/2140
f 3969/3892/2141 3968/3891/2141 3983/3914/2141 3984/3916/2141
f 3977/3893/2142 3976/3890/2142 3991/3915/2142 3992/3917/2142
f 3970/3894/2143 3969/3892/2143 3984/3916/2143 3985/3918/2143
f 3978/3895/2144 3977/3893/2144 3992/3917/2144 3993/3919/2144
f 3971/3896/2145 3970/3894/2145 3985/3918/2145 3986/3920/2145
f 3964/3898/2146 3851/3921/2146 3979/3906/2146
f 3858/3922/2147 3978/3895/2147 3993/3919/2147
f 3972/3900/2148 3971/3896/2148 3986/3920/2148 3987/3908/2148
f 3984/3916/2149 3983/3914/2149 3998/3923/2149 3999/3924/2149
f 3992/3917/2150 3991/3915/2150 4006/3925/2150 4007/3926/2150
f 3985/3918/2151 3984/3916/2151 3999/3924/2151 4000/3927/2151
f 3993/3919/2152 3992/3917/2152 4007/3926/2152 4008/3928/2152
f 3986/3920/2153 3985/3918/2153 4000/3927/2153 4001/3929/2153
f 3979/3906/2154 3851/3930/2154 3994/3931/2154
f 3858/3932/2155 3993/3919/2155 4008/3928/2155
f 3987/3908/2156 3986/3920/2156 4001/3929/2156 4002/3933/2156
f 3980/3907/2157 3979/3906/2157 3994/3931/2157 3995/3934/2157
f 3988/3909/2158 3987/3908/2158 4002/3933/2158 4003/3935/2158
f 3981/3910/2159 3980/3907/2159 3995/3934/2159 3996/3936/2159
f 3989/3911/2160 3988/3909/2160 4003/3935/2160 4004/3937/2160
f 3982/3912/2161 3981/3910/2161 3996/3936/2161 3997/3938/2161
f 3990/3913/2162 3989/3911/2162 4004/3937/2162 4005/3939/2162
f 3983/3914/2163 3982/3912/2163 3997/3938/2163 3998/3923/2163
f 3991/3915/2164 3990/3913/2164 4005/3939/2164 4006/3925/2164
f 4003/3935/2165 4002/3933/2165 4017/3940/2165 4018/3941/2165
f 3996/3936/2166 3995/3934/2166 4010/3942/2166 4011/3943/2166
f 4004/3937/2167 4003/3935/2167 4018/3941/2167 4019/3944/2167
f 3997/3938/2168 3996/3936/2168 4011/3943/2168 4012/3945/2168
f 4005/3939/2169 4004/3937/2169 4019/3944/2169 4020/3946/2169
f 3998/3923/2170 3997/3938/2170 4012/3945/2170 4013/3947/2170
f 4006/3925/2171 4005/3939/2171 4020/3946/2171 4021/3948/2171
f 3999/3924/2172 3998/3923/2172 4013/3947/2172 4014/3949/2172
f 4007/3926/2173 4006/3925/2173 4021/3948/2173 4022/3950/2173
f 4000/3927/2174 3999/3924/2174 4014/3949/2174 4015/3951/2174
f 4008/3928/2175 4007/3926/2175 4022/3950/2175 4023/3952/2175
f 4001/3929/2176 4000/3927/2176 4015/3951/2176 4016/3953/2176
f 3994/3931/2177 3851/3954/2177 4009/3955/2177
f 3858/3956/2178 4008/3928/2178 4023/3952/2178
f 4002/3933/2179 4001/3929/2179 4016/3953/2179 4017/3940/2179
f 3995/3934/2180 3994/3931/2180 4009/3955/2180 4010/3942/2180
f 4022/3950/2181 4021/3948/2181 4036/3957/2181 4037/3958/2181
f 4015/3951/2182 4014/3949/2182 4029/3959/2182 4030/3960/2182
f 4023/3952/2183 4022/3950/2183 4037/3958/2183 4038/3961/2183
f 4016/3953/2184 4015/3951/2184 4030/3960/2184 4031/3962/2184
f 4009/3955/2185 3851/3963/2185 4024/3964/2185
f 3858/3965/2186 4023/3952/2186 4038/3961/2186
f 4017/3940/2187 4016/3953/2187 4031/3962/2187 4032/3966/2187
f 4010/3942/2188 4009/3955/2188 4024/3964/2188 4025/3967/2188
f 4018/3941/2189 4017/3940/2189 4032/3966/2189 4033/3968/2189
f 4011/3943/2190 4010/3942/2190 4025/3967/2190 4026/3969/2190
f 4019/3944/2191 4018/3941/2191 4033/3968/2191 4034/3970/2191
f 4012/3945/2192 4011/3943/2192 4026/3969/2192 4027/3971/2192
f 4020/3946/2193 4019/3944/2193 4034/3970/2193 4035/3972/2193
f 4013/3947/2194 4012/3945/2194 4027/3971/2194 4028/3973/2194
f 4021/3948/2195 4020/3946/2195 4035/3972/2195 4036/3957/2195
f 4014/3949/2196 4013/3947/2196 4028/3973/2196 4029/3959/2196
f 4026/3969/2197 4025/3967/2197 4040/3974/2197 4041/3975/2197
f 4034/3970/2198 4033/3968/2198 4048/3976/2198 4049/3977/2198
f 4027/3971/2199 4026/3969/2199 4041/3975/2199 4042/3978/2199
f 4035/3972/2200 4034/3970/2200 4049/3977/2200 4050/3979/2200
f 4028/3973/2201 4027/3971/2201 4042/3978/2201 4043/3980/2201
f 4036/3957/2202 4035/3972/2202 4050/3979/2202 4051/3981/2202
f 4029/3959/2203 4028/3973/2203 4043/3980/2203 4044/3982/2203
f 4037/3958/2204 4036/3957/2204 4051/3981/2204 4052/3983/2204
f 4030/3960/2205 4029/3959/2205 4044/3982/2205 4045/3984/2205
f 4038/3961/2206 4037/3958/2206 4052/3983/2206 4053/3985/2206
f 4031/3962/2207 4030/3960/2207 4045/3984/2207 4046/3986/2207
f 4024/3964/2208 3851/3987/2208 4039/3988/2208
f 3858/3989/2209 4038/3961/2209 4053/3985/2209
f 4032/3966/2210 4031/3962/2210 4046/3986/2210 4047/3990/2210
f 4025/3967/2211 4024/3964/2211 4039/3988/2211 4040/3974/2211
f 4033/3968/2212 4032/3966/2212 4047/3990/2212 4048/3976/2212
f 4045/3984/2213 4044/3982/2213 4059/3991/2213 4060/3992/2213
f 4053/3985/2214 4052/3983/2214 4067/3993/2214 4068/3994/2214
f 4046/3986/2215 4045/3984/2215 4060/3992/2215 4061/3995/2215
f 4039/3988/2216 3851/3996/2216 4054/3997/2216
f 3858/3998/2217 4053/3985/2217 4068/3994/2217
f 4047/3990/2218 4046/3986/2218 4061/3995/2218 4062/3999/2218
f 4040/3974/2219 4039/3988/2219 4054/3997/2219 4055/4000/2219
f 4048/3976/2220 4047/3990/2220 4062/3999/2220 4063/4001/2220
f 4041/3975/2221 4040/3974/2221 4055/4000/2221 4056/4002/2221
f 4049/3977/2222 4048/3976/2222 4063/4001/2222 4064/4003/2222
f 4042/3978/2223 4041/3975/2223 4056/4002/2223 4057/4004/2223
f 4050/3979/2224 4049/3977/2224 4064/4003/2224 4065/4005/2224
f 4043/3980/2225 4042/3978/2225 4057/4004/2225 4058/4006/2225
f 4051/3981/2226 4050/3979/2226 4065/4005/2226 4066/4007/2226
f 4044/3982/2227 4043/3980/2227 4058/4006/2227 4059/3991/2227
f 4052/3983/2228 4051/3981/2228 4066/4007/2228 4067/3993/2228
f 4064/4003/2229 4063/4001/2229 4078/4008/2229 4079/4009/2229
f 4057/4004/2230 4056/4002/2230 4071/4010/2230 4072/4011/2230
f 4065/4005/2231 4064/4003/2231 4079/4009/2231 4080/4012/2231
f 4058/4006/2232 4057/4004/2232 4072/4011/2232 4073/4013/2232
f 4066/4007/2233 4065/4005/2233 4080/4012/2233 4081/4014/2233
f 4059/3991/2234 4058/4006/2234 4073/4013/2234 4074/4015/2234
f 4067/3993/2235 4066/4007/2235 4081/4014/2235 4082/4016/2235
f 4060/3992/2236 4059/3991/2236 4074/4015/2236 4075/4017/2236
f 4068/3994/2237 4067/3993/2237 4082/4016/2237 4083/4018/2237
f 4061/3995/2238 4060/3992/2238 4075/4017/2238 4076/4019/2238
f 4054/3997/2239 3851/4020/2239 4069/4021/2239
f 3858/4022/2240 4068/3994/2240 4083/4018/2240
f 4062/3999/2241 4061/3995/2241 4076/4019/2241 4077/4023/2241
f 4055/4000/2242 4054/3997/2242 4069/4021/2242 4070/4024/2242
f 4063/4001/2243 4062/3999/2243 4077/4023/2243 4078/4008/2243
f 4056/4002/2244 4055/4000/2244 4070/4024/2244 4071/4010/2244
f 4083/4018/2245 4082/4016/2245 4097/4025/2245 4098/4026/2245
f 4076/4019/2246 4075/4017/2246 4090/4027/2246 4091/4028/2246
f 4069/4021/2247 3851/4029/2247 4084/4030/2247
f 3858/4031/2248 4083/4018/2248 4098/4026/2248
f 4077/4023/2249 4076/4019/2249 4091/4028/2249 4092/4032/2249
f 4070/4024/2250 4069/4021/2250 4084/4030/2250 4085/4033/2250
f 4078/4008/2251 4077/4023/2251 4092/4032/2251 4093/4034/2251
f 4071/4010/2252 4070/4024/2252 4085/4033/2252 4086/4035/2252
f 4079/4009/2253 4078/4008/2253 4093/4034/2253 4094/4036/2253
f 4072/4011/2254 4071/4010/2254 4086/4035/2254 4087/4037/2254
f 4080/4012/2255 4079/4009/2255 4094/4036/2255 4095/4038/2255
f 4073/4013/2256 4072/4011/2256 4087/4037/2256 4088/4039/2256
f 4081/4014/2257 4080/4012/2257 4095/4038/2257 4096/4040/2257
f 4074/4015/2258 4073/4013/2258 4088/4039/2258 4089/4041/2258
f 4082/4016/2259 4081/4014/2259 4096/4040/2259 4097/4025/2259
f 4075/4017/2260 4074/4015/2260 4089/4041/2260 4090/4027/2260
f 4095/4038/2261 4094/4036/2261 4109/4042/2261 4110/4043/2261
f 4088/4039/2262 4087/4037/2262 4102/4044/2262 4103/4045/2262
f 4096/4040/2263 4095/4038/2263 4110/4043/2263 4111/4046/2263
f 4089/4041/2264 4088/4039/2264 4103/4045/2264 4104/4047/2264
f 4097/4025/2265 4096/4040/2265 4111/4046/2265 4112/4048/2265
f 4090/4027/2266 4089/4041/2266 4104/4047/2266 4105/4049/2266
f 4098/4026/2267 4097/4025/2267 4112/4048/2267 4113/4050/2267
f 4091/4028/2268 4090/4027/2268 4105/4049/2268 4106/4051/2268
f 4084/4030/2269 3851/4052/2269 4099/4053/2269
f 3858/4054/2270 4098/4026/2270 4113/4050/2270
f 4092/4032/2271 4091/4028/2271 4106/4051/2271 4107/4055/2271
f 4085/4033/2272 4084/4030/2272 4099/4053/2272 4100/4056/2272
f 4093/4034/2273 4092/4032/2273 4107/4055/2273 4108/4057/2273
f 4086/4035/2274 4085/4033/2274 4100/4056/2274 4101/4058/2274
f 4094/4036/2275 4093/4034/2275 4108/4057/2275 4109/4042/2275
f 4087/4037/2276 4086/4035/2276 4101/4058/2276 4102/4044/2276
f 4099/4053/2277 3851/4059/2277 4114/4060/2277
f 3858/4061/2278 4113/4050/2278 4128/4062/2278
f 4107/4055/2279 4106/4051/2279 4121/4063/2279 4122/4064/2279
f 4100/4056/2280 4099/4053/2280 4114/4060/2280 4115/4065/2280
f 4108/4057/2281 4107/4055/2281 4122/4064/2281 4123/4066/2281
f 4101/4058/2282 4100/4056/2282 4115/4065/2282 4116/4067/2282
f 4109/4042/2283 4108/4057/2283 4123/4066/2283 4124/4068/2283
f 4102/4044/2284 4101/4058/2284 4116/4067/2284 4117/4069/2284
f 4110/4043/2285 4109/4042/2285 4124/4068/2285 4125/4070/2285
f 4103/4045/2286 4102/4044/2286 4117/4069/2286 4118/4071/2286
f 4111/4046/2287 4110/4043/2287 4125/4070/2287 4126/4072/2287
f 4104/4047/2288 4103/4045/2288 4118/4071/2288 4119/4073/2288
f 4112/4048/2289 4111/4046/2289 4126/4072/2289 4127/4074/2289
f 4105/4049/2290 4104/4047/2290 4119/4073/2290 4120/4075/2290
f 4113/4050/2291 4112/4048/2291 4127/4074/2291 4128/4062/2291
f 4106/4051/2292 4105/4049/2292 4120/4075/2292 4121/4063/2292
f 4118/4071/2293 4117/4069/2293 4132/4076/2293 4133/4077/2293
f 4126/4072/2294 4125/4070/2294 4140/4078/2294 4141/4079/2294
f 4119/4073/2295 4118/4071/2295 4133/4077/2295 4134/4080/2295
f 4127/4074/2296 4126/4072/2296 4141/4079/2296 4142/4081/2296
f 4120/4075/2297 4119/4073/2297 4134/4080/2297 4135/4082/2297
f 4128/4062/2298 4127/4074/2298 4142/4081/2298 4143/4083/2298
f 4121/4063/2299 4120/4075/2299 4135/4082/2299 4136/4084/2299
f 4114/4060/2300 3851/4085/2300 4129/4086/2300
f 3858/4087/2301 4128/4062/2301 4143/4083/2301
f 4122/4064/2302 4121/4063/2302 4136/4084/2302 4137/4088/2302
f 4115/4065/2303 4114/4060/2303 4129/4086/2303 4130/4089/2303
f 4123/4066/2304 4122/4064/2304 4137/4088/2304 4138/4090/2304
f 4116/4067/2305 4115/4065/2305 4130/4089/2305 4131/4091/2305
f 4124/4068/2306 4123/4066/2306 4138/4090/2306 4139/4092/2306
f 4117/4069/2307 4116/4067/2307 4131/4091/2307 4132/4076/2307
f 4125/4070/2308 4124/4068/2308 4139/4092/2308 4140/4078/2308
f 4137/4088/2309 4136/4084/2309 4151/4093/2309 4152/4094/2309
f 4130/4089/2310 4129/4086/2310 4144/4095/2310 4145/4096/2310
f 4138/4090/2311 4137/4088/2311 4152/4094/2311 4153/4097/2311
f 4131/4091/2312 4130/4089/2312 4145/4096/2312 4146/4098/2312
f 4139/4092/2313 4138/4090/2313 4153/4097/2313 4154/4099/2313
f 4132/4076/2314 4131/4091/2314 4146/4098/2314 4147/4100/2314
f 4140/4078/2315 4139/4092/2315 4154/4099/2315 4155/4101/2315
f 4133/4077/2316 4132/4076/2316 4147/4100/2316 4148/4102/2316
f 4141/4079/2317 4140/4078/2317 4155/4101/2317 4156/4103/2317
f 4134/4080/2318 4133/4077/2318 4148/4102/2318 4149/4104/2318
f 4142/4081/2319 4141/4079/2319 4156/4103/2319 4157/4105/2319
f 4135/4082/2320 4134/4080/2320 4149/4104/2320 4150/4106/2320
f 4143/4083/2321 4142/4081/2321 4157/4105/2321 4158/4107/2321
f 4136/4084/2322 4135/4082/2322 4150/4106/2322 4151/4093/2322
f 4129/4086/2323 3851/4108/2323 4144/4095/2323
f 3858/4109/2324 4143/4083/2324 4158/4107/2324
f 4156/4103/2325 4155/4101/2325 4170/4110/2325 4171/4111/2325
f 4149/4104/2326 4148/4102/2326 4163/4112/2326 4164/4113/2326
f 4157/4105/2327 4156/4103/2327 4171/4111/2327 4172/4114/2327
f 4150/4106/2328 4149/4104/2328 4164/4113/2328 4165/4115/2328
f 4158/4107/2329 4157/4105/2329 4172/4114/2329 4173/4116/2329
f 4151/4093/2330 4150/4106/2330 4165/4115/2330 4166/4117/2330
f 4144/4095/2331 3851/4118/2331 4159/4119/2331
f 3858/4120/2332 4158/4107/2332 4173/4116/2332
f 4152/4094/2333 4151/4093/2333 4166/4117/2333 4167/4121/2333
f 4145/4096/2334 4144/4095/2334 4159/4119/2334 4160/4122/2334
f 4153/4097/2335 4152/4094/2335 4167/4121/2335 4168/4123/2335
f 4146/4098/2336 4145/4096/2336 4160/4122/2336 4161/4124/2336
f 4154/4099/2337 4153/4097/2337 4168/4123/2337 4169/4125/2337
f 4147/4100/2338 4146/4098/2338 4161/4124/2338 4162/4126/2338
f 4155/4101/2339 4154/4099/2339 4169/4125/2339 4170/4110/2339
f 4148/4102/2340 4147/4100/2340 4162/4126/2340 4163/4112/2340
f 4160/4122/2341 4159/4119/2341 4174/4127/2341 4175/4128/2341
f 4168/4123/2342 4167/4121/2342 4182/4129/2342 4183/4130/2342
f 4161/4124/2343 4160/4122/2343 4175/4128/2343 4176/4131/2343
f 4169/4125/2344 4168/4123/2344 4183/4130/2344 4184/4132/2344
f 4162/4126/2345 4161/4124/2345 4176/4131/2345 4177/4133/2345
f 4170/4110/2346 4169/4125/2346 4184/4132/2346 4185/4134/2346
f 4163/4112/2347 4162/4126/2347 4177/4133/2347 4178/4135/2347
f 4171/4111/2348 4170/4110/2348 4185/4134/2348 4186/4136/2348
f 4164/4113/2349 4163/4112/2349 4178/4135/2349 4179/4137/2349
f 4172/4114/2350 4171/4111/2350 4186/4136/2350 4187/4138/2350
f 4165/4115/2351 4164/4113/2351 4179/4137/2351 4180/4139/2351
f 4173/4116/2352 4172/4114/2352 4187/4138/2352 4188/4140/2352
f 4166/4117/2353 4165/4115/2353 4180/4139/2353 4181/4141/2353
f 4159/4119/2354 3851/4142/2354 4174/4127/2354
f 3858/4143/2355 4173/4116/2355 4188/4140/2355
f 4167/4121/2356 4166/4117/2356 4181/4141/2356 4182/4129/2356
f 4179/4137/2357 4178/4135/2357 4193/4144/2357 4194/4145/2357
f 4187/4138/2358 4186/4136/2358 4201/4146/2358 4202/4147/2358
f 4180/4139/2359 4179/4137/2359 4194/4145/2359 4195/4148/2359
f 4188/4140/2360 4187/4138/2360 4202/4147/2360 4203/4149/2360
f 4181/4141/2361 4180/4139/2361 4195/4148/2361 4196/4150/2361
f 4174/4127/2362 3851/4151/2362 4189/4152/2362
f 3858/4153/2363 4188/4140/2363 4203/4149/2363
f 4182/4129/2364 4181/4141/2364 4196/4150/2364 4197/4154/2364
f 4175/4128/2365 4174/4127/2365 4189/4152/2365 4190/4155/2365
f 4183/4130/2366 4182/4129/2366 4197/4154/2366 4198/4156/2366
f 4176/4131/2367 4175/4128/2367 4190/4155/2367 4191/4157/2367
f 4184/4132/2368 4183/4130/2368 4198/4156/2368 4199/4158/2368
f 4177/4133/2369 4176/4131/2369 4191/4157/2369 4192/4159/2369
f 4185/4134/2370 4184/4132/2370 4199/4158/2370 4200/4160/2370
f 4178/4135/2371 4177/4133/2371 4192/4159/2371 4193/4144/2371
f 4186/4136/2372 4185/4134/2372 4200/4160/2372 4201/4146/2372
f 4198/4156/2373 4197/4154/2373 4212/4161/2373 4213/4162/2373
f 4191/4157/2374 4190/4155/2374 4205/4163/2374 4206/4164/2374
f 4199/4158/2375 4198/4156/2375 4213/4162/2375 4214/4165/2375
f 4192/4159/2376 4191/4157/2376 4206/4164/2376 4207/4166/2376
f 4200/4160/2377 4199/4158/2377 4214/4165/2377 4215/4167/2377
f 4193/4144/2378 4192/4159/2378 4207/4166/2378 4208/4168/2378
f 4201/4146/2379 4200/4160/2379 4215/4167/2379 4216/4169/2379
f 4194/4145/2380 4193/4144/2380 4208/4168/2380 4209/4170/2380
f 4202/4147/2381 4201/4146/2381 4216/4169/2381 4217/4171/2381
f 4195/4148/2382 4194/4145/2382 4209/4170/2382 4210/4172/2382
f 4203/4149/2383 4202/4147/2383 4217/4171/2383 4218/4173/2383
f 4196/4150/2384 4195/4148/2384 4210/4172/2384 4211/4174/2384
f 4189/4152/2385 3851/4175/2385 4204/4176/2385
f 3858/4177/2386 4203/4149/2386 4218/4173/2386
f 4197/4154/2387 4196/4150/2387 4211/4174/2387 4212/4161/2387
f 4190/4155/2388 4189/4152/2388 4204/4176/2388 4205/4163/2388
f 4217/4178/2389 4216/4179/2389 4231/4180/2389 4232/4181/2389
f 4210/4182/2390 4209/4183/2390 4224/4184/2390 4225/4185/2390
f 4218/4186/2391 4217/4178/2391 4232/4181/2391 4233/4187/2391
f 4211/4188/2392 4210/4182/2392 4225/4185/2392 4226/4189/2392
f 4204/4190/2393 3851/4191/2393 4219/4192/2393
f 3858/4193/2394 4218/4186/2394 4233/4187/2394
f 4212/4194/2395 4211/4188/2395 4226/4189/2395 4227/4195/2395
f 4205/4196/2396 4204/4190/2396 4219/4192/2396 4220/4197/2396
f 4213/4198/2397 4212/4194/2397 4227/4195/2397 4228/4199/2397
f 4206/4200/2398 4205/4196/2398 4220/4197/2398 4221/4201/2398
f 4214/4202/2399 4213/4198/2399 4228/4199/2399 4229/4203/2399
f 4207/4204/2400 4206/4200/2400 4221/4201/2400 4222/4205/2400
f 4215/4206/2401 4214/4202/2401 4229/4203/2401 4230/4207/2401
f 4208/4208/2402 4207/4204/2402 4222/4205/2402 4223/4209/2402
f 4216/4179/2403 4215/4206/2403 4230/4207/2403 4231/4180/2403
f 4209/4183/2404 4208/4208/2404 4223/4209/2404 4224/4184/2404
f 4229/4203/2405 4228/4199/2405 4243/4210/2405 4244/4211/2405
f 4222/4205/2406 4221/4201/2406 4236/4212/2406 4237/4213/2406
f 4230/4207/2407 4229/4203/2407 4244/4211/2407 4245/4214/2407
f 4223/4209/2408 4222/4205/2408 4237/4213/2408 4238/4215/2408
f 4231/4180/2409 4230/4207/2409 4245/4214/2409 4246/4216/2409
f 4224/4184/2410 4223/4209/2410 4238/4215/2410 4239/4217/2410
f 4232/4181/2411 4231/4180/2411 4246/4216/2411 4247/4218/2411
f 4225/4185/2412 4224/4184/2412 4239/4217/2412 4240/4219/2412
f 4233/4187/2413 4232/4181/2413 4247/4218/2413 4248/4220/2413
f 4226/4189/2414 4225/4185/2414 4240/4219/2414 4241/4221/2414
f 4219/4192/2415 3851/4222/2415 4234/4223/2415
f 3858/4224/2416 4233/4187/2416 4248/4220/2416
f 4227/4195/2417 4226/4189/2417 4241/4221/2417 4242/4225/2417
f 4220/4197/2418 4219/4192/2418 4234/4223/2418 4235/4226/2418
f 4228/4199/2419 4227/4195/2419 4242/4225/2419 4243/4210/2419
f 4221/4201/2420 4220/4197/2420 4235/4226/2420 4236/4212/2420
f 4248/4220/2421 4247/4218/2421 4262/4227/2421 4263/4228/2421
f 4241/4221/2422 4240/4219/2422 4255/4229/2422 4256/4230/2422
f 4234/4223/2423 3851/4231/2423 4249/4232/2423
f 3858/4233/2424 4248/4220/2424 4263/4228/2424
f 4242/4225/2425 4241/4221/2425 4256/4230/2425 4257/4234/2425
f 4235/4226/2426 4234/4223/2426 4249/4232/2426 4250/4235/2426
f 4243/4210/2427 4242/4225/2427 4257/4234/2427 4258/4236/2427
f 4236/4212/2428 4235/4226/2428 4250/4235/2428 4251/4237/2428
f 4244/4211/2429 4243/4210/2429 4258/4236/2429 4259/4238/2429
f 4237/4213/2430 4236/4212/2430 4251/4237/2430 4252/4239/2430
f 4245/4214/2431 4244/4211/2431 4259/4238/2431 4260/4240/2431
f 4238/4215/2432 4237/4213/2432 4252/4239/2432 4253/4241/2432
f 4246/4216/2433 4245/4214/2433 4260/4240/2433 4261/4242/2433
f 4239/4217/2434 4238/4215/2434 4253/4241/2434 4254/4243/2434
f 4247/4218/2435 4246/4216/2435 4261/4242/2435 4262/4227/2435
f 4240/4219/2436 4239/4217/2436 4254/4243/2436 4255/4229/2436
f 4252/4239/2437 4251/4237/2437 4266/4244/2437 4267/4245/2437
f 4260/4240/2438 4259/4238/2438 4274/4246/2438 4275/4247/2438
f 4253/4241/2439 4252/4239/2439 4267/4245/2439 4268/4248/2439
f 4261/4242/2440 4260/4240/2440 4275/4247/2440 4276/4249/2440
f 4254/4243/2441 4253/4241/2441 4268/4248/2441 4269/4250/2441
f 4262/4227/2442 4261/4242/2442 4276/4249/2442 4277/4251/2442
f 4255/4229/2443 4254/4243/2443 4269/4250/2443 4270/4252/2443
f 4263/4228/2444 4262/4227/2444 4277/4251/2444 4278/4253/2444
f 4256/4230/2445 4255/4229/2445 4270/4252/2445 4271/4254/2445
f 4249/4232/2446 3851/4255/2446 4264/4256/2446
f 3858/4257/2447 4263/4228/2447 4278/4253/2447
f 4257/4234/2448 4256/4230/2448 4271/4254/2448 4272/4258/2448
f 4250/4235/2449 4249/4232/2449 4264/4256/2449 4265/4259/2449
f 4258/4236/2450 4257/4234/2450 4272/4258/2450 4273/4260/2450
f 4251/4237/2451 4250/4235/2451 4265/4259/2451 4266/4244/2451
f 4259/4238/2452 4258/4236/2452 4273/4260/2452 4274/4246/2452
f 4271/4254/2453 4270/4252/2453 4285/4261/2453 4286/4262/2453
f 4264/4256/2454 3851/4263/2454 4279/4264/2454
f 3858/4265/2455 4278/4253/2455 4293/4266/2455
f 4272/4258/2456 4271/4254/2456 4286/4262/2456 4287/4267/2456
f 4265/4259/2457 4264/4256/2457 4279/4264/2457 4280/4268/2457
f 4273/4260/2458 4272/4258/2458 4287/4267/2458 4288/4269/2458
f 4266/4244/2459 4265/4259/2459 4280/4268/2459 4281/4270/2459
f 4274/4246/2460 4273/4260/2460 4288/4269/2460 4289/4271/2460
f 4267/4245/2461 4266/4244/2461 4281/4270/2461 4282/4272/2461
f 4275/4247/2462 4274/4246/2462 4289/4271/2462 4290/4273/2462
f 4268/4248/2463 4267/4245/2463 4282/4272/2463 4283/4274/2463
f 4276/4249/2464 4275/4247/2464 4290/4273/2464 4291/4275/2464
f 4269/4250/2465 4268/4248/2465 4283/4274/2465 4284/4276/2465
f 4277/4251/2466 4276/4249/2466 4291/4275/2466 4292/4277/2466
f 4270/4252/2467 4269/4250/2467 4284/4276/2467 4285/4261/2467
f 4278/4253/2468 4277/4251/2468 4292/4277/2468 4293/4266/2468
f 4290/4273/2469 4289/4271/2469 4304/4278/2469 4305/4279/2469
f 4283/4274/2470 4282/4272/2470 4297/4280/2470 4298/4281/2470
f 4291/4275/2471 4290/4273/2471 4305/4279/2471 4306/4282/2471
f 4284/4276/2472 4283/4274/2472 4298/4281/2472 4299/4283/2472
f 4292/4277/2473 4291/4275/2473 4306/4282/2473 4307/4284/2473
f 4285/4261/2474 4284/4276/2474 4299/4283/2474 4300/4285/2474
f 4293/4266/2475 4292/4277/2475 4307/4284/2475 4308/4286/2475
f 4286/4262/2476 4285/4261/2476 4300/4285/2476 4301/4287/2476
f 4279/4264/2477 3851/4288/2477 4294/4289/2477
f 3858/4290/2478 4293/4266/2478 4308/4286/2478
f 4287/4267/2479 4286/4262/2479 4301/4287/2479 4302/4291/2479
f 4280/4268/2480 4279/4264/2480 4294/4289/2480 4295/4292/2480
f 4288/4269/2481 4287/4267/2481 4302/4291/2481 4303/4293/2481
f 4281/4270/2482 4280/4268/2482 4295/4292/2482 4296/4294/2482
f 4289/4271/2483 4288/4269/2483 4303/4293/2483 4304/4278/2483
f 4282/4272/2484 4281/4270/2484 4296/4294/2484 4297/4280/2484
f 4294/4289/2485 3851/4295/2485 4309/4296/2485
f 3858/4297/2486 4308/4286/2486 4323/4298/2486
f 4302/4291/2487 4301/4287/2487 4316/4299/2487 4317/4300/2487
f 4295/4292/2488 4294/4289/2488 4309/4296/2488 4310/4301/2488
f 4303/4293/2489 4302/4291/2489 4317/4300/2489 4318/4302/2489
f 4296/4294/2490 4295/4292/2490 4310/4301/2490 4311/4303/2490
f 4304/4278/2491 4303/4293/2491 4318/4302/2491 4319/4304/2491
f 4297/4280/2492 4296/4294/2492 4311/4303/2492 4312/4305/2492
f 4305/4279/2493 4304/4278/2493 4319/4304/2493 4320/4306/2493
f 4298/4281/2494 4297/4280/2494 4312/4305/2494 4313/4307/2494
f 4306/4282/2495 4305/4279/2495 4320/4306/2495 4321/4308/2495
f 4299/4283/2496 4298/4281/2496 4313/4307/2496 4314/4309/2496
f 4307/4284/2497 4306/4282/2497 4321/4308/2497 4322/4310/2497
f 4300/4285/2498 4299/4283/2498 4314/4309/2498 4315/4311/2498
f 4308/4286/2499 4307/4284/2499 4322/4310/2499 4323/4298/2499
f 4301/4287/2500 4300/4285/2500 4315/4311/2500 4316/4299/2500
f 4313/4307/2501 4312/4305/2501 4326/3760/2501 3853/3759/2501
f 4321/4308/2502 4320/4306/2502 4329/3755/2502 4330/3763/2502
f 4314/4309/2503 4313/4307/2503 3853/3759/2503 4327/3765/2503
f 4322/4310/2504 4321/4308/2504 4330/3763/2504 4331/3767/2504
f 4315/4311/2505 4314/4309/2505 4327/3765/2505 3854/3769/2505
f 4323/4298/2506 4322/4310/2506 4331/3767/2506 4332/3771/2506
f 4316/4299/2507 4315/4311/2507 3854/3769/2507 3855/3773/2507
f 4309/4296/2508 3851/4312/2508 4324/3775/2508
f 3858/4313/2509 4323/4298/2509 4332/3771/2509
f 4317/4300/2510 4316/4299/2510 3855/3773/2510 3856/3779/2510
f 4310/4301/2511 4309/4296/2511 4324/3775/2511 4325/3781/2511
f 4318/4302/2512 4317/4300/2512 3856/3779/2512 4328/3783/2512
f 4311/4303/2513 4310/4301/2513 4325/3781/2513 3852/3785/2513
f 4319/4304/2514 4318/4302/2514 4328/3783/2514 3857/3756/2514
f 4312/4305/2515 4311/4303/2515 3852/3785/2515 4326/3760/2515
f 4320/4306/2516 4319/4304/2516 3857/3756/2516 4329/3755/2516
o Plane
v -0.664466 0.786427 -0.000000
v -0.237478 0.700587 -0.000000
v -0.664466 0.742981 -0.000000
v -0.237478 0.679292 -0.000000
v 0.634560 0.786427 -0.000000
v 0.207572 0.700587 -0.000000
v 0.634560 0.742981 -0.000000
v 0.207572 0.679292 -0.000000
vn -0.0000 -0.0000 -1.0000
vt 0.000000 0.000000
vt 1.000000 0.000000
vt 1.000000 1.000000
vt 0.000000 1.000000
s 0
usemtl Material.002
f 4333/4314/2517 4334/4315/2517 4336/4316/2517 4335/4317/2517
f 4337/4314/2517 4339/4317/2517 4340/4316/2517 4338/4315/2517
